Journal Title,ISSN,Unformatted ISSN,Product ID,Status,Change History,FC2023,FC2024,FC2025,FC2026,Short Cut URL
Academic Pediatrics,1876-2859,18762859,7802,Active,Formerly known as Ambulatory Pediatrics,Included,Included,Included,Included,https://www.sciencedirect.com/science/journal/18762859
ACC Current Journal Review,1062-1458,10621458,7611,Discontinued,Title no longer available in electronic format as of 2006,Included,Included,Included,Included,https://www.sciencedirect.com/science/journal/10621458
Accident Analysis & Prevention,0001-4575,14575,336,Active,,Included,Included,Included,Included,https://www.sciencedirect.com/science/journal/00014575
Accident and Emergency Nursing,0965-2302,9652302,12738,Changed Name,Continued as International Emergency Nursing,Included,Included,Included,Included,https://www.sciencedirect.com/science/journal/09652302
Accounting Forum,0155-9982,1559982,4069,Transferred,Title transferred to Taylor & Francis as of 2019,Included,Included,Included,Included,https://www.sciencedirect.com/science/journal/01559982
"Accounting, Management and Information Technologies",0959-8022,9598022,964,Changed Name,Continued as Information and Organization,Included,Included,Included,Included,https://www.sciencedirect.com/science/journal/09598022
"Accounting, Organizations and Society",0361-3682,3613682,486,Active,,Included,Included,Included,Included,https://www.sciencedirect.com/science/journal/03613682
Acta Astronautica,0094-5765,945765,310,Active,,Included,Included,Included,Included,https://www.sciencedirect.com/science/journal/00945765
Acta Biomaterialia,1742-7061,17427061,4067,Active,,Included,Included,Included,Included,https://www.sciencedirect.com/science/journal/17427061
Acta Genetica Sinica,0379-4172,3794172,5600,Changed Name,Continued as Journal of Genetics and Genomics,Included,Included,Included,Included,https://www.sciencedirect.com/science/journal/03794172
Acta Histochemica,0065-1281,651281,10000,Active,,Included,Included,Included,Included,https://www.sciencedirect.com/science/journal/00651281
Acta Materialia,1359-6454,13596454,221,Active,Formerly part of Acta Metallurgica et Materialia; Incorporating Nanostructured Materials,Included,Included,Included,Included,https://www.sciencedirect.com/science/journal/13596454
Acta Mathematica Scientia,0252-9602,2529602,5601,Transferred,Transferred to Springer as of 2019,Included,Included,Included,Included,https://www.sciencedirect.com/science/journal/02529602
Acta Mechanica Solida Sinica,0894-9166,8949166,5618,Transferred,Transferred back to the society as of 2018,Included,Included,Included,Included,https://www.sciencedirect.com/science/journal/08949166
Acta Metallurgica et Materialia,0956-7151,9567151,221,Changed Name,Formerly known as Acta Metallurgica; Continued as Acta Materialia,Included,Included,Included,Included,https://www.sciencedirect.com/science/journal/09567151
Acta Oecologica,1146-609X,1146609X,9000,Active,,Included,Included,Included,Included,https://www.sciencedirect.com/science/journal/1146609X
Acta Otorrinolaringologica (English Edition),2173-5735,21735735,15795,Active,,Included,Included,Included,Included,https://www.sciencedirect.com/science/journal/21735735
Acta Psychologica,0001-6918,16918,5251,Active,,Included,Included,Included,Included,https://www.sciencedirect.com/science/journal/00016918
Acta Tropica,0001-706X,0001706X,5083,Active,,Included,Included,Included,Included,https://www.sciencedirect.com/science/journal/0001706X
Actas Dermo-Sifiliográficas (English Edition),1578-2190,15782190,15717,Incorporated,Incorporated to Actas Dermo Sifiliograficas,Included,Included,Included,Included,https://www.sciencedirect.com/science/journal/15782190
Actas Urológicas Españolas (English Edition),2173-5786,21735786,15794,Active,,Included,Included,Included,Included,https://www.sciencedirect.com/science/journal/21735786
Actualités Pharmaceutiques,0515-3700,5153700,9076,Active,,Included,Included,Included,Included,https://www.sciencedirect.com/science/journal/05153700
Actualités Pharmaceutiques Hospitalières,1769-7344,17697344,9355,Discontinued,Title discontinued as of 2013,Included,Included,Included,Included,https://www.sciencedirect.com/science/journal/17697344
Acute Pain,1366-0071,13660071,5476,Discontinued,Title discontinued as of 2010,Included,Included,Included,Included,https://www.sciencedirect.com/science/journal/13660071
Ad Hoc Networks,1570-8705,15708705,5481,Active,,Included,Included,Included,Included,https://www.sciencedirect.com/science/journal/15708705
Addictive Behaviors,0306-4603,3064603,471,Active,,Included,Included,Included,Included,https://www.sciencedirect.com/science/journal/03064603
Additive Manufacturing,2214-8604,22148604,17059,Active,,Included,Included,Included,Included,https://www.sciencedirect.com/science/journal/22148604
Advanced Cement Based Materials,1065-7355,10657355,352,Incorporated,Incorporated into Cement and Concrete Research,Included,Included,Included,Included,https://www.sciencedirect.com/science/journal/10657355
Advanced Drug Delivery Reviews,0169-409X,0169409X,5000,Active,,Included,Included,Included,Included,https://www.sciencedirect.com/science/journal/0169409X
Advanced Engineering Informatics,1474-0346,14740346,2007,Active,Formerly known as Artificial Intelligence in Engineering,Included,Included,Included,Included,https://www.sciencedirect.com/science/journal/14740346
Advanced Powder Technology,0921-8831,9218831,8668,Active,,Included,Included,Included,Included,https://www.sciencedirect.com/science/journal/09218831
Advances in Accounting,0882-6110,8826110,5609,Active,Incorporating Advances in International Accounting,Included,Included,Included,Included,https://www.sciencedirect.com/science/journal/08826110
Advances in Anesthesia,0737-6146,7376146,13139,Active,,Included,Included,Included,Included,https://www.sciencedirect.com/science/journal/07376146
Advances in Applied Mathematics,0196-8858,1968858,12001,Active,,Included,Included,Included,Included,https://www.sciencedirect.com/science/journal/01968858
Advances in Biological Regulation,2212-4926,22124926,427,Active,Formerly known as Advances in Enzyme Regulation,Included,Included,Included,Included,https://www.sciencedirect.com/science/journal/22124926
Advances in Clinical Radiology,2589-8701,25898701,18931,Active,,Included,Included,Included,Included,https://www.sciencedirect.com/science/journal/25898701
Advances in Colloid and Interface Science,0001-8686,18686,5136,Active,,Included,Included,Included,Included,https://www.sciencedirect.com/science/journal/00018686
Advances in Cosmetic Surgery,2542-4327,25424327,18920,Active,,Included,Included,Included,Included,https://www.sciencedirect.com/science/journal/25424327
Advances in Engineering Software,0965-9978,9659978,2000,Active,Formerly known as Advances in Engineering Software and Workstations; Incorporating Computing Systems in Engineering,Included,Included,Included,Included,https://www.sciencedirect.com/science/journal/09659978
Advances in Environmental Research,1093-0191,10930191,12642,Incorporated,Incorporated into Journal of Environmental Management,Included,Included,Included,Included,https://www.sciencedirect.com/science/journal/10930191
Advances in Enzyme Regulation,0065-2571,652571,427,Changed Name,Continued as Advances in Biological Regulation,Included,Included,Included,Included,https://www.sciencedirect.com/science/journal/00652571
Advances in Family Practice Nursing,2589-420X,2589420X,18928,Active,,Included,Included,Included,Included,https://www.sciencedirect.com/science/journal/2589420X
Advances in Integrative Medicine,2212-9588,22129588,10154,Active,,Included,Included,Included,Included,https://www.sciencedirect.com/science/journal/22129588
Advances in International Accounting,0897-3660,8973660,5609,Incorporated,Incorporated into Advances in Accounting,Included,Included,Included,Included,https://www.sciencedirect.com/science/journal/08973660
Advances in Life Course Research,1569-4909,15694909,5617,Active,,Included,Included,Included,Included,https://www.sciencedirect.com/science/journal/15694909
Advances in Mathematics,0001-8708,18708,12005,Active,,Included,Included,Included,Included,https://www.sciencedirect.com/science/journal/00018708
Advances in Medical Sciences,1896-1126,18961126,11016,Active,,Included,Included,Included,Included,https://www.sciencedirect.com/science/journal/18961126
Advances in Molecular Pathology,2589-4080,25894080,18924,Active,,Included,Included,Included,Included,https://www.sciencedirect.com/science/journal/25894080
Advances in Neuroimmunology,0960-5428,9605428,5060,Incorporated,Incorporated into Journal of Neuroimmunology,Included,Included,Included,Included,https://www.sciencedirect.com/science/journal/09605428
Advances in Oncology,2666-853X,2666853X,30451,Active,,Included,Included,Included,Included,https://www.sciencedirect.com/science/journal/2666853X
Advances in Ophthalmology and Optometry,2452-1760,24521760,18867,Active,,Included,Included,Included,Included,https://www.sciencedirect.com/science/journal/24521760
Advances in Pediatrics,0065-3101,653101,13279,Active,,Included,Included,Included,Included,https://www.sciencedirect.com/science/journal/00653101
Advances in Psychiatry and Behavioral Health,2667-3827,26673827,31185,Active,,Included,Included,Included,Included,https://www.sciencedirect.com/science/journal/26673827
Advances in Small Animal Care,2666-450X,2666450X,30319,Active,,Included,Included,Included,Included,https://www.sciencedirect.com/science/journal/2666450X
Advances in Small Animal Medicine and Surgery,1041-7826,10417826,13001,Discontinued,Title discontinued as of 2021,Included,Included,Included,Included,https://www.sciencedirect.com/science/journal/10417826
Advances in Space Research,0273-1177,2731177,644,Active,,Included,Included,Included,Included,https://www.sciencedirect.com/science/journal/02731177
Advances in Surgery,0065-3411,653411,13142,Active,,Included,Included,Included,Included,https://www.sciencedirect.com/science/journal/00653411
Advances in Water Resources,0309-1708,3091708,2001,Active,,Included,Included,Included,Included,https://www.sciencedirect.com/science/journal/03091708
Aeolian Research,1875-9637,18759637,8639,Active,,Included,Included,Included,Included,https://www.sciencedirect.com/science/journal/18759637
Aerospace Science and Technology,1270-9638,12709638,9001,Active,,Included,Included,Included,Included,https://www.sciencedirect.com/science/journal/12709638
AEU - International Journal of Electronics and Communications,1434-8411,14348411,10029,Active,,Included,Included,Included,Included,https://www.sciencedirect.com/science/journal/14348411
African Transport Studies,2950-1962,29501962,31658,Active,,,Included,Included,Included,https://www.sciencedirect.com/science/journal/29501962
Ageing Research Reviews,1568-1637,15681637,5464,Active,,Included,Included,Included,Included,https://www.sciencedirect.com/science/journal/15681637
Aggression and Violent Behavior,1359-1789,13591789,1001,Active,,Included,Included,Included,Included,https://www.sciencedirect.com/science/journal/13591789
Agricultural and Forest Meteorology,0168-1923,1681923,5320,Active,Formerly known as Agricultural Meteorology,Included,Included,Included,Included,https://www.sciencedirect.com/science/journal/01681923
Agricultural Sciences in China,1671-2927,16712927,8568,Changed Name,Continued as Journal of Integrative Agriculture,Included,Included,Included,Included,https://www.sciencedirect.com/science/journal/16712927
Agricultural Systems,0308-521X,0308521X,2002,Active,,Included,Included,Included,Included,https://www.sciencedirect.com/science/journal/0308521X
Agricultural Water Management,0378-3774,3783774,5085,Active,,Included,Included,Included,Included,https://www.sciencedirect.com/science/journal/03783774
"Agriculture, Ecosystems & Environment",0167-8809,1678809,5086,Active,Incorporating Agriculture and Environment and Agro-Ecosystems,Included,Included,Included,Included,https://www.sciencedirect.com/science/journal/01678809
Air Medical Journal,1067-991X,1067991X,13163,Active,Formerly known as Journal of Air Medical Transport,Included,Included,Included,Included,https://www.sciencedirect.com/science/journal/1067991X
Air & Space Europe,1290-0958,12900958,80145,Discontinued,Title discontinued as of 2002,Included,Included,Included,Included,https://www.sciencedirect.com/science/journal/12900958
Aircraft Design,1369-8869,13698869,1024,Discontinued,Title discontinued as of 2002,Included,Included,Included,Included,https://www.sciencedirect.com/science/journal/13698869
AJO-DO Clinical Companion,2666-4305,26664305,30322,Active,,Included,Included,Included,Included,https://www.sciencedirect.com/science/journal/26664305
Alcohol,0741-8329,7418329,7500,Active,,Included,Included,Included,Included,https://www.sciencedirect.com/science/journal/07418329
Algal Research,2211-9264,22119264,8794,Active,,Included,Included,Included,Included,https://www.sciencedirect.com/science/journal/22119264
Ambulatory Pediatrics,1530-1567,15301567,7802,Changed Name,Continued as Academic Pediatrics,Included,Included,Included,Included,https://www.sciencedirect.com/science/journal/15301567
American Heart Journal,0002-8703,28703,13240,Active,,Included,Included,Included,Included,https://www.sciencedirect.com/science/journal/00028703
The American Journal of Cardiology,0002-9149,29149,7586,Active,,Included,Included,Included,Included,https://www.sciencedirect.com/science/journal/00029149
The American Journal of Emergency Medicine,0735-6757,7356757,13226,Active,,Included,Included,Included,Included,https://www.sciencedirect.com/science/journal/07356757
American Journal of Infection Control,0196-6553,1966553,13170,Active,,Included,Included,Included,Included,https://www.sciencedirect.com/science/journal/01966553
American Journal of Obstetrics and Gynecology,0002-9378,29378,13246,Active,,Included,Included,Included,Included,https://www.sciencedirect.com/science/journal/00029378
American Journal of Obstetrics & Gynecology MFM,2589-9333,25899333,18938,Active,,Included,Included,Included,Included,https://www.sciencedirect.com/science/journal/25899333
American Journal of Ophthalmology,0002-9394,29394,7582,Active,,Included,Included,Included,Included,https://www.sciencedirect.com/science/journal/00029394
American Journal of Orthodontics and Dentofacial Orthopedics,0889-5406,8895406,13027,Active,Formerly known as American Journal of Orthodontics,Included,Included,Included,Included,https://www.sciencedirect.com/science/journal/08895406
American Journal of Otolaryngology,0196-0709,1960709,13046,Active,,Included,Included,Included,Included,https://www.sciencedirect.com/science/journal/01960709
American Journal of Pharmaceutical Education,0002-9459,29459,31607,Active,,Included,Included,Included,Included,https://www.sciencedirect.com/science/journal/00029459
American Journal of Preventive Medicine,0749-3797,7493797,7689,Active,,Included,Included,Included,Included,https://www.sciencedirect.com/science/journal/07493797
The American Journal of Surgery,0002-9610,29610,7588,Active,,Included,Included,Included,Included,https://www.sciencedirect.com/science/journal/00029610
Anaerobe,1075-9964,10759964,12695,Active,,Included,Included,Included,Included,https://www.sciencedirect.com/science/journal/10759964
Anaesthesia Critical Care & Pain Medicine,2352-5568,23525568,9011,Active,Formerly known as Annales Françaises d'Anesthésie et de Réanimation,Included,Included,Included,Included,https://www.sciencedirect.com/science/journal/23525568
Anaesthesia & Intensive Care Medicine,1472-0299,14720299,4263,Active,,Included,Included,Included,Included,https://www.sciencedirect.com/science/journal/14720299
Analytic Methods in Accident Research,2213-6657,22136657,10159,Active,,Included,Included,Included,Included,https://www.sciencedirect.com/science/journal/22136657
Analytica Chimica Acta,0003-2670,32670,5137,Active,,Included,Included,Included,Included,https://www.sciencedirect.com/science/journal/00032670
Analytical Biochemistry,0003-2697,32697,12002,Active,,Included,Included,Included,Included,https://www.sciencedirect.com/science/journal/00032697
Anesthesia History Association Newsletter,1089-9634,10899634,18791,Changed Name,Continued as Bulletin of Anesthesia History,Included,Included,Included,Included,https://www.sciencedirect.com/science/journal/10899634
Animal Behaviour,0003-3472,33472,12602,Active,Formerly known as The British Journal of Animal Behaviour; Incorporating Animal Behaviour Monographs,Included,Included,Included,Included,https://www.sciencedirect.com/science/journal/00033472
Animal Feed Science and Technology,0377-8401,3778401,5088,Active,,Included,Included,Included,Included,https://www.sciencedirect.com/science/journal/03778401
Animal Gene,2352-4065,23524065,18859,Discontinued,Discontinued as of 2024,Included,Included,Included,Included,https://www.sciencedirect.com/science/journal/23524065
Animal Reproduction Science,0378-4320,3784320,5089,Active,,Included,Included,Included,Included,https://www.sciencedirect.com/science/journal/03784320
Annales de Cardiologie et d'Angéiologie,0003-3928,33928,9082,Active,,Included,Included,Included,Included,https://www.sciencedirect.com/science/journal/00033928
Annales de Chirurgie de la Main et du Membre Supérieur,1153-2424,11532424,9088,Changed Name,Formerly known as Annales de Chirurgie de la Main; Continued as Chirurgie de la Main,Included,Included,Included,Included,https://www.sciencedirect.com/science/journal/11532424
Annales de Chirurgie Plastique Esthétique,0294-1260,2941260,9084,Active,,Included,Included,Included,Included,https://www.sciencedirect.com/science/journal/02941260
Annales de Dermatologie et de Vénéréologie,0151-9638,1519638,15170,Active,,Included,Included,Included,Included,https://www.sciencedirect.com/science/journal/01519638
Annales d'Endocrinologie,0003-4266,34266,15180,Active,,Included,Included,Included,Included,https://www.sciencedirect.com/science/journal/00034266
Annales Françaises d'Anesthésie et de Réanimation,0750-7658,7507658,9011,Changed Name,Continued as Anaesthesia Critical Care & Pain Medicine,Included,Included,Included,Included,https://www.sciencedirect.com/science/journal/07507658
Annales de Génétique,0003-3995,33995,9081,Changed Name,Continued as European Journal of Medical Genetics,Included,Included,Included,Included,https://www.sciencedirect.com/science/journal/00033995
Annales de l'Institut Pasteur / Actualités,0924-4204,9244204,80002,Discontinued,Journal published as Book Series as of 2003. Journal coverage ends with Volume 12,Included,Included,Included,Included,https://www.sciencedirect.com/science/journal/09244204
"Annales Médico-psychologiques, revue psychiatrique",0003-4487,34487,9107,Active,,Included,Included,Included,Included,https://www.sciencedirect.com/science/journal/00034487
Annales de Paléontologie,0753-3969,7533969,9008,Active,,Included,Included,Included,Included,https://www.sciencedirect.com/science/journal/07533969
Annales des Ponts et Chaussées,0152-9668,1529668,9078,Discontinued,Title discontinued as of 2003,Included,Included,Included,Included,https://www.sciencedirect.com/science/journal/01529668
Annales de Réadaptation et de Médecine Physique,0168-6054,1686054,9009,Changed Name,Continued as Annals of Physical and Rehabilitation Medicine,Included,Included,Included,Included,https://www.sciencedirect.com/science/journal/01686054
Annales des Sciences Naturelles - Zoologie et Biologie Animale,0003-4339,34339,9010,Discontinued,Title discontinued as of 2001,Included,Included,Included,Included,https://www.sciencedirect.com/science/journal/00034339
Annales d'Urologie,0003-4401,34401,9086,Discontinued,Title discontinued as of 2008,Included,Included,Included,Included,https://www.sciencedirect.com/science/journal/00034401
Annals of Anatomy - Anatomischer Anzeiger,0940-9602,9409602,10030,Active,,Included,Included,Included,Included,https://www.sciencedirect.com/science/journal/09409602
Annals of Diagnostic Pathology,1092-9134,10929134,13057,Active,,Included,Included,Included,Included,https://www.sciencedirect.com/science/journal/10929134
Annals of Emergency Medicine,0196-0644,1960644,13239,Active,Formerly known as Journal of the American College of Emergency Physicians,Included,Included,Included,Included,https://www.sciencedirect.com/science/journal/01960644
Annals of Epidemiology,1047-2797,10472797,7601,Active,,Included,Included,Included,Included,https://www.sciencedirect.com/science/journal/10472797
Annals of Nuclear Energy,0306-4549,3064549,217,Active,Formerly known as Annals of Nuclear Science and Engineering,Included,Included,Included,Included,https://www.sciencedirect.com/science/journal/03064549
Annals of Physical and Rehabilitation Medicine,1877-0657,18770657,9009,Active,Formerly known as Annales de Réadaptation et de Médicine Physique,Included,Included,Included,Included,https://www.sciencedirect.com/science/journal/18770657
Annals of Physics,0003-4916,34916,12006,Active,,Included,Included,Included,Included,https://www.sciencedirect.com/science/journal/00034916
Annals of Pure and Applied Logic,0168-0072,1680072,5253,Active,Formerly known as Annals of Mathematical Logic,Included,Included,Included,Included,https://www.sciencedirect.com/science/journal/01680072
Annals of Tourism Research,0160-7383,1607383,689,Active,,Included,Included,Included,Included,https://www.sciencedirect.com/science/journal/01607383
L'Année Biologique,0003-5017,35017,9044,Discontinued,Title discontinued as of 2001,Included,Included,Included,Included,https://www.sciencedirect.com/science/journal/00035017
Annual Review of Fish Diseases,0959-8030,9598030,5092,Incorporated,Incorporated into Aquaculture,Included,Included,Included,Included,https://www.sciencedirect.com/science/journal/09598030
Annual Reviews in Control,1367-5788,13675788,429,Active,Formerly known as Annual Review in Automatic Programming,Included,Included,Included,Included,https://www.sciencedirect.com/science/journal/13675788
Anthropocene,2213-3054,22133054,10148,Active,,Included,Included,Included,Included,https://www.sciencedirect.com/science/journal/22133054
L'Anthropologie,0003-5521,35521,9087,Active,,Included,Included,Included,Included,https://www.sciencedirect.com/science/journal/00035521
Antimicrobics and Infectious Diseases Newsletter,1069-417X,1069417X,7666,Discontinued,Incorporating Antimicrobic Newsletter and Infectious Diseases Newsletter; Title discontinued as of 2003,Included,Included,Included,Included,https://www.sciencedirect.com/science/journal/1069417X
Antiviral Research,0166-3542,1663542,5001,Active,,Included,Included,Included,Included,https://www.sciencedirect.com/science/journal/01663542
Appetite,0195-6663,1956663,12633,Active,,Included,Included,Included,Included,https://www.sciencedirect.com/science/journal/01956663
Applied Acoustics,0003-682X,0003682X,2003,Active,,Included,Included,Included,Included,https://www.sciencedirect.com/science/journal/0003682X
Applied Animal Behaviour Science,0168-1591,1681591,5090,Active,Formerly known as Applied Animal Ethology,Included,Included,Included,Included,https://www.sciencedirect.com/science/journal/01681591
Applied Behavioral Science Review,1068-8595,10688595,7401,Discontinued,Title discontinued as of 2000,Included,Included,Included,Included,https://www.sciencedirect.com/science/journal/10688595
Applied Catalysis A: General,0926-860X,0926860X,5139,Active,Formerly part of Applied Catalysis,Included,Included,Included,Included,https://www.sciencedirect.com/science/journal/0926860X
Applied Catalysis B: Environmental,0926-3373,9263373,5140,Active,Formerly part of Applied Catalysis,Included,Included,Included,Included,https://www.sciencedirect.com/science/journal/09263373
Applied Clay Science,0169-1317,1691317,5321,Active,,Included,Included,Included,Included,https://www.sciencedirect.com/science/journal/01691317
Applied and Computational Harmonic Analysis,1063-5203,10635203,12003,Active,,Included,Included,Included,Included,https://www.sciencedirect.com/science/journal/10635203
Applied Corpus Linguistics,2666-7991,26667991,30449,Active,,Included,Included,Included,Included,https://www.sciencedirect.com/science/journal/26667991
Applied Energy,0306-2619,3062619,2004,Active,,Included,Included,Included,Included,https://www.sciencedirect.com/science/journal/03062619
Applied Ergonomics,0003-6870,36870,3001,Active,,Included,Included,Included,Included,https://www.sciencedirect.com/science/journal/00036870
Applied Geochemistry,0883-2927,8832927,768,Active,,Included,Included,Included,Included,https://www.sciencedirect.com/science/journal/08832927
Applied Geography,0143-6228,1436228,3002,Active,,Included,Included,Included,Included,https://www.sciencedirect.com/science/journal/01436228
Applied Materials Today,2352-9407,23529407,18144,Active,,Included,Included,Included,Included,https://www.sciencedirect.com/science/journal/23529407
Applied Mathematical Modelling,0307-904X,0307904X,7604,Active,,Included,Included,Included,Included,https://www.sciencedirect.com/science/journal/0307904X
Applied Mathematics and Computation,0096-3003,963003,7612,Active,,Included,Included,Included,Included,https://www.sciencedirect.com/science/journal/00963003
Applied Mathematics Letters,0893-9659,8939659,843,Active,,Included,Included,Included,Included,https://www.sciencedirect.com/science/journal/08939659
Applied Numerical Mathematics,0168-9274,1689274,5254,Active,,Included,Included,Included,Included,https://www.sciencedirect.com/science/journal/01689274
Applied Nursing Research,0897-1897,8971897,13158,Active,,Included,Included,Included,Included,https://www.sciencedirect.com/science/journal/08971897
Applied Ocean Research,0141-1187,1411187,2005,Active,,Included,Included,Included,Included,https://www.sciencedirect.com/science/journal/01411187
Applied and Preventive Psychology,0962-1849,9621849,4060,Discontinued,Title discontinued as of 2013,Included,Included,Included,Included,https://www.sciencedirect.com/science/journal/09621849
Applied Radiation and Isotopes,0969-8043,9698043,228,Active,Formerly known as International Journal of Radiation Applications and Instrumentation. Part A. Applied Radiation and Isotopes,Included,Included,Included,Included,https://www.sciencedirect.com/science/journal/09698043
Applied Soft Computing,1568-4946,15684946,5434,Active,,Included,Included,Included,Included,https://www.sciencedirect.com/science/journal/15684946
Applied Soil Ecology,0929-1393,9291393,5091,Active,,Included,Included,Included,Included,https://www.sciencedirect.com/science/journal/09291393
Applied Studies in Innovative Learning and Teaching,3051-3243,30513243,32199,Forthcoming,,,,,Included,https://www.sciencedirect.com/science/journal/30513243
Applied Superconductivity,0964-1807,9641807,101,Discontinued,Title discontinued as of 2000,Included,Included,Included,Included,https://www.sciencedirect.com/science/journal/09641807
Applied Surface Science,0169-4332,1694332,5191,Active,Formerly known as Applications of Surface Science,Included,Included,Included,Included,https://www.sciencedirect.com/science/journal/01694332
Applied Thermal Engineering,1359-4311,13594311,630,Active,Formerly known as Heat Recovery Systems and CHP,Included,Included,Included,Included,https://www.sciencedirect.com/science/journal/13594311
Apunts. Medicina de l’Esport,1886-6581,18866581,15764,Changed Name,Continued as Apunts Sports Medicine,Included,Included,Included,Included,https://www.sciencedirect.com/science/journal/18866581
Apunts Sports Medicine,2666-5069,26665069,15764,Active,Formerly known as Apunts. Medicina de l’Esport,Included,Included,Included,Included,https://www.sciencedirect.com/science/journal/26665069
Aquacultural Engineering,0144-8609,1448609,2006,Active,,Included,Included,Included,Included,https://www.sciencedirect.com/science/journal/01448609
Aquaculture,0044-8486,448486,5092,Active,Incorporating Annual Review of Fish Diseases,Included,Included,Included,Included,https://www.sciencedirect.com/science/journal/00448486
Aquatic Botany,0304-3770,3043770,5093,Active,,Included,Included,Included,Included,https://www.sciencedirect.com/science/journal/03043770
Aquatic Toxicology,0166-445X,0166445X,5094,Active,,Included,Included,Included,Included,https://www.sciencedirect.com/science/journal/0166445X
Arab Journal of Gastroenterology,1687-1979,16871979,5622,Active,,Included,Included,Included,Included,https://www.sciencedirect.com/science/journal/16871979
Archaeological Research in Asia,2352-2267,23522267,18065,Active,,Included,Included,Included,Included,https://www.sciencedirect.com/science/journal/23522267
Archiv für Protistenkunde,0003-9365,39365,10035,Changed Name,Continued as Protist,Included,Included,Included,Included,https://www.sciencedirect.com/science/journal/00039365
Archives of Biochemistry and Biophysics,0003-9861,39861,12007,Active,,Included,Included,Included,Included,https://www.sciencedirect.com/science/journal/00039861
Archives of Cardiovascular Diseases,1875-2136,18752136,15568,Active,,Included,Included,Included,Included,https://www.sciencedirect.com/science/journal/18752136
Archives of Cardiovascular Diseases Supplements,1878-6480,18786480,15863,Active,,Included,Included,Included,Included,https://www.sciencedirect.com/science/journal/18786480
Archives of Gerontology and Geriatrics,0167-4943,1674943,8003,Active,,Included,Included,Included,Included,https://www.sciencedirect.com/science/journal/01674943
Archives of Medical Research,0188-4409,1884409,7608,Active,,Included,Included,Included,Included,https://www.sciencedirect.com/science/journal/01884409
Archives of Oral Biology,0003-9969,39969,203,Active,,Included,Included,Included,Included,https://www.sciencedirect.com/science/journal/00039969
Archives de Pédiatrie,0929-693X,0929693X,9014,Active,,Included,Included,Included,Included,https://www.sciencedirect.com/science/journal/0929693X
Archives of Psychiatric Nursing,0883-9417,8839417,13191,Active,,Included,Included,Included,Included,https://www.sciencedirect.com/science/journal/08839417
Archivos de Bronconeumología (English Edition),1579-2129,15792129,15701,Incorporated,Incorporated to Archivos Bronconeumologia,Included,Included,Included,Included,https://www.sciencedirect.com/science/journal/15792129
Archivos de la Sociedad Española de Oftalmología (English Edition),2173-5794,21735794,15797,Active,,Included,Included,Included,Included,https://www.sciencedirect.com/science/journal/21735794
Arthropod Structure & Development,1467-8039,14678039,356,Active,Formerly known as International Journal of Insect Morphology and Embryology,Included,Included,Included,Included,https://www.sciencedirect.com/science/journal/14678039
Artificial Intelligence,0004-3702,43702,5255,Active,,Included,Included,Included,Included,https://www.sciencedirect.com/science/journal/00043702
Artificial Intelligence in Engineering,0954-1810,9541810,2007,Changed Name,Continued as Advanced Engineering Informatics,Included,Included,Included,Included,https://www.sciencedirect.com/science/journal/09541810
Artificial Intelligence in Medicine,0933-3657,9333657,5095,Active,,Included,Included,Included,Included,https://www.sciencedirect.com/science/journal/09333657
Artificial Intelligence for Transportation,3050-8606,30508606,32119,Active,,,,,Included,https://www.sciencedirect.com/science/journal/30508606
The Arts in Psychotherapy,0197-4556,1974556,833,Active,Formerly known as Art Psychotherapy,Included,Included,Included,Included,https://www.sciencedirect.com/science/journal/01974556
Asia-Australia Marketing Journal,1320-1646,13201646,4120,Changed Name,Continued as Australasian Marketing Journal (AMJ),Included,Included,Included,Included,https://www.sciencedirect.com/science/journal/13201646
The Asia Pacific Heart Journal,1328-0163,13280163,5496,Changed Name,"Formerly known as The Asia Pacific Journal of Thoracic & Cardiovascular Surgery; Continued as Heart, Lung and Circulation",Included,Included,Included,Included,https://www.sciencedirect.com/science/journal/13280163
The Asia Pacific Journal of Thoracic & Cardiovascular Surgery,1324-2881,13242881,5496,Changed Name,Formerly known as The Australasian Journal of Cardiac and Thoracic Surgery; Continued as The Asia Pacific Heart Journal,Included,Included,Included,Included,https://www.sciencedirect.com/science/journal/13242881
Asian Journal of Oral and Maxillofacial Surgery,0915-6992,9156992,12889,Changed Name,"Continued as Journal of Oral and Maxillofacial Surgery, Medicine, and Pathology",Included,Included,Included,Included,https://www.sciencedirect.com/science/journal/09156992
Asian Journal of Psychiatry,1876-2018,18762018,6077,Active,,Included,Included,Included,Included,https://www.sciencedirect.com/science/journal/18762018
Asian Journal of Social Science,1568-4849,15684849,31167,Active,,Included,Included,Included,Included,https://www.sciencedirect.com/science/journal/15684849
Assessing Writing,1075-2935,10752935,7449,Active,,Included,Included,Included,Included,https://www.sciencedirect.com/science/journal/10752935
Asthma Magazine,1088-0712,10880712,13303,Discontinued,Title discontinued as of 2007,Included,Included,Included,Included,https://www.sciencedirect.com/science/journal/10880712
Astronomy and Computing,2213-1337,22131337,18011,Active,,Included,Included,Included,Included,https://www.sciencedirect.com/science/journal/22131337
Astroparticle Physics,0927-6505,9276505,5192,Active,,Included,Included,Included,Included,https://www.sciencedirect.com/science/journal/09276505
Atherosclerosis,0021-9150,219150,8004,Active,Formerly known as Journal of Atherosclerosis Research,Included,Included,Included,Included,https://www.sciencedirect.com/science/journal/00219150
Atherosclerosis Supplements,1567-5688,15675688,8140,Active,,Included,Included,Included,Included,https://www.sciencedirect.com/science/journal/15675688
Atmospheric Environment,1352-2310,13522310,246,Active,Incorporating Atmospheric Environment. Part A. General Topics and Atmospheric Environment. Part B. Urban Atmosphere,Included,Included,Included,Included,https://www.sciencedirect.com/science/journal/13522310
Atmospheric Pollution Research,1309-1042,13091042,18277,Active,,Included,Included,Included,Included,https://www.sciencedirect.com/science/journal/13091042
Atmospheric Research,0169-8095,1698095,5322,Active,,Included,Included,Included,Included,https://www.sciencedirect.com/science/journal/01698095
Atomic Data and Nuclear Data Tables,0092-640X,0092640X,12004,Active,,Included,Included,Included,Included,https://www.sciencedirect.com/science/journal/0092640X
Auris Nasus Larynx,0385-8146,3858146,8060,Active,,Included,Included,Included,Included,https://www.sciencedirect.com/science/journal/03858146
Australasian Emergency Care,2588-994X,2588994X,4082,Active,Formerly known as Australasian Emergency Nursing Journal,Included,Included,Included,Included,https://www.sciencedirect.com/science/journal/2588994X
Australasian Emergency Nursing Journal,1574-6267,15746267,4082,Changed Name,Formerly known as Australian Emergency Nursing Journal; Continued as Australasian Emergency Care,Included,Included,Included,Included,https://www.sciencedirect.com/science/journal/15746267
Australian College of Midwives Incorporated Journal,1031-170X,1031170X,4262,Changed Name,Continued as The Australian Journal of Midwifery,Included,Included,Included,Included,https://www.sciencedirect.com/science/journal/1031170X
Australian Critical Care,1036-7314,10367314,4101,Active,Formerly known as Confederation of Australian Critical Care Nurses Journal,Included,Included,Included,Included,https://www.sciencedirect.com/science/journal/10367314
Australian Emergency Nursing Journal,1328-2743,13282743,4082,Changed Name,Continued as Australasian Emergency Nursing Journal,Included,Included,Included,Included,https://www.sciencedirect.com/science/journal/13282743
Australian Infection Control,1329-9360,13299360,18324,Changed Name,Continued as Healthcare Infection,Included,Included,Included,Included,https://www.sciencedirect.com/science/journal/13299360
The Australian Journal of Midwifery,1445-4386,14454386,4262,Changed Name,Formerly known as Australian College of Midwives Incorporated Journal; Continued as Australian Midwifery,Included,Included,Included,Included,https://www.sciencedirect.com/science/journal/14454386
Australian Midwifery,1448-8272,14488272,4262,Changed Name,Formerly known as The Australian Journal of Midwifery; Continued as Women and Birth,Included,Included,Included,Included,https://www.sciencedirect.com/science/journal/14488272
Autoimmunity Reviews,1568-9972,15689972,5467,Active,,Included,Included,Included,Included,https://www.sciencedirect.com/science/journal/15689972
Automatica,0005-1098,51098,270,Active,,Included,Included,Included,Included,https://www.sciencedirect.com/science/journal/00051098
Automation in Construction,0926-5805,9265805,5256,Active,,Included,Included,Included,Included,https://www.sciencedirect.com/science/journal/09265805
Autonomic Neuroscience,1566-0702,15660702,5062,Active,Formerly known as Journal of the Autonomic Nervous System,Included,Included,Included,Included,https://www.sciencedirect.com/science/journal/15660702
Baillière's Clinical Anaesthesiology,0950-3501,9503501,12666,Changed Name,Continued as Best Practice & Research Clinical Anaesthesiology,Included,Included,Included,Included,https://www.sciencedirect.com/science/journal/09503501
Baillière's Clinical Endocrinology and Metabolism,0950-351X,0950351X,12667,Changed Name,Formerly known as Clinics in Endocrinology and Metabolism; Continued as Best Practice & Research Clinical Endocrinology & Metabolism,Included,Included,Included,Included,https://www.sciencedirect.com/science/journal/0950351X
Baillière's Clinical Gastroenterology,0950-3528,9503528,12668,Changed Name,Continued as Best Practice & Research Clinical Gastroenterology,Included,Included,Included,Included,https://www.sciencedirect.com/science/journal/09503528
Baillière's Clinical Haematology,0950-3536,9503536,12669,Changed Name,Continued as Best Practice & Research Clinical Haematology,Included,Included,Included,Included,https://www.sciencedirect.com/science/journal/09503536
Baillière's Clinical Obstetrics and Gynaecology,0950-3552,9503552,12670,Changed Name,Continued as Best Practice & Research Clinical Obstetrics & Gynaecology,Included,Included,Included,Included,https://www.sciencedirect.com/science/journal/09503552
Baillière's Clinical Rheumatology,0950-3579,9503579,12671,Changed Name,Continued as Best Practice & Research Clinical Rheumatology,Included,Included,Included,Included,https://www.sciencedirect.com/science/journal/09503579
Basal Ganglia,2210-5336,22105336,10068,Discontinued,Title discontinued as of 2019,Included,Included,Included,Included,https://www.sciencedirect.com/science/journal/22105336
Basic and Applied Ecology,1439-1791,14391791,10017,Active,,Included,Included,Included,Included,https://www.sciencedirect.com/science/journal/14391791
Behavior Therapy,0005-7894,57894,4241,Active,,Included,Included,Included,Included,https://www.sciencedirect.com/science/journal/00057894
Behaviour Research and Therapy,0005-7967,57967,265,Active,,Included,Included,Included,Included,https://www.sciencedirect.com/science/journal/00057967
Behavioural Brain Research,0166-4328,1664328,5014,Active,,Included,Included,Included,Included,https://www.sciencedirect.com/science/journal/01664328
Behavioural Processes,0376-6357,3766357,5015,Active,,Included,Included,Included,Included,https://www.sciencedirect.com/science/journal/03766357
Best Practice & Research Clinical Anaesthesiology,1521-6896,15216896,12666,Active,Formerly known as Baillière's Clinical Anaesthesiology,Included,Included,Included,Included,https://www.sciencedirect.com/science/journal/15216896
Best Practice & Research Clinical Endocrinology & Metabolism,1521-690X,1521690X,12667,Active,Formerly known as Baillière's Clinical Endocrinology and Metabolism,Included,Included,Included,Included,https://www.sciencedirect.com/science/journal/1521690X
Best Practice & Research Clinical Gastroenterology,1521-6918,15216918,12668,Active,Formerly known as Baillière's Clinical Gastroenterology,Included,Included,Included,Included,https://www.sciencedirect.com/science/journal/15216918
Best Practice & Research Clinical Haematology,1521-6926,15216926,12669,Active,Formerly known as Baillière's Clinical Haematology,Included,Included,Included,Included,https://www.sciencedirect.com/science/journal/15216926
Best Practice & Research Clinical Obstetrics & Gynaecology,1521-6934,15216934,12670,Active,Formerly known as Baillière's Clinical Obstetrics and Gynaecology,Included,Included,Included,Included,https://www.sciencedirect.com/science/journal/15216934
Best Practice & Research Clinical Rheumatology,1521-6942,15216942,12671,Active,Formerly known as Baillière's Clinical Rheumatology,Included,Included,Included,Included,https://www.sciencedirect.com/science/journal/15216942
Big Data Research,2214-5796,22145796,7502,Active,,Included,Included,Included,Included,https://www.sciencedirect.com/science/journal/22145796
Bioactive Carbohydrates and Dietary Fibre,2212-6198,22126198,8810,Active,,Included,Included,Included,Included,https://www.sciencedirect.com/science/journal/22126198
Biocatalysis and Agricultural Biotechnology,1878-8181,18788181,12982,Active,,Included,Included,Included,Included,https://www.sciencedirect.com/science/journal/18788181
Biochemical and Biophysical Research Communications,0006-291X,0006291X,12009,Active,,Included,Included,Included,Included,https://www.sciencedirect.com/science/journal/0006291X
Biochemical Engineering Journal,1369-703X,1369703X,6049,Active,Formerly part of The Chemical Engineering Journal and the Biochemical Engineering Journal,Included,Included,Included,Included,https://www.sciencedirect.com/science/journal/1369703X
Biochemical and Molecular Medicine,1077-3150,10773150,12016,Changed Name,Formerly known as Biochemical Medicine and Metabolic Biology; Continued as Molecular Genetics and Metabolism,Included,Included,Included,Included,https://www.sciencedirect.com/science/journal/10773150
Biochemical Pharmacology,0006-2952,62952,7505,Active,,Included,Included,Included,Included,https://www.sciencedirect.com/science/journal/00062952
Biochemical Systematics and Ecology,0305-1978,3051978,364,Active,,Included,Included,Included,Included,https://www.sciencedirect.com/science/journal/03051978
Biochimica et Biophysica Acta (BBA) - Bioenergetics,0005-2728,52728,5002,Active,Formerly part of Biochimica et Biophysica Acta (BBA) - Biophysics including Photosynthesis; Incorporating Biochimica et Biophysica Acta (BBA) - Reviews on Bioenergetics,Included,Included,Included,Included,https://www.sciencedirect.com/science/journal/00052728
Biochimica et Biophysica Acta (BBA) - Biomembranes,0005-2736,52736,5003,Active,Formerly part of Biochimica et Biophysica Acta (BBA) - Biophysics including Photosynthesis Incorporating Biochimica et Biophysica Acta (BBA) - Reviews on Biomembranes,Included,Included,Included,Included,https://www.sciencedirect.com/science/journal/00052736
Biochimica et Biophysica Acta (BBA) - Gene Regulatory Mechanisms,1874-9399,18749399,5005,Active,Formerly known as Biochimica et Biophysica Acta (BBA) - Gene Structure and Expression,Included,Included,Included,Included,https://www.sciencedirect.com/science/journal/18749399
Biochimica et Biophysica Acta (BBA) - Gene Structure and Expression,0167-4781,1674781,5005,Changed Name,Formerly known as Biochimica et Biophysica Acta (BBA) - Nucleic Acids and Protein Synthesis; Continued as Biochimica et Biophysica Acta: Gene Regulatory Mechanisms,Included,Included,Included,Included,https://www.sciencedirect.com/science/journal/01674781
Biochimica et Biophysica Acta (BBA) - General Subjects,0304-4165,3044165,5006,Active,Formerly known as Biochimica et Biophysica Acta,Included,Included,Included,Included,https://www.sciencedirect.com/science/journal/03044165
Biochimica et Biophysica Acta (BBA) - Lipids and Lipid Metabolism,0005-2760,52760,5007,Changed Name,Formerly known as Biochimica et Biophysica Acta (BBA) - Specialized Section on Lipids and Related Subjects; Continued as Biochimica et Biophysica Acta (BBA) - Molecular and Cell Biology of Lipids,Included,Included,Included,Included,https://www.sciencedirect.com/science/journal/00052760
Biochimica et Biophysica Acta (BBA) - Molecular Basis of Disease,0925-4439,9254439,5008,Active,,Included,Included,Included,Included,https://www.sciencedirect.com/science/journal/09254439
Biochimica et Biophysica Acta (BBA) - Molecular and Cell Biology of Lipids,1388-1981,13881981,5007,Active,Formerly known as Biochimica et Biophysica Acta (BBA) - Lipids and Lipid Metabolism,Included,Included,Included,Included,https://www.sciencedirect.com/science/journal/13881981
Biochimica et Biophysica Acta (BBA) - Molecular Cell Research,0167-4889,1674889,5009,Active,,Included,Included,Included,Included,https://www.sciencedirect.com/science/journal/01674889
Biochimica et Biophysica Acta (BBA) - Protein Structure and Molecular Enzymology,0167-4838,1674838,5010,Changed Name,Incorporating Biochimica et Biophysica Acta (BBA) - Enzymology and Biochimica et Biophysica Acta (BBA) - Protein Structure Continued as Biochimica et Biophysica Acta (BBA) - Proteins and Proteomics,Included,Included,Included,Included,https://www.sciencedirect.com/science/journal/01674838
Biochimica et Biophysica Acta (BBA) - Proteins and Proteomics,1570-9639,15709639,5010,Active,Formerly known as Biochimica et Biophysica Acta (BBA) - Protein Structure and Molecular Enzymology,Included,Included,Included,Included,https://www.sciencedirect.com/science/journal/15709639
Biochimica et Biophysica Acta (BBA) - Reviews on Biomembranes,0304-4157,3044157,5011,Incorporated,Incorporated into Biochimica et Biophysica Acta (BBA) - Biomembranes,Included,Included,Included,Included,https://www.sciencedirect.com/science/journal/03044157
Biochimica et Biophysica Acta (BBA) - Reviews on Cancer,0304-419X,0304419X,5012,Active,,Included,Included,Included,Included,https://www.sciencedirect.com/science/journal/0304419X
Biochimie,0300-9084,3009084,9015,Active,,Included,Included,Included,Included,https://www.sciencedirect.com/science/journal/03009084
Biocybernetics and Biomedical Engineering,0208-5216,2085216,11011,Active,,Included,Included,Included,Included,https://www.sciencedirect.com/science/journal/02085216
Bioelectrochemistry,1567-5394,15675394,6000,Active,Formerly known as Bioelectrochemistry and Bioenergetics,Included,Included,Included,Included,https://www.sciencedirect.com/science/journal/15675394
Bioelectrochemistry and Bioenergetics,0302-4598,3024598,6000,Changed Name,Continued as Bioelectrochemistry,Included,Included,Included,Included,https://www.sciencedirect.com/science/journal/03024598
Biological Conservation,0006-3207,63207,2008,Active,,Included,Included,Included,Included,https://www.sciencedirect.com/science/journal/00063207
Biological Control,1049-9644,10499644,12012,Active,,Included,Included,Included,Included,https://www.sciencedirect.com/science/journal/10499644
Biological Psychiatry,0006-3223,63223,7615,Active,,Included,Included,Included,Included,https://www.sciencedirect.com/science/journal/00063223
Biological Psychiatry: Cognitive Neuroscience and Neuroimaging,2451-9022,24519022,18845,Active,,Included,Included,Included,Included,https://www.sciencedirect.com/science/journal/24519022
Biological Psychology,0301-0511,3010511,5016,Active,,Included,Included,Included,Included,https://www.sciencedirect.com/science/journal/03010511
Biologically Inspired Cognitive Architectures,2212-683X,2212683X,9913,Incorporated,Incorporated into Cognitive Systems Research,Included,Included,Included,Included,https://www.sciencedirect.com/science/journal/2212683X
Biologicals,1045-1056,10451056,12680,Active,Formerly known as Journal of Biological Standardization,Included,Included,Included,Included,https://www.sciencedirect.com/science/journal/10451056
Biomass and Bioenergy,0961-9534,9619534,986,Active,,Included,Included,Included,Included,https://www.sciencedirect.com/science/journal/09619534
Biomaterials,0142-9612,1429612,3004,Active,Incorporating Clinical Materials,Included,Included,Included,Included,https://www.sciencedirect.com/science/journal/01429612
Biomaterials Advances,2772-9508,27729508,6028,Active,,Included,Included,Included,Included,https://www.sciencedirect.com/science/journal/27729508
Biomedical Signal Processing and Control,1746-8094,17468094,3099,Active,,Included,Included,Included,Included,https://www.sciencedirect.com/science/journal/17468094
Biomedicine & Aging Pathology,2210-5220,22105220,15880,Discontinued,Title discontinued as of 2015,Included,Included,Included,Included,https://www.sciencedirect.com/science/journal/22105220
Biomedicine & Pharmacotherapy,0753-3322,7533322,9018,Active,,Included,Included,Included,Included,https://www.sciencedirect.com/science/journal/07533322
Biomedicine & Preventive Nutrition,2210-5239,22105239,15879,Discontinued,Title discontinued as of 2015,Included,Included,Included,Included,https://www.sciencedirect.com/science/journal/22105239
Biomolecular Engineering,1389-0344,13890344,5042,Changed Name,Formerly known as Genetic Analysis: Biomolecular Engineering; Continued as New Biotechnology,Included,Included,Included,Included,https://www.sciencedirect.com/science/journal/13890344
Bioorganic Chemistry,0045-2068,452068,12014,Active,,Included,Included,Included,Included,https://www.sciencedirect.com/science/journal/00452068
Bioorganic & Medicinal Chemistry,0968-0896,9680896,129,Active,,Included,Included,Included,Included,https://www.sciencedirect.com/science/journal/09680896
Bioorganic & Medicinal Chemistry Letters,0960-894X,0960894X,972,Active,,Included,Included,Included,Included,https://www.sciencedirect.com/science/journal/0960894X
Biophysical Chemistry,0301-4622,3014622,5142,Active,,Included,Included,Included,Included,https://www.sciencedirect.com/science/journal/03014622
Bioprinting,2405-8866,24058866,18290,Active,,Included,Included,Included,Included,https://www.sciencedirect.com/science/journal/24058866
Bioresource Technology,0960-8524,9608524,2009,Active,Formerly known as Biological Wastes; Incorporating Energy in Agriculture and Biomass,Included,Included,Included,Included,https://www.sciencedirect.com/science/journal/09608524
Bioresource Technology Reports,2589-014X,2589014X,18417,Active,,Included,Included,Included,Included,https://www.sciencedirect.com/science/journal/2589014X
Bioscience Hypotheses,1756-2392,17562392,5610,Discontinued,Title discontinued as of 2010,Included,Included,Included,Included,https://www.sciencedirect.com/science/journal/17562392
Biosensors and Bioelectronics,0956-5663,9565663,2062,Active,Formerly known as Biosensors,Included,Included,Included,Included,https://www.sciencedirect.com/science/journal/09565663
BIOSILICO,1478-5382,14785382,2168,Changed Name,Continued as Drug Discovery Today: BIOSILICO,Included,Included,Included,Included,https://www.sciencedirect.com/science/journal/14785382
Biosystems,0303-2647,3032647,8005,Active,,Included,Included,Included,Included,https://www.sciencedirect.com/science/journal/03032647
Biosystems Engineering,1537-5110,15375110,12610,Active,Formerly known as Journal of Agricultural Engineering Research,Included,Included,Included,Included,https://www.sciencedirect.com/science/journal/15375110
Biotechnology Advances,0734-9750,7349750,7533,Active,,Included,Included,Included,Included,https://www.sciencedirect.com/science/journal/07349750
Biotribology,2352-5738,23525738,18087,Discontinued,Discontinued as of 2023,Included,Included,Included,Included,https://www.sciencedirect.com/science/journal/23525738
"Blood Cells, Molecules, and Diseases",1079-9796,10799796,12011,Active,,Included,Included,Included,Included,https://www.sciencedirect.com/science/journal/10799796
Blood Reviews,0268-960X,0268960X,12724,Active,,Included,Included,Included,Included,https://www.sciencedirect.com/science/journal/0268960X
Body Image,1740-1445,17401445,4057,Active,,Included,Included,Included,Included,https://www.sciencedirect.com/science/journal/17401445
Bone,8756-3282,87563282,7617,Active,Formerly known as Metabolic Bone Disease and Related Research; Incorporating Bone and Mineral,Included,Included,Included,Included,https://www.sciencedirect.com/science/journal/87563282
"Brain, Behavior, and Immunity",0889-1591,8891591,12008,Active,,Included,Included,Included,Included,https://www.sciencedirect.com/science/journal/08891591
Brain and Cognition,0278-2626,2782626,12010,Active,,Included,Included,Included,Included,https://www.sciencedirect.com/science/journal/02782626
Brain and Development,0387-7604,3877604,5017,Active,,Included,Included,Included,Included,https://www.sciencedirect.com/science/journal/03877604
Brain and Language,0093-934X,0093934X,12015,Active,,Included,Included,Included,Included,https://www.sciencedirect.com/science/journal/0093934X
Brain Research,0006-8993,68993,5018,Active,"Incorporating Molecular Brain Research, Developmental Brain Research, Cognitive Brain Research, Brain Research Protocols and Brain Research Reviews",Included,Included,Included,Included,https://www.sciencedirect.com/science/journal/00068993
Brain Research Bulletin,0361-9230,3619230,7507,Active,,Included,Included,Included,Included,https://www.sciencedirect.com/science/journal/03619230
Brain Research Protocols,1385-299X,1385299X,5018,Incorporated,Incorporated into Brain Research,Included,Included,Included,Included,https://www.sciencedirect.com/science/journal/1385299X
Brain Research Reviews,0165-0173,1650173,5019,Incorporated,Incorporated into Brain Research,Included,Included,Included,Included,https://www.sciencedirect.com/science/journal/01650173
Brain Stimulation,1935-861X,1935861X,7809,Active,,Included,Included,Included,Included,https://www.sciencedirect.com/science/journal/1935861X
Brazilian Journal of Physical Therapy,1413-3555,14133555,11506,Active,,Included,Included,Included,Included,https://www.sciencedirect.com/science/journal/14133555
The Breast,0960-9776,9609776,12725,Active,,Included,Included,Included,Included,https://www.sciencedirect.com/science/journal/09609776
The British Accounting Review,0890-8389,8908389,12663,Active,,Included,Included,Included,Included,https://www.sciencedirect.com/science/journal/08908389
British Journal of Oral and Maxillofacial Surgery,0266-4356,2664356,12726,Active,Formerly known as British Journal of Oral Surgery,Included,Included,Included,Included,https://www.sciencedirect.com/science/journal/02664356
British Journal of Plastic Surgery,0007-1226,71226,12727,Changed Name,"Continued as Journal of Plastic, Reconstructive & Aesthetic Surgery",Included,Included,Included,Included,https://www.sciencedirect.com/science/journal/00071226
British Veterinary Journal,0007-1935,71935,12603,Changed Name,Formerly known as The Veterinary Journal (1900); Continued as The Veterinary Journal,Included,Included,Included,Included,https://www.sciencedirect.com/science/journal/00071935
Building and Environment,0360-1323,3601323,296,Active,Formerly known as Building Science,Included,Included,Included,Included,https://www.sciencedirect.com/science/journal/03601323
Bulletin of Anesthesia History,1522-8649,15228649,18791,Changed Name,Formerly known as Anesthesia History Association Newsletter; Continued as Journal of Anesthesia History,Included,Included,Included,Included,https://www.sciencedirect.com/science/journal/15228649
Bulletin de l'Institut Pasteur,0020-2452,202452,9047,Incorporated,Incorporated into Microbes and Infection,Included,Included,Included,,https://www.sciencedirect.com/science/journal/00202452
Bulletin des Sciences Mathématiques,0007-4497,74497,9019,Active,,Included,Included,Included,Included,https://www.sciencedirect.com/science/journal/00074497
Burns,0305-4179,3054179,3006,Active,,Included,Included,Included,Included,https://www.sciencedirect.com/science/journal/03054179
Business Horizons,0007-6813,76813,7402,Active,,Included,Included,Included,Included,https://www.sciencedirect.com/science/journal/00076813
Calphad,0364-5916,3645916,254,Active,,Included,Included,Included,Included,https://www.sciencedirect.com/science/journal/03645916
Canadian Journal of Cardiology,0828-282X,0828282X,14046,Active,,Included,Included,Included,Included,https://www.sciencedirect.com/science/journal/0828282X
Canadian Journal of Diabetes,1499-2671,14992671,14119,Active,,Included,Included,Included,Included,https://www.sciencedirect.com/science/journal/14992671
Canadian Journal of Ophthalmology,0008-4182,84182,14106,Active,,Included,Included,Included,Included,https://www.sciencedirect.com/science/journal/00084182
Cancer Detection and Prevention,0361-090X,0361090X,3022,Changed Name,Continued as Cancer Epidemiology,Included,Included,Included,Included,https://www.sciencedirect.com/science/journal/0361090X
Cancer Epidemiology,1877-7821,18777821,3022,Active,Formerly known as Cancer Detection and Prevention,Included,Included,Included,Included,https://www.sciencedirect.com/science/journal/18777821
Cancer Genetics,2210-7762,22107762,7618,Active,Formerly known as Cancer Genetics and Cytogenetics,Included,Included,Included,Included,https://www.sciencedirect.com/science/journal/22107762
Cancer Genetics and Cytogenetics,0165-4608,1654608,7618,Changed Name,Continued as Cancer Genetics,Included,Included,Included,Included,https://www.sciencedirect.com/science/journal/01654608
Cancer Letters,0304-3835,3043835,8006,Active,,Included,Included,Included,Included,https://www.sciencedirect.com/science/journal/03043835
Cancer/Radiothérapie,1278-3218,12783218,9020,Active,Formerly known as Bulletin du Cancer/Radiothérapie,Included,Included,Included,Included,https://www.sciencedirect.com/science/journal/12783218
Cancer Treatment Communications,2213-0896,22130896,18010,Changed Name,Continued as Cancer Treatment and Research Communications,Included,Included,Included,Included,https://www.sciencedirect.com/science/journal/22130896
Cancer Treatment and Research Communications,2468-2942,24682942,18010,Active,Formerly known as Cancer Treatment Communications,Included,Included,Included,Included,https://www.sciencedirect.com/science/journal/24682942
Cancer Treatment Reviews,0305-7372,3057372,12645,Active,Incorporating Evidence-based Oncology,Included,Included,Included,Included,https://www.sciencedirect.com/science/journal/03057372
Carbohydrate Polymers,0144-8617,1448617,2011,Active,,Included,Included,Included,Included,https://www.sciencedirect.com/science/journal/01448617
Carbohydrate Research,0008-6215,86215,2162,Active,,Included,Included,Included,Included,https://www.sciencedirect.com/science/journal/00086215
Carbon,0008-6223,86223,258,Active,,Included,Included,Included,Included,https://www.sciencedirect.com/science/journal/00086223
Card Technology Today,0965-2590,9652590,2239,Discontinued,Title discontinued as of 2010,Included,Included,Included,Included,https://www.sciencedirect.com/science/journal/09652590
Cardiovascular Pathology,1054-8807,10548807,7620,Active,,Included,Included,Included,Included,https://www.sciencedirect.com/science/journal/10548807
Cardiovascular Radiation Medicine,1522-1865,15221865,7641,Changed Name,Continued as Cardiovascular Revascularization Medicine,Included,Included,Included,Included,https://www.sciencedirect.com/science/journal/15221865
Cardiovascular Revascularization Medicine,1553-8389,15538389,7641,Active,Formerly known as Cardiovascular Radiation Medicine,Included,Included,Included,Included,https://www.sciencedirect.com/science/journal/15538389
Carnegie-Rochester Conference Series on Public Policy,0167-2231,1672231,5398,Incorporated,Incorporated into Journal of Monetary Economics,Included,Included,Included,Included,https://www.sciencedirect.com/science/journal/01672231
The Case Manager,1061-9259,10619259,13164,Discontinued,Title discontinued as of 2007,Included,Included,Included,Included,https://www.sciencedirect.com/science/journal/10619259
Case Studies on Transport Policy,2213-624X,2213624X,10163,Active,,Included,Included,Included,Included,https://www.sciencedirect.com/science/journal/2213624X
Catalysis Communications,1566-7367,15667367,5570,Incorporated,,Included,Included,Included,Included,https://www.sciencedirect.com/science/journal/15667367
Catalysis Today,0920-5861,9205861,5143,Active,,Included,Included,Included,Included,https://www.sciencedirect.com/science/journal/09205861
CATENA,0341-8162,3418162,5323,Active,,Included,Included,Included,Included,https://www.sciencedirect.com/science/journal/03418162
Cell Calcium,0143-4160,1434160,12711,Active,,Included,Included,Included,Included,https://www.sciencedirect.com/science/journal/01434160
The Cell Surface,2468-2330,24682330,18393,Active,,Included,Included,Included,Included,https://www.sciencedirect.com/science/journal/24682330
Cells and Development,2667-2901,26672901,8039,Active,,Included,Included,Included,Included,https://www.sciencedirect.com/science/journal/26672901
Cellular Immunology,0008-8749,88749,12020,Active,,Included,Included,Included,Included,https://www.sciencedirect.com/science/journal/00088749
Cellular Signalling,0898-6568,8986568,7520,Active,,Included,Included,Included,Included,https://www.sciencedirect.com/science/journal/08986568
Cement and Concrete Composites,0958-9465,9589465,2012,Active,Formerly known as International Journal of Cement Composites and Lightweight Concrete,Included,Included,Included,Included,https://www.sciencedirect.com/science/journal/09589465
Cement and Concrete Research,0008-8846,88846,352,Active,Incorporating Advanced Cement Based Materials,Included,Included,Included,Included,https://www.sciencedirect.com/science/journal/00088846
Ceramics International,0272-8842,2728842,2013,Active,Formerly known as Ceramurgia International,Included,Included,Included,Included,https://www.sciencedirect.com/science/journal/02728842
"Chaos, Solitons & Fractals",0960-0779,9600779,967,Active,,Included,Included,Included,Included,https://www.sciencedirect.com/science/journal/09600779
Chemical Data Collections,2405-8300,24058300,18226,Active,,Included,Included,Included,Included,https://www.sciencedirect.com/science/journal/24058300
The Chemical Engineering Journal and the Biochemical Engineering Journal,0923-0467,9230467,6002,Changed Name,Formerly known as The Chemical Engineering Journal; Continued as Biochemical Engineering Journal and Chemical Engineering Journal,Included,Included,Included,Included,https://www.sciencedirect.com/science/journal/09230467
Chemical Engineering Journal,1385-8947,13858947,6002,Active,Formerly part of The Chemical Engineering Journal and the Biochemical Engineering Journal,Included,Included,Included,Included,https://www.sciencedirect.com/science/journal/13858947
Chemical Engineering and Processing - Process Intensification,0255-2701,2552701,6001,Active,,Included,Included,Included,Included,https://www.sciencedirect.com/science/journal/02552701
Chemical Engineering Research and Design,0263-8762,2638762,8635,Active,,Included,Included,Included,Included,https://www.sciencedirect.com/science/journal/02638762
Chemical Engineering Science,0009-2509,92509,215,Active,,Included,Included,Included,Included,https://www.sciencedirect.com/science/journal/00092509
Chemical Geology,0009-2541,92541,5324,Active,Incorporating Chemical Geology: Isotope Geoscience section,Included,Included,Included,Included,https://www.sciencedirect.com/science/journal/00092541
Chemical Physics,0301-0104,3010104,5144,Active,,Included,Included,Included,Included,https://www.sciencedirect.com/science/journal/03010104
Chemical Physics Letters,0009-2614,92614,5145,Active,,Included,Included,Included,Included,https://www.sciencedirect.com/science/journal/00092614
Chemico-Biological Interactions,0009-2797,92797,8007,Active,,Included,Included,Included,Included,https://www.sciencedirect.com/science/journal/00092797
Chemistry and Physics of Lipids,0009-3084,93084,8008,Active,,Included,Included,Included,Included,https://www.sciencedirect.com/science/journal/00093084
Chemometrics and Intelligent Laboratory Systems,0169-7439,1697439,5146,Active,Incorporating Laboratory Automation & Information Management,Included,Included,Included,Included,https://www.sciencedirect.com/science/journal/01697439
Chemosphere,0045-6535,456535,362,Active,Incorporating Chemosphere - Global Change Science,Included,Included,Included,Included,https://www.sciencedirect.com/science/journal/00456535
Chemosphere - Global Change Science,1465-9972,14659972,362,Incorporated,Incorporated into Chemosphere,Included,Included,Included,Included,https://www.sciencedirect.com/science/journal/14659972
Child Abuse & Neglect,0145-2134,1452134,586,Active,,Included,Included,Included,Included,https://www.sciencedirect.com/science/journal/01452134
Children and Youth Services Review,0190-7409,1907409,556,Active,,Included,Included,Included,Included,https://www.sciencedirect.com/science/journal/01907409
China Economic Review,1043-951X,1043951X,7403,Active,,Included,Included,Included,Included,https://www.sciencedirect.com/science/journal/1043951X
China Particuology,1672-2515,16722515,8612,Changed Name,Continued as Particuology,Included,Included,Included,Included,https://www.sciencedirect.com/science/journal/16722515
"China Population, Resources and Environment",1872-583X,1872583X,8602,Discontinued,Title discontinued as of 2010,Included,Included,Included,Included,https://www.sciencedirect.com/science/journal/1872583X
Chinese Astronomy and Astrophysics,0275-1062,2751062,585,Active,Formerly known as Chinese Astronomy,Included,Included,Included,Included,https://www.sciencedirect.com/science/journal/02751062
Chinese Chemical Letters,1001-8417,10018417,997,Active,,Included,Included,Included,Included,https://www.sciencedirect.com/science/journal/10018417
Chinese Herbal Medicines,1674-6384,16746384,10129,Active,,Included,Included,Included,Included,https://www.sciencedirect.com/science/journal/16746384
Chinese Journal of Analytical Chemistry,1872-2040,18722040,8572,Active,,Included,Included,Included,Included,https://www.sciencedirect.com/science/journal/18722040
Chinese Journal of Catalysis,1872-2067,18722067,8575,Active,,Included,Included,Included,Included,https://www.sciencedirect.com/science/journal/18722067
Chinese Journal of Chemical Engineering,1004-9541,10049541,8553,Active,,Included,Included,Included,Included,https://www.sciencedirect.com/science/journal/10049541
Chinese Journal of Natural Medicines,1875-5364,18755364,8667,Active,,Included,Included,Included,Included,https://www.sciencedirect.com/science/journal/18755364
Chinese Journal of Physics,0577-9073,5779073,18334,Active,,Included,Included,Included,Included,https://www.sciencedirect.com/science/journal/05779073
Chinese Journal of Structural Chemistry,0254-5861,2545861,31517,Active,,,Included,Included,Included,https://www.sciencedirect.com/science/journal/02545861
Chirurgie de la Main,1297-3203,12973203,9088,Changed Name,Formerly known as Annales de Chirurgie de la Main et du Membre Supérieur ; Continued as Hand Surgery and Rehabilitation,Included,Included,Included,Included,https://www.sciencedirect.com/science/journal/12973203
CIRP Annals,0007-8506,78506,4092,Active,,Included,Included,Included,Included,https://www.sciencedirect.com/science/journal/00078506
CIRP Journal of Manufacturing Science and Technology,1755-5817,17555817,4113,Active,,Included,Included,Included,Included,https://www.sciencedirect.com/science/journal/17555817
Cirugía Española (English Edition),2173-5077,21735077,15792,Active,,Included,Included,Included,Included,https://www.sciencedirect.com/science/journal/21735077
Cities,0264-2751,2642751,3008,Active,,Included,Included,Included,Included,https://www.sciencedirect.com/science/journal/02642751
"City, Culture and Society",1877-9166,18779166,5635,Active,,Included,Included,Included,Included,https://www.sciencedirect.com/science/journal/18779166
Clinica Chimica Acta,0009-8981,98981,5097,Active,,Included,Included,Included,Included,https://www.sciencedirect.com/science/journal/00098981
Clínica e Investigación en arteriosclerosis (English edition),2529-9123,25299123,16439,Active,,Included,Included,Included,Included,https://www.sciencedirect.com/science/journal/25299123
Clinical Acupuncture and Oriental Medicine,1461-1449,14611449,12826,Discontinued,Title discontinued as of 2004,Included,Included,Included,Included,https://www.sciencedirect.com/science/journal/14611449
Clinical and Applied Immunology Reviews,1529-1049,15291049,7621,Discontinued,Formerly known as Clinical Immunology Newsletter; Title discontinued as of 2007,Included,Included,Included,Included,https://www.sciencedirect.com/science/journal/15291049
Clinical Biochemistry,0009-9120,99120,7519,Active,,Included,Included,Included,Included,https://www.sciencedirect.com/science/journal/00099120
Clinical Biomechanics,0268-0033,2680033,3009,Active,,Included,Included,Included,Included,https://www.sciencedirect.com/science/journal/02680033
Clinical Breast Cancer,1526-8209,15268209,14051,Active,,Included,Included,Included,Included,https://www.sciencedirect.com/science/journal/15268209
Clinical Colorectal Cancer,1533-0028,15330028,14055,Active,,Included,Included,Included,Included,https://www.sciencedirect.com/science/journal/15330028
Clinical Cornerstone,1098-3597,10983597,569,Discontinued,Title discontinued as of 2010,Included,Included,Included,Included,https://www.sciencedirect.com/science/journal/10983597
Clinical and Diagnostic Virology,0928-0197,9280197,5021,Changed Name,Continued as Journal of Clinical Virology,Included,Included,Included,Included,https://www.sciencedirect.com/science/journal/09280197
Clinical Effectiveness in Nursing,1361-9004,13619004,12739,Discontinued,Title discontinued as of 2007,Included,Included,Included,Included,https://www.sciencedirect.com/science/journal/13619004
Clinical Epidemiology and Global Health,2213-3984,22133984,10150,Active,,Included,Included,Included,Included,https://www.sciencedirect.com/science/journal/22133984
Clinical Eye and Vision Care,0953-4431,9534431,8009,Discontinued,Title discontinued as of 2002,Included,Included,Included,Included,https://www.sciencedirect.com/science/journal/09534431
Clinical Genitourinary Cancer,1558-7673,15587673,14053,Active,Formerly known as Clinical Prostate Cancer,Included,Included,Included,Included,https://www.sciencedirect.com/science/journal/15587673
Clinical Imaging,0899-7071,8997071,7696,Active,Formerly known as Journal of Computed Tomography,Included,Included,Included,Included,https://www.sciencedirect.com/science/journal/08997071
Clinical Immunology,1521-6616,15216616,12021,Active,Formerly known as Clinical Immunology and Immunopathology,Included,Included,Included,Included,https://www.sciencedirect.com/science/journal/15216616
Clinical Immunology and Immunopathology,0090-1229,901229,12021,Changed Name,Continued as Clinical Immunology,Included,Included,Included,Included,https://www.sciencedirect.com/science/journal/00901229
Clinical Immunology Newsletter,0197-1859,1971859,7621,Changed Name,Continued as Clinical and Applied Immunology Reviews,Included,Included,Included,Included,https://www.sciencedirect.com/science/journal/01971859
Clinical Leukemia,1931-6925,19316925,13462,Discontinued,Title discontinued as of 2010,Included,Included,Included,Included,https://www.sciencedirect.com/science/journal/19316925
Clinical Lung Cancer,1525-7304,15257304,14056,Active,,Included,Included,Included,Included,https://www.sciencedirect.com/science/journal/15257304
Clinical Lymphoma,1526-9655,15269655,14054,Changed Name,Continued as Clinical Lymphoma and Myeloma,Included,Included,Included,Included,https://www.sciencedirect.com/science/journal/15269655
Clinical Lymphoma and Myeloma,1557-9190,15579190,14054,Changed Name,Formerly known as Clinical Lymphoma; continued as Clinical Lymphoma Myeloma and Leukemia,Included,Included,Included,Included,https://www.sciencedirect.com/science/journal/15579190
Clinical Lymphoma Myeloma and Leukemia,2152-2650,21522650,14054,Active,Formerly known as Clinical Lymphoma and Myeloma,Included,Included,Included,Included,https://www.sciencedirect.com/science/journal/21522650
Clinical Microbiology Newsletter,0196-4399,1964399,7624,Active,,Included,Included,Included,Included,https://www.sciencedirect.com/science/journal/01964399
Clinical Neurology and Neurosurgery,0303-8467,3038467,5024,Active,,Included,Included,Included,Included,https://www.sciencedirect.com/science/journal/03038467
Clinical Neurophysiology,1388-2457,13882457,8065,Active,Formerly known as Electroencephalography and Clinical Neurophysiology; Incorporating Electroencephalography and Clinical Neurophysiology/Electromyography and Motor Control and Electroencephalography and Clinical Neurophysiology/Evoked Potentials Section,Included,Included,Included,Included,https://www.sciencedirect.com/science/journal/13882457
Clinical Neuroscience Research,1566-2772,15662772,5562,Discontinued,Title discontinued as of 2007,Included,Included,Included,Included,https://www.sciencedirect.com/science/journal/15662772
Clinical Nutrition,0261-5614,2615614,12713,Active,Incorporating Clinical Nutrition Supplements,Included,Included,Included,Included,https://www.sciencedirect.com/science/journal/02615614
Clinical Nutrition ESPEN,2405-4577,24054577,4097,Active,Formerly known as e-SPEN Journal,Included,Included,Included,Included,https://www.sciencedirect.com/science/journal/24054577
Clinical Nutrition Supplements,1744-1161,17441161,12713,Incorporated,Incorporated into Clinical Nutrition,Included,Included,Included,Included,https://www.sciencedirect.com/science/journal/17441161
Clinical Oncology,0936-6555,9366555,12914,Active,,Included,Included,Included,Included,https://www.sciencedirect.com/science/journal/09366555
Clinical Ovarian Cancer,1941-4390,19414390,14052,Changed Name,Continued as Clinical Ovarian and Other Gynecologic Cancer,Included,Included,Included,Included,https://www.sciencedirect.com/science/journal/19414390
Clinical Pediatric Emergency Medicine,1522-8401,15228401,13248,Discontinued,,Included,Included,Included,Included,https://www.sciencedirect.com/science/journal/15228401
Clinical Plasma Medicine,2212-8166,22128166,10503,Discontinued,Title discontinued as of 2021,Included,Included,Included,Included,https://www.sciencedirect.com/science/journal/22128166
Clinical Prostate Cancer,1540-0352,15400352,14053,Changed Name,Continued as Clinical Genitourinary Cancer,Included,Included,Included,Included,https://www.sciencedirect.com/science/journal/15400352
Clinical Psychology Review,0272-7358,2727358,652,Active,,Included,Included,Included,Included,https://www.sciencedirect.com/science/journal/02727358
Clinical Queries: Nephrology,2211-9477,22119477,8799,Discontinued,Title discontinued as of 2017,Included,Included,Included,Included,https://www.sciencedirect.com/science/journal/22119477
Clinical Radiology,0009-9260,99260,12821,Active,Formerly known as Journal of the Faculty of Radiologists,Included,Included,Included,Included,https://www.sciencedirect.com/science/journal/00099260
Clinical Simulation in Nursing,1876-1399,18761399,13438,Active,,Included,Included,Included,Included,https://www.sciencedirect.com/science/journal/18761399
Clinical Skin Cancer,2405-8645,24058645,18836,Discontinued,Title discontinued as of 2018,Included,Included,Included,Included,https://www.sciencedirect.com/science/journal/24058645
Clinical Techniques in Equine Practice,1534-7516,15347516,13007,Discontinued,Title discontinued as of 2008,Included,Included,Included,Included,https://www.sciencedirect.com/science/journal/15347516
Clinical Techniques in Small Animal Practice,1096-2867,10962867,13039,Changed Name,Continued as Topics In Companion Animal Medicine,Included,Included,Included,Included,https://www.sciencedirect.com/science/journal/10962867
Clinical Therapeutics,0149-2918,1492918,7567,Active,,Included,Included,Included,Included,https://www.sciencedirect.com/science/journal/01492918
Clinical Update,1070-7212,10707212,13236,Discontinued,Title discontinued as of 2009,Included,Included,Included,Included,https://www.sciencedirect.com/science/journal/10707212
Clinics in Dermatology,0738-081X,0738081X,7623,Active,,Included,Included,Included,Included,https://www.sciencedirect.com/science/journal/0738081X
Clinics in Integrated Care,2666-8696,26668696,30462,Active,,Included,Included,Included,Included,https://www.sciencedirect.com/science/journal/26668696
Clinics and Research in Hepatology and Gastroenterology,2210-7401,22107401,15350,Active,Formerly known as Gastroentérologie Clinique et Biologique,Included,Included,Included,Included,https://www.sciencedirect.com/science/journal/22107401
Coastal Engineering,0378-3839,3783839,5325,Active,,Included,Included,Included,Included,https://www.sciencedirect.com/science/journal/03783839
Cognition,0010-0277,100277,5257,Active,,Included,Included,Included,Included,https://www.sciencedirect.com/science/journal/00100277
Cognitive and Behavioral Practice,1077-7229,10777229,4242,Active,,Included,Included,Included,Included,https://www.sciencedirect.com/science/journal/10777229
Cognitive Brain Research,0926-6410,9266410,5018,Incorporated,Incorporated into Brain Research,Included,Included,Included,Included,https://www.sciencedirect.com/science/journal/09266410
Cognitive Development,0885-2014,8852014,7450,Active,,Included,Included,Included,Included,https://www.sciencedirect.com/science/journal/08852014
Cognitive Psychology,0010-0285,100285,12022,Active,,Included,Included,Included,Included,https://www.sciencedirect.com/science/journal/00100285
Cognitive Systems Research,1389-0417,13890417,9913,Active,Incorporating Biologically Inspired Cognitive Architectures,Included,Included,Included,Included,https://www.sciencedirect.com/science/journal/13890417
Cold Regions Science and Technology,0165-232X,0165232X,5326,Active,,Included,Included,Included,Included,https://www.sciencedirect.com/science/journal/0165232X
Collegian,1322-7696,13227696,4295,Active,,Included,Included,Included,Included,https://www.sciencedirect.com/science/journal/13227696
Colloid and Interface Science Communications,2215-0382,22150382,17069,Active,,Included,Included,Included,Included,https://www.sciencedirect.com/science/journal/22150382
Colloids and Surfaces A: Physicochemical and Engineering Aspects,0927-7757,9277757,5149,Active,Formerly part of Colloids and Surfaces,Included,Included,Included,Included,https://www.sciencedirect.com/science/journal/09277757
Colloids and Surfaces B: Biointerfaces,0927-7765,9277765,5150,Active,Formerly part of Colloids and Surfaces,Included,Included,Included,Included,https://www.sciencedirect.com/science/journal/09277765
Colloids and Surfaces C: Environmental Aspects,2949-7590,29497590,31513,Active,,,Included,Included,Included,https://www.sciencedirect.com/science/journal/29497590
The Columbia Journal of World Business,0022-5428,225428,7432,Changed Name,Continued as Journal of World Business,Included,Included,Included,Included,https://www.sciencedirect.com/science/journal/00225428
Combustion and Flame,0010-2180,102180,7630,Active,,Included,Included,Included,Included,https://www.sciencedirect.com/science/journal/00102180
Communications in Nonlinear Science and Numerical Simulation,1007-5704,10075704,5471,Active,,Included,Included,Included,Included,https://www.sciencedirect.com/science/journal/10075704
Comparative Biochemistry and Physiology Part A: Molecular & Integrative Physiology,1095-6433,10956433,7515,Active,Formerly known as Comparative Biochemistry and Physiology Part A: Physiology,Included,Included,Included,Included,https://www.sciencedirect.com/science/journal/10956433
Comparative Biochemistry and Physiology Part A: Physiology,0300-9629,3009629,7515,Changed Name,Formerly part of Comparative Biochemistry and Physiology; Continued as Comparative Biochemistry and Physiology Part A: Molecular & Integrative Physiology,Included,Included,Included,Included,https://www.sciencedirect.com/science/journal/03009629
Comparative Biochemistry and Physiology Part B: Biochemistry and Molecular Biology,1096-4959,10964959,7516,Active,Formerly known as Comparative Biochemistry and Physiology Part B: Comparative Biochemistry,Included,Included,Included,Included,https://www.sciencedirect.com/science/journal/10964959
"Comparative Biochemistry and Physiology Part C: Pharmacology, Toxicology and Endocrinology",0742-8413,7428413,7517,Changed Name,Formerly known as Comparative Biochemistry and Physiology Part C: Comparative Pharmacology; Continued as Comparative Biochemistry and Physiology Part C: Toxicology & Pharmacology,Included,Included,Included,Included,https://www.sciencedirect.com/science/journal/07428413
Comparative Biochemistry and Physiology Part C: Toxicology & Pharmacology,1532-0456,15320456,7517,Active,"Formerly known as Comparative Biochemistry and Physiology Part C: Pharmacology, Toxicology and Endocrinology",Included,Included,Included,Included,https://www.sciencedirect.com/science/journal/15320456
Comparative Biochemistry and Physiology Part D: Genomics and Proteomics,1744-117X,1744117X,7801,Active,,Included,Included,Included,Included,https://www.sciencedirect.com/science/journal/1744117X
"Comparative Immunology, Microbiology and Infectious Diseases",0147-9571,1479571,496,Active,,Included,Included,Included,Included,https://www.sciencedirect.com/science/journal/01479571
Complementary Therapies in Clinical Practice,1744-3881,17443881,12742,Active,Formerly known as Complementary Therapies in Nursing and Midwifery,Included,Included,Included,Included,https://www.sciencedirect.com/science/journal/17443881
Complementary Therapies in Medicine,0965-2299,9652299,12741,Active,,Included,Included,Included,Included,https://www.sciencedirect.com/science/journal/09652299
Complementary Therapies in Nursing and Midwifery,1353-6117,13536117,12742,Changed Name,Continued as Complementary Therapies in Clinical Practice,Included,Included,Included,Included,https://www.sciencedirect.com/science/journal/13536117
Composite Structures,0263-8223,2638223,2017,Active,,Included,Included,Included,Included,https://www.sciencedirect.com/science/journal/02638223
Composites,0010-4361,104361,3011,Incorporated,Incorporated into Composites Part A: Applied Science and Manufacturing,Included,Included,Included,Included,https://www.sciencedirect.com/science/journal/00104361
Composites Business Analyst,1464-2840,14642840,2232,Discontinued,Title discontinued as of 2001,Included,Included,Included,Included,https://www.sciencedirect.com/science/journal/14642840
Composites Communications,2452-2139,24522139,18282,Active,,Included,Included,Included,Included,https://www.sciencedirect.com/science/journal/24522139
Composites Engineering,0961-9526,9619526,984,Changed Name,Continued as Composites Part B: Engineering,Included,Included,Included,Included,https://www.sciencedirect.com/science/journal/09619526
Composites Manufacturing,0956-7143,9567143,3011,Incorporated,Incorporated into Composites Part A: Applied Science and Manufacturing,Included,Included,Included,Included,https://www.sciencedirect.com/science/journal/09567143
Composites Part A: Applied Science and Manufacturing,1359-835X,1359835X,3011,Active,Incorporating Composites and Composites Manufacturing,Included,Included,Included,Included,https://www.sciencedirect.com/science/journal/1359835X
Composites Part B: Engineering,1359-8368,13598368,984,Active,Formerly known as Composites Engineering,Included,Included,Included,Included,https://www.sciencedirect.com/science/journal/13598368
Composites Science and Technology,0266-3538,2663538,2019,Active,Formerly known as Fibre Science and Technology,Included,Included,Included,Included,https://www.sciencedirect.com/science/journal/02663538
Comprehensive Psychiatry,0010-440X,0010440X,13295,Active,,Included,Included,Included,Included,https://www.sciencedirect.com/science/journal/0010440X
Computational Biology and Chemistry,1476-9271,14769271,379,Active,Formerly known as Computers & Chemistry,Included,Included,Included,Included,https://www.sciencedirect.com/science/journal/14769271
Computational Condensed Matter,2352-2143,23522143,17743,Active,,Included,Included,Included,Included,https://www.sciencedirect.com/science/journal/23522143
Computational Geometry,0925-7721,9257721,5258,Active,,Included,Included,Included,Included,https://www.sciencedirect.com/science/journal/09257721
Computational Materials Science,0927-0256,9270256,5193,Active,,Included,Included,Included,Included,https://www.sciencedirect.com/science/journal/09270256
Computational Statistics & Data Analysis,0167-9473,1679473,5364,Active,,Included,Included,Included,Included,https://www.sciencedirect.com/science/journal/01679473
Computational and Theoretical Chemistry,2210-271X,2210271X,5164,Active,Formerly known as Journal of Molecular Structure: THEOCHEM,Included,Included,Included,Included,https://www.sciencedirect.com/science/journal/2210271X
Computational and Theoretical Polymer Science,1089-3156,10893156,3078,Incorporated,Incorporated into Polymer,Included,Included,Included,Included,https://www.sciencedirect.com/science/journal/10893156
Computational Toxicology,2468-1113,24681113,18335,Active,,Included,Included,Included,Included,https://www.sciencedirect.com/science/journal/24681113
Computer-Aided Design,0010-4485,104485,3014,Active,,Included,Included,Included,Included,https://www.sciencedirect.com/science/journal/00104485
Computer Aided Geometric Design,0167-8396,1678396,5259,Active,,Included,Included,Included,Included,https://www.sciencedirect.com/science/journal/01678396
Computer Audit Update,0960-2593,9602593,2111,Discontinued,Title discontinued as of 1998,Included,Included,Included,Included,https://www.sciencedirect.com/science/journal/09602593
Computer Communications,0140-3664,1403664,5260,Active,,Included,Included,Included,Included,https://www.sciencedirect.com/science/journal/01403664
Computer Fraud & Security Bulletin,0142-0496,1420496,2065,Changed Name,Continued as Computer Fraud & Security,Included,Included,Included,Included,https://www.sciencedirect.com/science/journal/01420496
Computer Integrated Manufacturing Systems,0951-5240,9515240,704,Incorporated,Incorporated into Robotics and Computer-Integrated Manufacturing,Included,Included,Included,Included,https://www.sciencedirect.com/science/journal/09515240
Computer Languages,0096-0551,960551,12682,Changed Name,"Continued as Computer Languages, Systems & Structures",Included,Included,Included,Included,https://www.sciencedirect.com/science/journal/00960551
"Computer Languages, Systems & Structures",1477-8424,14778424,12682,Incorporated,Formerly known as Computer Languages; Incorporated into Journal of Visual Languages & Computing,Included,Included,Included,Included,https://www.sciencedirect.com/science/journal/14778424
Computer Law & Security Review,0267-3649,2673649,2066,Active,,Included,Included,Included,Included,https://www.sciencedirect.com/science/journal/02673649
Computer Methods in Applied Mechanics and Engineering,0045-7825,457825,6004,Active,,Included,Included,Included,Included,https://www.sciencedirect.com/science/journal/00457825
Computer Methods and Programs in Biomedicine,0169-2607,1692607,8010,Active,Formerly known as Computer Programs in Biomedicine,Included,Included,Included,Included,https://www.sciencedirect.com/science/journal/01692607
Computer Networks,1389-1286,13891286,5262,Active,Formerly known as Computer Networks and ISDN Systems,Included,Included,Included,Included,https://www.sciencedirect.com/science/journal/13891286
Computer Networks and ISDN Systems,0169-7552,1697552,5262,Changed Name,Formerly known as Computer Networks (1976); Continued as Computer Networks,Included,Included,Included,Included,https://www.sciencedirect.com/science/journal/01697552
Computer Physics Communications,0010-4655,104655,5194,Active,,Included,Included,Included,Included,https://www.sciencedirect.com/science/journal/00104655
Computer Science Review,1574-0137,15740137,14035,Active,,Included,Included,Included,Included,https://www.sciencedirect.com/science/journal/15740137
Computer Speech & Language,0885-2308,8852308,12659,Active,,Included,Included,Included,Included,https://www.sciencedirect.com/science/journal/08852308
Computer Standards & Interfaces,0920-5489,9205489,5264,Active,Incorporating Computers and Standards and Interfaces in Computing,Included,Included,Included,Included,https://www.sciencedirect.com/science/journal/09205489
Computer Vision and Image Understanding,1077-3142,10773142,12024,Active,Formerly known as CVGIP: Image Understanding,Included,Included,Included,Included,https://www.sciencedirect.com/science/journal/10773142
Computerized Medical Imaging and Graphics,0895-6111,8956111,292,Active,Formerly known as Computerized Radiology,Included,Included,Included,Included,https://www.sciencedirect.com/science/journal/08956111
Computers in Biology and Medicine,0010-4825,104825,351,Active,,Included,Included,Included,Included,https://www.sciencedirect.com/science/journal/00104825
Computers and Biomedical Research,0010-4809,104809,12017,Changed Name,Continued as Journal of Biomedical Informatics,Included,Included,Included,Included,https://www.sciencedirect.com/science/journal/00104809
Computers & Chemical Engineering,0098-1354,981354,349,Active,,Included,Included,Included,Included,https://www.sciencedirect.com/science/journal/00981354
Computers & Chemistry,0097-8485,978485,379,Changed Name,Continued as Computational Biology and Chemistry,Included,Included,Included,Included,https://www.sciencedirect.com/science/journal/00978485
Computers and Composition,8755-4615,87554615,7452,Active,,Included,Included,Included,Included,https://www.sciencedirect.com/science/journal/87554615
Computers & Education,0360-1315,3601315,347,Active,,Included,Included,Included,Included,https://www.sciencedirect.com/science/journal/03601315
Computers & Electrical Engineering,0045-7906,457906,367,Active,,Included,Included,Included,Included,https://www.sciencedirect.com/science/journal/00457906
Computers and Electronics in Agriculture,0168-1699,1681699,5099,Active,,Included,Included,Included,Included,https://www.sciencedirect.com/science/journal/01681699
"Computers, Environment and Urban Systems",0198-9715,1989715,304,Active,Formerly known as Urban Systems,Included,Included,Included,Included,https://www.sciencedirect.com/science/journal/01989715
Computers & Fluids,0045-7930,457930,365,Active,,Included,Included,Included,Included,https://www.sciencedirect.com/science/journal/00457930
Computers & Geosciences,0098-3004,983004,398,Active,,Included,Included,Included,Included,https://www.sciencedirect.com/science/journal/00983004
Computers and Geotechnics,0266-352X,0266352X,2016,Active,,Included,Included,Included,Included,https://www.sciencedirect.com/science/journal/0266352X
Computers & Graphics,0097-8493,978493,371,Active,,Included,Included,Included,Included,https://www.sciencedirect.com/science/journal/00978493
Computers in Human Behavior,0747-5632,7475632,759,Active,,Included,Included,Included,Included,https://www.sciencedirect.com/science/journal/07475632
Computers & Industrial Engineering,0360-8352,3608352,399,Active,,Included,Included,Included,Included,https://www.sciencedirect.com/science/journal/03608352
Computers in Industry,0166-3615,1663615,5365,Active,,Included,Included,Included,Included,https://www.sciencedirect.com/science/journal/01663615
Computers & Mathematics with Applications,0898-1221,8981221,301,Active,,Included,Included,Included,Included,https://www.sciencedirect.com/science/journal/08981221
Computers & Operations Research,0305-0548,3050548,300,Active,Incorporating Location Science and Surveys in Operations Research and Management Science,Included,Included,Included,Included,https://www.sciencedirect.com/science/journal/03050548
Computers & Security,0167-4048,1674048,2069,Active,,Included,Included,Included,Included,https://www.sciencedirect.com/science/journal/01674048
Computers & Structures,0045-7949,457949,359,Active,,Included,Included,Included,Included,https://www.sciencedirect.com/science/journal/00457949
Computing Systems in Engineering,0956-0521,9560521,2000,Incorporated,Incorporated into Advances in Engineering Software,Included,Included,Included,Included,https://www.sciencedirect.com/science/journal/09560521
Consciousness and Cognition,1053-8100,10538100,12018,Active,,Included,Included,Included,Included,https://www.sciencedirect.com/science/journal/10538100
Construction and Building Materials,0950-0618,9500618,3017,Active,,Included,Included,Included,Included,https://www.sciencedirect.com/science/journal/09500618
Contact Lens and Anterior Eye,1367-0484,13670484,5462,Active,Formerly known as Journal of The British Contact Lens Association; Incorporating International Contact Lens Clinic,Included,Included,Included,Included,https://www.sciencedirect.com/science/journal/13670484
Contemporary Clinical Trials,1551-7144,15517144,7636,Active,Formerly known as Controlled Clinical Trials,Included,Included,Included,Included,https://www.sciencedirect.com/science/journal/15517144
Contemporary Educational Psychology,0361-476X,0361476X,12019,Active,,Included,Included,Included,Included,https://www.sciencedirect.com/science/journal/0361476X
Continental Shelf Research,0278-4343,2784343,662,Active,,Included,Included,Included,Included,https://www.sciencedirect.com/science/journal/02784343
Contraception,0010-7824,107824,7629,Active,,Included,Included,Included,Included,https://www.sciencedirect.com/science/journal/00107824
Control Engineering Practice,0967-0661,9670661,123,Active,,Included,Included,Included,Included,https://www.sciencedirect.com/science/journal/09670661
Controlled Clinical Trials,0197-2456,1972456,7636,Changed Name,Continued as Contemporary Clinical Trials,Included,Included,Included,Included,https://www.sciencedirect.com/science/journal/01972456
Coordination Chemistry Reviews,0010-8545,108545,6005,Active,,Included,Included,Included,Included,https://www.sciencedirect.com/science/journal/00108545
Coronary Health Care,1362-3265,13623265,12740,Discontinued,Title discontinued as of 2001,Included,Included,Included,Included,https://www.sciencedirect.com/science/journal/13623265
Corrosion Science,0010-938X,0010938X,260,Active,,Included,Included,Included,Included,https://www.sciencedirect.com/science/journal/0010938X
Cortex,0010-9452,109452,15801,Active,,Included,Included,Included,Included,https://www.sciencedirect.com/science/journal/00109452
COSPAR Information Bulletin,0045-8732,458732,587,Changed Name,Continued as Space Research Today,Included,Included,Included,Included,https://www.sciencedirect.com/science/journal/00458732
Cretaceous Research,0195-6671,1956671,12634,Active,,Included,Included,Included,Included,https://www.sciencedirect.com/science/journal/01956671
Critical Perspectives on Accounting,1045-2354,10452354,12681,Active,,Included,Included,Included,Included,https://www.sciencedirect.com/science/journal/10452354
Critical Reviews in Oncology/Hematology,1040-8428,10408428,8011,Active,,Included,Included,Included,Included,https://www.sciencedirect.com/science/journal/10408428
Crop Protection,0261-2194,2612194,3018,Active,,Included,Included,Included,Included,https://www.sciencedirect.com/science/journal/02612194
Cryobiology,0011-2240,112240,12023,Active,,Included,Included,Included,Included,https://www.sciencedirect.com/science/journal/00112240
Cryogenics,0011-2275,112275,3019,Active,,Included,Included,Included,Included,https://www.sciencedirect.com/science/journal/00112275
Crystal Engineering,1463-0184,14630184,1036,Discontinued,Title discontinued as of 2004,Included,Included,Included,Included,https://www.sciencedirect.com/science/journal/14630184
Current Anaesthesia & Critical Care,0953-7112,9537112,12728,Changed Name,Continued as Trends in Anaesthesia and Critical Care,Included,Included,Included,Included,https://www.sciencedirect.com/science/journal/09537112
Current Applied Physics,1567-1739,15671739,5572,Active,,Included,Included,Included,Included,https://www.sciencedirect.com/science/journal/15671739
Current Diagnostic Pathology,0968-6053,9686053,12714,Changed Name,Continued as Diagnostic Histopathology,Included,Included,Included,Included,https://www.sciencedirect.com/science/journal/09686053
Current Obstetrics & Gynaecology,0957-5847,9575847,12729,Changed Name,"Continued as Obstetrics, Gynaecology & Reproductive Medicine",Included,Included,Included,Included,https://www.sciencedirect.com/science/journal/09575847
Current Opinion in Behavioral Sciences,2352-1546,23521546,18058,Active,,Included,Included,Included,Included,https://www.sciencedirect.com/science/journal/23521546
Current Opinion in Biomedical Engineering,2468-4511,24684511,18894,Active,,Included,Included,Included,Included,https://www.sciencedirect.com/science/journal/24684511
Current Opinion in Biotechnology,0958-1669,9581669,2219,Active,,Included,Included,Included,Included,https://www.sciencedirect.com/science/journal/09581669
Current Opinion in Cell Biology,0955-0674,9550674,2220,Active,,Included,Included,Included,Included,https://www.sciencedirect.com/science/journal/09550674
Current Opinion in Chemical Biology,1367-5931,13675931,2221,Active,,Included,Included,Included,Included,https://www.sciencedirect.com/science/journal/13675931
Current Opinion in Chemical Engineering,2211-3398,22113398,12954,Active,,Included,Included,Included,Included,https://www.sciencedirect.com/science/journal/22113398
Current Opinion in Colloid & Interface Science,1359-0294,13590294,2228,Active,,Included,Included,Included,Included,https://www.sciencedirect.com/science/journal/13590294
Current Opinion in Electrochemistry,2451-9103,24519103,18358,Active,,Included,Included,Included,Included,https://www.sciencedirect.com/science/journal/24519103
Current Opinion in Endocrine and Metabolic Research,2451-9650,24519650,18341,Active,,Included,Included,Included,Included,https://www.sciencedirect.com/science/journal/24519650
Current Opinion in Environmental Science & Health,2468-5844,24685844,18370,Active,,Included,Included,Included,Included,https://www.sciencedirect.com/science/journal/24685844
Current Opinion in Environmental Sustainability,1877-3435,18773435,8672,Active,,Included,Included,Included,Included,https://www.sciencedirect.com/science/journal/18773435
Current Opinion in Food Science,2214-7993,22147993,17049,Active,,Included,Included,Included,Included,https://www.sciencedirect.com/science/journal/22147993
Current Opinion in Genetics & Development,0959-437X,0959437X,2222,Active,,Included,Included,Included,Included,https://www.sciencedirect.com/science/journal/0959437X
Current Opinion in Green and Sustainable Chemistry,2452-2236,24522236,18302,Active,,Included,Included,Included,Included,https://www.sciencedirect.com/science/journal/24522236
Current Opinion in Immunology,0952-7915,9527915,2223,Active,,Included,Included,Included,Included,https://www.sciencedirect.com/science/journal/09527915
Current Opinion in Insect Science,2214-5745,22145745,13467,Active,,Included,Included,Included,Included,https://www.sciencedirect.com/science/journal/22145745
Current Opinion in Microbiology,1369-5274,13695274,2224,Active,,Included,Included,Included,Included,https://www.sciencedirect.com/science/journal/13695274
Current Opinion in Neurobiology,0959-4388,9594388,2225,Active,,Included,Included,Included,Included,https://www.sciencedirect.com/science/journal/09594388
Current Opinion in Pharmacology,1471-4892,14714892,2277,Active,,Included,Included,Included,Included,https://www.sciencedirect.com/science/journal/14714892
Current Opinion in Physiology,2468-8673,24688673,18380,Active,,Included,Included,Included,Included,https://www.sciencedirect.com/science/journal/24688673
Current Opinion in Plant Biology,1369-5266,13695266,2226,Active,,Included,Included,Included,Included,https://www.sciencedirect.com/science/journal/13695266
Current Opinion in Psychology,2352-250X,2352250X,18066,Active,,Included,Included,Included,Included,https://www.sciencedirect.com/science/journal/2352250X
Current Opinion in Solid State and Materials Science,1359-0286,13590286,2229,Active,,Included,Included,Included,Included,https://www.sciencedirect.com/science/journal/13590286
Current Opinion in Structural Biology,0959-440X,0959440X,2227,Active,,Included,Included,Included,Included,https://www.sciencedirect.com/science/journal/0959440X
Current Opinion in Systems Biology,2452-3100,24523100,18300,Active,,Included,Included,Included,Included,https://www.sciencedirect.com/science/journal/24523100
Current Opinion in Toxicology,2468-2020,24682020,18337,Active,,Included,Included,Included,Included,https://www.sciencedirect.com/science/journal/24682020
Current Opinion in Virology,1879-6257,18796257,8728,Active,,Included,Included,Included,Included,https://www.sciencedirect.com/science/journal/18796257
Current Orthopaedics,0268-0890,2680890,12730,Changed Name,Continued as Orthopaedics and Trauma,Included,Included,Included,Included,https://www.sciencedirect.com/science/journal/02680890
Current Paediatrics,0957-5839,9575839,12731,Changed Name,Continued as Paediatrics and Child Health,Included,Included,Included,Included,https://www.sciencedirect.com/science/journal/09575839
Current Problems in Cancer,0147-0272,1470272,13305,Active,,Included,Included,Included,Included,https://www.sciencedirect.com/science/journal/01470272
Current Problems in Cardiology,0146-2806,1462806,13235,Active,,Included,Included,Included,Included,https://www.sciencedirect.com/science/journal/01462806
Current Problems in Dermatology,1040-0486,10400486,13307,Discontinued,Title discontinued as of 2004,Included,Included,Included,Included,https://www.sciencedirect.com/science/journal/10400486
Current Problems in Diagnostic Radiology,0363-0188,3630188,13077,Active,,Included,Included,Included,Included,https://www.sciencedirect.com/science/journal/03630188
Current Problems in Pediatric and Adolescent Health Care,1538-5442,15385442,13250,Active,Formerly known as Current Problems in Pediatrics,Included,Included,Included,Included,https://www.sciencedirect.com/science/journal/15385442
Current Problems in Pediatrics,0045-9380,459380,13250,Changed Name,Continued as Current Problems in Pediatric and Adolescent Health Care,Included,Included,Included,Included,https://www.sciencedirect.com/science/journal/00459380
Current Problems in Surgery,0011-3840,113840,13086,Active,,Included,Included,Included,Included,https://www.sciencedirect.com/science/journal/00113840
Current Research in Translational Medicine ,2452-3186,24523186,9094,Active,Formerly known as Pathologie Biologie,Included,Included,Included,Included,https://www.sciencedirect.com/science/journal/24523186
Current Surgery,0149-7944,1497944,7589,Changed Name,Continued as Journal of Surgical Education,Included,Included,Included,Included,https://www.sciencedirect.com/science/journal/01497944
Currents in Pharmacy Teaching and Learning,1877-1297,18771297,13445,Active,,Included,Included,Included,Included,https://www.sciencedirect.com/science/journal/18771297
Cytokine,1043-4666,10434666,12674,Active,,Included,Included,Included,Included,https://www.sciencedirect.com/science/journal/10434666
Cytokine & Growth Factor Reviews,1359-6101,13596101,868,Active,Formerly known as Progress in Growth Factor Research,Included,Included,Included,Included,https://www.sciencedirect.com/science/journal/13596101
Cytotherapy,1465-3249,14653249,14134,Active,,Included,Included,Included,Included,https://www.sciencedirect.com/science/journal/14653249
Data & Knowledge Engineering,0169-023X,0169023X,5265,Active,,Included,Included,Included,Included,https://www.sciencedirect.com/science/journal/0169023X
Decision Support Systems,0167-9236,1679236,5366,Active,,Included,Included,Included,Included,https://www.sciencedirect.com/science/journal/01679236
Deep Sea Research Part I: Oceanographic Research Papers,0967-0637,9670637,489,Active,Formerly part of Deep Sea Research Part A. Oceanographic Research Papers,Included,Included,Included,Included,https://www.sciencedirect.com/science/journal/09670637
Deep Sea Research Part II: Topical Studies in Oceanography,0967-0645,9670645,116,Active,Formerly part of Deep Sea Research Part A. Oceanographic Research Papers,Included,Included,Included,Included,https://www.sciencedirect.com/science/journal/09670645
Dendrochronologia,1125-7865,11257865,10004,Active,,Included,Included,Included,Included,https://www.sciencedirect.com/science/journal/11257865
Dental Abstracts,0011-8486,118486,13022,Active,,Included,Included,Included,Included,https://www.sciencedirect.com/science/journal/00118486
Dental Materials,0109-5641,1095641,2214,Active,,Included,Included,Included,Included,https://www.sciencedirect.com/science/journal/01095641
Desalination,0011-9164,119164,5152,Active,,Included,Included,Included,Included,https://www.sciencedirect.com/science/journal/00119164
Design Studies,0142-694X,0142694X,3021,Active,,Included,Included,Included,Included,https://www.sciencedirect.com/science/journal/0142694X
Development and Sustainability in Economics and Finance,2950-5240,29505240,31814,Active,,,,Included,Included,https://www.sciencedirect.com/science/journal/29505240
Developmental Biology,0012-1606,121606,12025,Active,,Included,Included,Included,Included,https://www.sciencedirect.com/science/journal/00121606
Developmental Brain Research,0165-3806,1653806,5018,Incorporated,Incorporated into Brain Research,Included,Included,Included,Included,https://www.sciencedirect.com/science/journal/01653806
Developmental & Comparative Immunology,0145-305X,0145305X,275,Active,,Included,Included,Included,Included,https://www.sciencedirect.com/science/journal/0145305X
Developmental Review,0273-2297,2732297,12026,Active,,Included,Included,Included,Included,https://www.sciencedirect.com/science/journal/02732297
Diabetes & Metabolic Syndrome: Clinical Research and Reviews,1871-4021,18714021,4250,Active,,Included,Included,Included,Included,https://www.sciencedirect.com/science/journal/18714021
Diabetes & Metabolism,1262-3636,12623636,15535,Active,,Included,Included,Included,Included,https://www.sciencedirect.com/science/journal/12623636
Diabetes Research and Clinical Practice,0168-8227,1688227,8012,Active,,Included,Included,Included,Included,https://www.sciencedirect.com/science/journal/01688227
Diagnostic Histopathology,1756-2317,17562317,12714,Active,Formerly known as Current Diagnostic Pathology,Included,Included,Included,Included,https://www.sciencedirect.com/science/journal/17562317
Diagnostic and Interventional Imaging,2211-5684,22115684,15892,Active,,Included,Included,Included,Included,https://www.sciencedirect.com/science/journal/22115684
Diagnostic Microbiology and Infectious Disease,0732-8893,7328893,7639,Active,,Included,Included,Included,Included,https://www.sciencedirect.com/science/journal/07328893
Diamond and Related Materials,0925-9635,9259635,6006,Active,,Included,Included,Included,Included,https://www.sciencedirect.com/science/journal/09259635
Differential Geometry and its Applications,0926-2245,9262245,5266,Active,,Included,Included,Included,Included,https://www.sciencedirect.com/science/journal/09262245
Differentiation,0301-4681,3014681,8664,Active,,Included,Included,Included,Included,https://www.sciencedirect.com/science/journal/03014681
Digestive and Liver Disease,1590-8658,15908658,12918,Active,,Included,Included,Included,Included,https://www.sciencedirect.com/science/journal/15908658
Digestive and Liver Disease Supplements,1594-5804,15945804,12604,Active,,Included,Included,Included,Included,https://www.sciencedirect.com/science/journal/15945804
Digital Applications in Archaeology and Cultural Heritage,2212-0548,22120548,8821,Active,,Included,Included,Included,Included,https://www.sciencedirect.com/science/journal/22120548
Digital Investigation,1742-2876,17422876,4064,Changed Name,Continued as Forensic Science International: Digital Investigation,Included,Included,Included,Included,https://www.sciencedirect.com/science/journal/17422876
Digital Signal Processing,1051-2004,10512004,12027,Active,,Included,Included,Included,Included,https://www.sciencedirect.com/science/journal/10512004
Disability and Health Journal,1936-6574,19366574,13428,Active,,Included,Included,Included,Included,https://www.sciencedirect.com/science/journal/19366574
Disaster Management & Response,1540-2487,15402487,13336,Discontinued,Formerly known as International Journal of Trauma Nursing; Title discontinued as of 2008,Included,Included,Included,Included,https://www.sciencedirect.com/science/journal/15402487
"Discourse, Context & Media",2211-6958,22116958,12970,Active,,Included,Included,Included,Included,https://www.sciencedirect.com/science/journal/22116958
Discrete Applied Mathematics,0166-218X,0166218X,5267,Active,,Included,Included,Included,Included,https://www.sciencedirect.com/science/journal/0166218X
Discrete Mathematics,0012-365X,0012365X,5268,Active,,Included,Included,Included,Included,https://www.sciencedirect.com/science/journal/0012365X
Discrete Optimization,1572-5286,15725286,5497,Active,,Included,Included,Included,Included,https://www.sciencedirect.com/science/journal/15725286
Disease-a-Month,0011-5029,115029,13237,Active,,Included,Included,Included,Included,https://www.sciencedirect.com/science/journal/00115029
Displays,0141-9382,1419382,5270,Active,,Included,Included,Included,Included,https://www.sciencedirect.com/science/journal/01419382
DNA Repair,1568-7864,15687864,5466,Active,Formerly known as Mutation Research/DNA Repair,Included,Included,Included,Included,https://www.sciencedirect.com/science/journal/15687864
DoctorConsult – The Journal. Wissen für Klinik und Praxis,1879-4122,18794122,10066,Discontinued,Title discontinued as of 2013,Included,Included,Included,Included,https://www.sciencedirect.com/science/journal/18794122
Domestic Animal Endocrinology,0739-7240,7397240,7637,Active,,Included,Included,Included,Included,https://www.sciencedirect.com/science/journal/07397240
Drug and Alcohol Dependence,0376-8716,3768716,8013,Active,,Included,Included,Included,Included,https://www.sciencedirect.com/science/journal/03768716
Drug Discovery Today,1359-6446,13596446,2168,Active,"Incorporating Drug Discovery Today: TARGETS, Drug Discovery Today: BIOSILICO and Pharmaceutical Science & Technology Today",Included,Included,Included,Included,https://www.sciencedirect.com/science/journal/13596446
Drug Discovery Today: BIOSILICO,1741-8364,17418364,2168,Incorporated,Formerly known as BIOSILICO; Incorporated into Drug Discovery Today,Included,Included,Included,Included,https://www.sciencedirect.com/science/journal/17418364
Drug Discovery Today: Disease Mechanisms,1740-6765,17406765,2292,Discontinued,Title discontinued as of 2014,Included,Included,Included,Included,https://www.sciencedirect.com/science/journal/17406765
Drug Discovery Today: Disease Models,1740-6757,17406757,2293,Discontinued,Title discontinued as of 2021,Included,Included,Included,Included,https://www.sciencedirect.com/science/journal/17406757
Drug Discovery Today: TARGETS,1741-8372,17418372,2168,Incorporated,Formerly known as TARGETS; Incorporated into Drug Discovery Today,Included,Included,Included,Included,https://www.sciencedirect.com/science/journal/17418372
Drug Discovery Today: Technologies,1740-6749,17406749,2294,Discontinued,Discontinued as of 2022,Included,Included,Included,Included,https://www.sciencedirect.com/science/journal/17406749
Drug Discovery Today: Therapeutic Strategies,1740-6773,17406773,2295,Discontinued,Title discontinued as of 2014,Included,Included,Included,Included,https://www.sciencedirect.com/science/journal/17406773
Drug Metabolism and Pharmacokinetics,1347-4367,13474367,18127,Active,,Included,Included,Included,Included,https://www.sciencedirect.com/science/journal/13474367
Drug Resistance Updates,1368-7646,13687646,12758,Active,,Included,Included,Included,Included,https://www.sciencedirect.com/science/journal/13687646
Dyes and Pigments,0143-7208,1437208,2020,Active,,Included,Included,Included,Included,https://www.sciencedirect.com/science/journal/01437208
Dynamics of Atmospheres and Oceans,0377-0265,3770265,5327,Active,,Included,Included,Included,Included,https://www.sciencedirect.com/science/journal/03770265
Early Childhood Research Quarterly,0885-2006,8852006,7453,Active,,Included,Included,Included,Included,https://www.sciencedirect.com/science/journal/08852006
Early Human Development,0378-3782,3783782,8014,Active,Incorporating Screening,Included,Included,Included,Included,https://www.sciencedirect.com/science/journal/03783782
Earth and Planetary Science Letters,0012-821X,0012821X,5328,Active,,Included,Included,Included,Included,https://www.sciencedirect.com/science/journal/0012821X
Earth Science Frontiers,1872-5791,18725791,8597,Discontinued,Title discontinued as of 2010,Included,Included,Included,Included,https://www.sciencedirect.com/science/journal/18725791
Earth-Science Reviews,0012-8252,128252,5329,Active,Incorporating Atlas - News Supplement to Earth-Science Reviews,Included,Included,Included,Included,https://www.sciencedirect.com/science/journal/00128252
Eating Behaviors,1471-0153,14710153,2270,Active,,Included,Included,Included,Included,https://www.sciencedirect.com/science/journal/14710153
EAU-EBU Update Series,1871-2592,18712592,5469,Incorporated,Formerly known as EAU Update Series; Incorporated into European Urology Supplements,Included,Included,Included,Included,https://www.sciencedirect.com/science/journal/18712592
EAU Update Series,1570-9124,15709124,5469,Changed Name,Continued as EAU-EBU Update Series,Included,Included,Included,Included,https://www.sciencedirect.com/science/journal/15709124
Ecohydrology & Hydrobiology,1642-3593,16423593,11010,Active,,Included,Included,Included,Included,https://www.sciencedirect.com/science/journal/16423593
Ecological Complexity,1476-945X,1476945X,5494,Active,,Included,Included,Included,Included,https://www.sciencedirect.com/science/journal/1476945X
Ecological Economics,0921-8009,9218009,5100,Active,,Included,Included,Included,Included,https://www.sciencedirect.com/science/journal/09218009
Ecological Engineering,0925-8574,9258574,5101,Active,,Included,Included,Included,Included,https://www.sciencedirect.com/science/journal/09258574
Ecological Genetics and Genomics,2405-9854,24059854,18842,Active,,Included,Included,Included,Included,https://www.sciencedirect.com/science/journal/24059854
Ecological Indicators,1470-160X,1470160X,2273,Active,,Included,Included,Included,Included,https://www.sciencedirect.com/science/journal/1470160X
Ecological Informatics,1574-9541,15749541,5508,Active,,Included,Included,Included,Included,https://www.sciencedirect.com/science/journal/15749541
Ecological Modelling,0304-3800,3043800,5102,Active,,Included,Included,Included,Included,https://www.sciencedirect.com/science/journal/03043800
Econometrics and Statistics,2452-3062,24523062,18306,Active,,Included,Included,Included,Included,https://www.sciencedirect.com/science/journal/24523062
Economic Analysis and Policy,0313-5926,3135926,17037,Active,,Included,Included,Included,Included,https://www.sciencedirect.com/science/journal/03135926
Economic Modelling,0264-9993,2649993,3023,Active,,Included,Included,Included,Included,https://www.sciencedirect.com/science/journal/02649993
Economic Systems,0939-3625,9393625,5568,Active,,Included,Included,Included,Included,https://www.sciencedirect.com/science/journal/09393625
Economics of Education Review,0272-7757,2727757,743,Active,,Included,Included,Included,Included,https://www.sciencedirect.com/science/journal/02727757
Economics & Human Biology,1570-677X,1570677X,5475,Active,,Included,Included,Included,Included,https://www.sciencedirect.com/science/journal/1570677X
Economics Letters,0165-1765,1651765,6007,Active,,Included,Included,Included,Included,https://www.sciencedirect.com/science/journal/01651765
Economics of Transportation,2212-0122,22120122,12990,Active,,Included,Included,Included,Included,https://www.sciencedirect.com/science/journal/22120122
Ecosystem Services,2212-0416,22120416,8796,Active,,Included,Included,Included,Included,https://www.sciencedirect.com/science/journal/22120416
Ecotoxicology and Environmental Safety,0147-6513,1476513,12030,Active,,Included,Included,Included,Included,https://www.sciencedirect.com/science/journal/01476513
Education for Chemical Engineers,1749-7728,17497728,8630,Active,,Included,Included,Included,Included,https://www.sciencedirect.com/science/journal/17497728
Educational Research Review,1747-938X,1747938X,4233,Active,,Included,Included,Included,Included,https://www.sciencedirect.com/science/journal/1747938X
The Egyptian Rheumatologist,1110-1164,11101164,8733,Active,,,Included,Included,Included,https://www.sciencedirect.com/science/journal/11101164
Electoral Studies,0261-3794,2613794,3024,Active,,Included,Included,Included,Included,https://www.sciencedirect.com/science/journal/02613794
Electric Power Systems Research,0378-7796,3787796,6008,Active,,Included,Included,Included,Included,https://www.sciencedirect.com/science/journal/03787796
The Electricity Journal,1040-6190,10406190,7632,Active,,Included,Included,Included,Included,https://www.sciencedirect.com/science/journal/10406190
Electrochemistry Communications,1388-2481,13882481,6053,Active,,Included,Included,Included,Included,https://www.sciencedirect.com/science/journal/13882481
Electrochimica Acta,0013-4686,134686,205,Active,,Included,Included,Included,Included,https://www.sciencedirect.com/science/journal/00134686
Electroencephalography and Clinical Neurophysiology,0013-4694,134694,8065,Changed Name,Continued as Clinical Neurophysiology,Included,Included,Included,Included,https://www.sciencedirect.com/science/journal/00134694
Electroencephalography and Clinical Neurophysiology/Electromyography and Motor Control,0924-980X,0924980X,8065,Incorporated,Incorporated into Clinical Neurophysiology,Included,Included,Included,Included,https://www.sciencedirect.com/science/journal/0924980X
Electroencephalography and Clinical Neurophysiology/Evoked Potentials Section,0168-5597,1685597,8065,Incorporated,Incorporated into Clinical Neurophysiology,Included,Included,Included,Included,https://www.sciencedirect.com/science/journal/01685597
Electronic Commerce Research and Applications,1567-4223,15674223,5571,Active,,Included,Included,Included,Included,https://www.sciencedirect.com/science/journal/15674223
Electronic Notes in Discrete Mathematics,1571-0653,15710653,5485,Discontinued,Title discontinued as of 2021,Included,Included,Included,Included,https://www.sciencedirect.com/science/journal/15710653
EMC - Anesthésie-Réanimation,1638-6205,16386205,9161,Discontinued,Title discontinued as of 2006,Included,Included,Included,Included,https://www.sciencedirect.com/science/journal/16386205
EMC - Cardiologie-Angéiologie,1762-6137,17626137,9185,Discontinued,Title discontinued as of 2006,Included,Included,Included,Included,https://www.sciencedirect.com/science/journal/17626137
EMC - Chirurgie,1762-570X,1762570X,9182,Discontinued,Title discontinued as of 2006,Included,Included,Included,Included,https://www.sciencedirect.com/science/journal/1762570X
EMC - Dentisterie,1762-5661,17625661,9168,Changed Name,Continued as EMC - Odontologie and EMC - Stomatologie,Included,Included,Included,Included,https://www.sciencedirect.com/science/journal/17625661
EMC - Dermatologie-Cosmétologie,1762-5696,17625696,9169,Discontinued,Title discontinued as of 2006,Included,Included,Included,Included,https://www.sciencedirect.com/science/journal/17625696
EMC - Endocrinologie,1762-5653,17625653,9170,Discontinued,Title discontinued as of 2006,Included,Included,Included,Included,https://www.sciencedirect.com/science/journal/17625653
EMC - Gynécologie-Obstétrique,1762-6145,17626145,9186,Discontinued,Title discontinued as of 2006,Included,Included,Included,Included,https://www.sciencedirect.com/science/journal/17626145
EMC - Hématologie,1638-6213,16386213,9162,Discontinued,Title discontinued as of 2006,Included,Included,Included,Included,https://www.sciencedirect.com/science/journal/16386213
EMC - Hépato-Gastroenterologie,1769-6763,17696763,9163,Discontinued,Formerly known as EMC - Hépatologie; Title discontinued as of 2006,Included,Included,Included,Included,https://www.sciencedirect.com/science/journal/17696763
EMC - Hépatologie,1638-6221,16386221,9163,Changed Name,Continued as EMC - Hépato-Gastroenterologie,Included,Included,Included,Included,https://www.sciencedirect.com/science/journal/16386221
EMC - Kinésithérapie,1769-6852,17696852,9345,Discontinued,Formerly part of EMC - Podologie-Kinésithérapie; Title discontinued as of 2006,Included,Included,Included,Included,https://www.sciencedirect.com/science/journal/17696852
EMC - Maladies Infectieuses,1638-623X,1638623X,9164,Discontinued,Title discontinued as of 2006,Included,Included,Included,Included,https://www.sciencedirect.com/science/journal/1638623X
EMC - Médecine,1762-4193,17624193,9172,Discontinued,Title discontinued as of 2006,Included,Included,Included,Included,https://www.sciencedirect.com/science/journal/17624193
EMC - Néphrologie,1638-6248,16386248,9183,Discontinued,Title discontinued as of 2006,Included,Included,Included,Included,https://www.sciencedirect.com/science/journal/16386248
EMC - Neurologie,1762-4231,17624231,9173,Discontinued,Title discontinued as of 2006,Included,Included,Included,Included,https://www.sciencedirect.com/science/journal/17624231
EMC - Odontologie,1769-6836,17696836,9168,Discontinued,Formerly part of EMC - Dentisterie; Title discontinued as of 2006,Included,Included,Included,Included,https://www.sciencedirect.com/science/journal/17696836
EMC - Ophtalmologie,1762-584X,1762584X,9165,Discontinued,Title discontinued as of 2006,Included,Included,Included,Included,https://www.sciencedirect.com/science/journal/1762584X
EMC - Oto-rhino-laryngologie,1762-5688,17625688,9174,Discontinued,Title discontinued as of 2006,Included,Included,Included,Included,https://www.sciencedirect.com/science/journal/17625688
EMC - Pédiatrie,1762-6013,17626013,9184,Discontinued,Title discontinued as of 2006,Included,Included,Included,Included,https://www.sciencedirect.com/science/journal/17626013
EMC - Pneumologie,1762-4223,17624223,9175,Discontinued,Title discontinued as of 2006,Included,Included,Included,Included,https://www.sciencedirect.com/science/journal/17624223
EMC - Podologie,1769-6860,17696860,9343,Discontinued,Formerly part of EMC - Podologie-Kinésithérapie; Title discontinued as of 2006,Included,Included,Included,Included,https://www.sciencedirect.com/science/journal/17696860
EMC - Podologie-Kinésithérapie,1762-567X,1762567X,9171,Changed Name,Continued as EMC - Kinésithérapie and EMC - Podologie,Included,Included,Included,Included,https://www.sciencedirect.com/science/journal/1762567X
EMC - Psychiatrie,1762-5718,17625718,9158,Discontinued,Title discontinued as of 2006,Included,Included,Included,Included,https://www.sciencedirect.com/science/journal/17625718
EMC - Radiologie,1762-4185,17624185,9176,Discontinued,Title discontinued as of 2006,Included,Included,Included,Included,https://www.sciencedirect.com/science/journal/17624185
EMC - Rhumatologie-Orthopédie,1762-4207,17624207,9177,Discontinued,Title discontinued as of 2006,Included,Included,Included,Included,https://www.sciencedirect.com/science/journal/17624207
EMC - Stomatologie,1769-6844,17696844,9344,Discontinued,Formerly part of EMC - Dentisterie; Title discontinued as of 2006,Included,Included,Included,Included,https://www.sciencedirect.com/science/journal/17696844
EMC - Toxicologie-Pathologie,1762-5858,17625858,9166,Discontinued,Title discontinued as of 2006,Included,Included,Included,Included,https://www.sciencedirect.com/science/journal/17625858
EMC - Vétérinaire,1762-4215,17624215,9178,Discontinued,Title discontinued as of 2006,Included,Included,Included,Included,https://www.sciencedirect.com/science/journal/17624215
Emerging Markets Review,1566-0141,15660141,5556,Active,,Included,Included,Included,Included,https://www.sciencedirect.com/science/journal/15660141
"Emotion, Space and Society",1755-4586,17554586,4294,Active,,Included,Included,Included,Included,https://www.sciencedirect.com/science/journal/17554586
Endeavour,0160-9327,1609327,574,Active,,Included,Included,Included,Included,https://www.sciencedirect.com/science/journal/01609327
"Endocrinología, Diabetes y Nutrición (English ed.)",2530-0180,25300180,15790,Active,Formerly known as Endocrinología y Nutrición (English Edition),Included,Included,Included,Included,https://www.sciencedirect.com/science/journal/25300180
Endocrinología y Nutrición (English Edition),2173-5093,21735093,15790,Changed Name,"Continued as Endocrinología, Diabetes y Nutrición (English ed.)",Included,Included,Included,Included,https://www.sciencedirect.com/science/journal/21735093
Energy,0360-5442,3605442,483,Active,"Incorporating Exergy, An International Journal",Included,Included,Included,Included,https://www.sciencedirect.com/science/journal/03605442
Energy 360,2950-4872,29504872,31808,Active,,,,,Included,https://www.sciencedirect.com/science/journal/29504872
Energy and Buildings,0378-7788,3787788,6009,Active,,Included,Included,Included,Included,https://www.sciencedirect.com/science/journal/03787788
Energy and Climate Change,2666-2787,26662787,30271,Active,,Included,Included,Included,Included,https://www.sciencedirect.com/science/journal/26662787
Energy Conversion and Management,0196-8904,1968904,269,Active,Formerly known as Energy Conversion,Included,Included,Included,Included,https://www.sciencedirect.com/science/journal/01968904
Energy Economics,0140-9883,1409883,3025,Active,Incorporating Journal of Energy Finance & Development,Included,Included,Included,Included,https://www.sciencedirect.com/science/journal/01409883
Energy Policy,0301-4215,3014215,3026,Active,,Included,Included,Included,Included,https://www.sciencedirect.com/science/journal/03014215
Energy Research & Social Science,2214-6296,22146296,12630,Active,,Included,Included,Included,Included,https://www.sciencedirect.com/science/journal/22146296
Energy Storage Materials,2405-8297,24058297,18197,Active,,Included,Included,Included,Included,https://www.sciencedirect.com/science/journal/24058297
Energy Strategy Reviews,2211-467X,2211467X,12967,Active,,Included,Included,Included,Included,https://www.sciencedirect.com/science/journal/2211467X
Energy for Sustainable Development,0973-0826,9730826,7817,Active,,Included,Included,Included,Included,https://www.sciencedirect.com/science/journal/09730826
EnergyChem,2589-7780,25897780,18443,Active,,Included,Included,Included,Included,https://www.sciencedirect.com/science/journal/25897780
Enfermedades infecciosas y microbiologia clinica (English ed.),2529-993X,2529993X,16448,Active,,Included,Included,Included,Included,https://www.sciencedirect.com/science/journal/2529993X
Enfermería Clínica (English Edition),2445-1479,24451479,16435,Active,,Included,Included,Included,Included,https://www.sciencedirect.com/science/journal/24451479
Enfermería Intensiva (English ed.),2529-9840,25299840,16441,Active,,Included,Included,Included,Included,https://www.sciencedirect.com/science/journal/25299840
Engineering Analysis with Boundary Elements,0955-7997,9557997,2021,Active,Formerly known as Engineering Analysis,Included,Included,Included,Included,https://www.sciencedirect.com/science/journal/09557997
Engineering Applications of Artificial Intelligence,0952-1976,9521976,975,Active,,Included,Included,Included,Included,https://www.sciencedirect.com/science/journal/09521976
Engineering Failure Analysis,1350-6307,13506307,139,Active,,Included,Included,Included,Included,https://www.sciencedirect.com/science/journal/13506307
Engineering Fracture Mechanics,0013-7944,137944,322,Active,,Included,Included,Included,Included,https://www.sciencedirect.com/science/journal/00137944
Engineering Geology,0013-7952,137952,5330,Active,Incorporating Mining Science and Technology,Included,Included,Included,Included,https://www.sciencedirect.com/science/journal/00137952
Engineering Structures,0141-0296,1410296,3027,Active,,Included,Included,Included,Included,https://www.sciencedirect.com/science/journal/01410296
English for Specific Purposes,0889-4906,8894906,682,Active,Formerly known as The ESP Journal,Included,Included,Included,Included,https://www.sciencedirect.com/science/journal/08894906
Entertainment Computing,1875-9521,18759521,8654,Active,,Included,Included,Included,Included,https://www.sciencedirect.com/science/journal/18759521
Environment International,0160-4120,1604120,326,Active,,Included,Included,Included,Included,https://www.sciencedirect.com/science/journal/01604120
Environmental Development,2211-4645,22114645,8774,Active,,Included,Included,Included,Included,https://www.sciencedirect.com/science/journal/22114645
Environmental and Experimental Botany,0098-8472,988472,267,Active,Formerly known as Radiation Botany,Included,Included,Included,Included,https://www.sciencedirect.com/science/journal/00988472
Environmental Impact Assessment Review,0195-9255,1959255,7643,Active,,Included,Included,Included,Included,https://www.sciencedirect.com/science/journal/01959255
Environmental Innovation and Societal Transitions,2210-4224,22104224,8720,Active,,Included,Included,Included,Included,https://www.sciencedirect.com/science/journal/22104224
Environmental Modelling & Software,1364-8152,13648152,2023,Active,Formerly known as Environmental Software,Included,Included,Included,Included,https://www.sciencedirect.com/science/journal/13648152
"Environmental Nanotechnology, Monitoring & Management",2215-1532,22151532,17047,Active,,Included,Included,Included,Included,https://www.sciencedirect.com/science/journal/22151532
Environmental Pollution,0269-7491,2697491,2022,Active,"Incorporating Environmental Pollution Series A, Ecological and Biological and Environmental Pollution Series B, Chemical and Physical",Included,Included,Included,Included,https://www.sciencedirect.com/science/journal/02697491
Environmental Research,0013-9351,139351,12035,Active,,Included,Included,Included,Included,https://www.sciencedirect.com/science/journal/00139351
Environmental Science & Policy,1462-9011,14629011,1031,Active,,Included,Included,Included,Included,https://www.sciencedirect.com/science/journal/14629011
Environmental Software,0266-9838,2669838,2023,Changed Name,Continued as Environmental Modelling & Software,Included,Included,Included,Included,https://www.sciencedirect.com/science/journal/02669838
Environmental Technology & Innovation,2352-1864,23521864,18059,Active,,Included,Included,Included,Included,https://www.sciencedirect.com/science/journal/23521864
Environmental Toxicology and Pharmacology,1382-6689,13826689,5432,Active,Formerly known as European Journal of Pharmacology: Environmental Toxicology and Pharmacology,Included,Included,Included,Included,https://www.sciencedirect.com/science/journal/13826689
Enzyme and Microbial Technology,0141-0229,1410229,7644,Active,,Included,Included,Included,Included,https://www.sciencedirect.com/science/journal/01410229
Epilepsy & Behavior,1525-5050,15255050,12876,Active,,Included,Included,Included,Included,https://www.sciencedirect.com/science/journal/15255050
Epilepsy Research,0920-1211,9201211,5029,Active,Incorporating Journal of Epilepsy,Included,Included,Included,Included,https://www.sciencedirect.com/science/journal/09201211
"e-SPEN, the European e-Journal of Clinical Nutrition and Metabolism",1751-4991,17514991,4097,Changed Name,Continued as e-SPEN Journal,Included,Included,Included,Included,https://www.sciencedirect.com/science/journal/17514991
e-SPEN Journal,2212-8263,22128263,4097,Changed Name,"Formerly known as e-SPEN, the European e-Journal of Clinical Nutrition and Metabolism; continued as Clinical Nutrition ESPEN",Included,Included,Included,Included,https://www.sciencedirect.com/science/journal/22128263
"Estuarine, Coastal and Shelf Science",0272-7714,2727714,12641,Active,Formerly known as Estuarine and Coastal Marine Science,Included,Included,Included,Included,https://www.sciencedirect.com/science/journal/02727714
"Ethics, Medicine and Public Health",2352-5525,23525525,16354,Active,,Included,Included,Included,Included,https://www.sciencedirect.com/science/journal/23525525
Ethology and Sociobiology,0162-3095,1623095,7645,Changed Name,Continued as Evolution and Human Behavior,Included,Included,Included,Included,https://www.sciencedirect.com/science/journal/01623095
eTransportation,2590-1168,25901168,30078,Active,,Included,Included,Included,Included,https://www.sciencedirect.com/science/journal/25901168
"European Annals of Otorhinolaryngology, Head and Neck Diseases",1879-7296,18797296,15869,Active,,Included,Included,Included,Included,https://www.sciencedirect.com/science/journal/18797296
European Economic Review,0014-2921,142921,5368,Active,,Included,Included,Included,Included,https://www.sciencedirect.com/science/journal/00142921
European Geriatric Medicine,1878-7649,18787649,15865,Transferred,Transferred to Springer as of 2018,Included,Included,Included,Included,https://www.sciencedirect.com/science/journal/18787649
European Journal of Agronomy,1161-0301,11610301,5444,Active,,Included,Included,Included,Included,https://www.sciencedirect.com/science/journal/11610301
European Journal of Cancer,0959-8049,9598049,104,Active,Formerly known as European Journal of Cancer and Clinical Oncology,Included,Included,Included,Included,https://www.sciencedirect.com/science/journal/09598049
European Journal of Cancer Part B: Oral Oncology,0964-1955,9641955,105,Changed Name,Continued as Oral Oncology,Included,Included,Included,Included,https://www.sciencedirect.com/science/journal/09641955
European Journal of Cancer Supplements,1359-6349,13596349,110,Active,,Included,Included,Included,Included,https://www.sciencedirect.com/science/journal/13596349
European Journal of Cell Biology,0171-9335,1719335,10005,Active,,Included,Included,Included,Included,https://www.sciencedirect.com/science/journal/01719335
European Journal of Combinatorics,0195-6698,1956698,12636,Active,,Included,Included,Included,Included,https://www.sciencedirect.com/science/journal/01956698
European Journal of Control,0947-3580,9473580,17015,Active,,Included,Included,Included,Included,https://www.sciencedirect.com/science/journal/09473580
European Journal of Integrative Medicine,1876-3820,18763820,10062,Active,,Included,Included,Included,Included,https://www.sciencedirect.com/science/journal/18763820
European Journal of Internal Medicine,0953-6205,9536205,5551,Active,,Included,Included,Included,Included,https://www.sciencedirect.com/science/journal/09536205
European Journal of Mechanics - A/Solids,0997-7538,9977538,9030,Active,,Included,Included,Included,Included,https://www.sciencedirect.com/science/journal/09977538
European Journal of Mechanics - B/Fluids,0997-7546,9977546,9031,Active,,Included,Included,Included,Included,https://www.sciencedirect.com/science/journal/09977546
European Journal of Medical Genetics,1769-7212,17697212,9081,Active,Formerly known as Annales de Génétique,Included,Included,Included,Included,https://www.sciencedirect.com/science/journal/17697212
European Journal of Medicinal Chemistry,0223-5234,2235234,9032,Active,,Included,Included,Included,Included,https://www.sciencedirect.com/science/journal/02235234
European Journal of Obstetrics & Gynecology and Reproductive Biology,0301-2115,3012115,8018,Active,Formerly known as European Journal of Obstetrics & Gynecology,Included,Included,Included,Included,https://www.sciencedirect.com/science/journal/03012115
European Journal of Oncology Nursing,1462-3889,14623889,12746,Active,Formerly known as Journal of Cancer Nursing,Included,Included,Included,Included,https://www.sciencedirect.com/science/journal/14623889
European Journal of Operational Research,0377-2217,3772217,5369,Active,,Included,Included,Included,Included,https://www.sciencedirect.com/science/journal/03772217
European Journal of Paediatric Neurology,1090-3798,10903798,12707,Active,,Included,Included,Included,Included,https://www.sciencedirect.com/science/journal/10903798
European Journal of Pharmaceutical Sciences,0928-0987,9280987,5030,Active,Incorporating Pharmaceutica Acta Helvetiae,Included,Included,Included,Included,https://www.sciencedirect.com/science/journal/09280987
European Journal of Pharmaceutics and Biopharmaceutics,0939-6411,9396411,5446,Active,,Included,Included,Included,Included,https://www.sciencedirect.com/science/journal/09396411
European Journal of Pharmacology,0014-2999,142999,5031,Active,Incorporating European Journal of Pharmacology: Molecular Pharmacology,Included,Included,Included,Included,https://www.sciencedirect.com/science/journal/00142999
European Journal of Pharmacology: Environmental Toxicology and Pharmacology,0926-6917,9266917,5432,Changed Name,Continued as Environmental Toxicology and Pharmacology,Included,Included,Included,Included,https://www.sciencedirect.com/science/journal/09266917
European Journal of Pharmacology: Molecular Pharmacology,0922-4106,9224106,5031,Incorporated,Incorporated into European Journal of Pharmacology,Included,Included,Included,Included,https://www.sciencedirect.com/science/journal/09224106
European Journal of Political Economy,0176-2680,1762680,5370,Active,,Included,Included,Included,Included,https://www.sciencedirect.com/science/journal/01762680
European Journal of Protistology,0932-4739,9324739,10028,Active,,Included,Included,Included,Included,https://www.sciencedirect.com/science/journal/09324739
The European Journal of Psychiatry,0213-6163,2136163,16440,Active,,Included,Included,Included,Included,https://www.sciencedirect.com/science/journal/02136163
European Journal of Purchasing & Supply Management,0969-7012,9697012,3028,Changed Name,Continued as Journal of Purchasing and Supply Management,Included,Included,Included,Included,https://www.sciencedirect.com/science/journal/09697012
European Journal of Radiology,0720-048X,0720048X,8019,Active,,Included,Included,Included,Included,https://www.sciencedirect.com/science/journal/0720048X
European Journal of Radiology Extra,1571-4675,15714675,4055,Discontinued,Title discontinued as of 2012,Included,Included,Included,Included,https://www.sciencedirect.com/science/journal/15714675
European Journal of Soil Biology,1164-5563,11645563,9033,Active,,Included,Included,Included,Included,https://www.sciencedirect.com/science/journal/11645563
European Journal of Solid State and Inorganic Chemistry,0992-4361,9924361,9067,Changed Name,Continued as Solid State Sciences,Included,Included,Included,Included,https://www.sciencedirect.com/science/journal/09924361
European Journal of Surgical Oncology,0748-7983,7487983,12656,Active,,Included,Included,Included,Included,https://www.sciencedirect.com/science/journal/07487983
European Journal of Trauma & Dissociation,2468-7499,24687499,16442,Active,,Included,Included,Included,Included,https://www.sciencedirect.com/science/journal/24687499
European Journal of Ultrasound,0929-8266,9298266,8020,Discontinued,Title discontinued as of 2003,Included,Included,Included,Included,https://www.sciencedirect.com/science/journal/09298266
European Journal of Vascular and Endovascular Surgery,1078-5884,10785884,12672,Active,Formerly known as European Journal of Vascular Surgery,Included,Included,Included,Included,https://www.sciencedirect.com/science/journal/10785884
European Management Journal,0263-2373,2632373,115,Active,,Included,Included,Included,Included,https://www.sciencedirect.com/science/journal/02632373
European Neuropsychopharmacology,0924-977X,0924977X,5033,Active,,Included,Included,Included,Included,https://www.sciencedirect.com/science/journal/0924977X
European Polymer Journal,0014-3057,143057,294,Active,,Included,Included,Included,Included,https://www.sciencedirect.com/science/journal/00143057
European Research in Telemedicine / La Recherche Européenne en Télémédecine,2212-764X,2212764X,15261,Discontinued,Title discontinued as of 2018,Included,Included,Included,Included,https://www.sciencedirect.com/science/journal/2212764X
European Urology,0302-2838,3022838,5436,Active,,Included,Included,Included,Included,https://www.sciencedirect.com/science/journal/03022838
European Urology Focus,2405-4569,24054569,18216,Active,,Included,Included,Included,Included,https://www.sciencedirect.com/science/journal/24054569
European Urology Oncology,2588-9311,25889311,18434,Active,,Included,Included,Included,Included,https://www.sciencedirect.com/science/journal/25889311
European Urology Supplements,1569-9056,15699056,5469,Changed Name,Incorporating EAU-EBU Update Series; Continued as European Urology Open Science,Included,Included,Included,Included,https://www.sciencedirect.com/science/journal/15699056
Evaluation and Program Planning,0149-7189,1497189,593,Active,,Included,Included,Included,Included,https://www.sciencedirect.com/science/journal/01497189
Evidence-based Cardiovascular Medicine,1361-2611,13612611,12755,Discontinued,Title discontinued as of 2007,Included,Included,Included,Included,https://www.sciencedirect.com/science/journal/13612611
Evidence-based Healthcare,1462-9410,14629410,12754,Changed Name,Continued as Evidence-based Healthcare and Public Health,Included,Included,Included,Included,https://www.sciencedirect.com/science/journal/14629410
Evidence-based Healthcare and Public Health,1744-2249,17442249,12754,Discontinued,Formerly known as Evidence-based Healthcare; Title discontinued as of 2006,Included,Included,Included,Included,https://www.sciencedirect.com/science/journal/17442249
Evidence-based Obstetrics & Gynecology,1361-259X,1361259X,12823,Discontinued,Title discontinued as of 2007,Included,Included,Included,Included,https://www.sciencedirect.com/science/journal/1361259X
Evidence-based Oncology,1363-4054,13634054,12645,Incorporated,Incorporated into Cancer Treatment Reviews,Included,Included,Included,Included,https://www.sciencedirect.com/science/journal/13634054
Evolution and Human Behavior,1090-5138,10905138,7645,Active,Formerly known as Ethology and Sociobiology,Included,Included,Included,Included,https://www.sciencedirect.com/science/journal/10905138
L'Évolution Psychiatrique,0014-3855,143855,9035,Active,,Included,Included,Included,Included,https://www.sciencedirect.com/science/journal/00143855
"Exergy, An International Journal",1164-0235,11640235,483,Incorporated,Incorporated into Energy,Included,Included,Included,Included,https://www.sciencedirect.com/science/journal/11640235
Experimental Cell Research,0014-4827,144827,12028,Active,,Included,Included,Included,Included,https://www.sciencedirect.com/science/journal/00144827
Experimental Eye Research,0014-4835,144835,12605,Active,,Included,Included,Included,Included,https://www.sciencedirect.com/science/journal/00144835
Experimental Gerontology,0531-5565,5315565,7530,Active,,Included,Included,Included,Included,https://www.sciencedirect.com/science/journal/05315565
Experimental Hematology,0301-472X,0301472X,7655,Active,,Included,Included,Included,Included,https://www.sciencedirect.com/science/journal/0301472X
Experimental and Molecular Pathology,0014-4800,144800,12031,Active,,Included,Included,Included,Included,https://www.sciencedirect.com/science/journal/00144800
Experimental Mycology,0147-5975,1475975,12038,Changed Name,Continued as Fungal Genetics and Biology,Included,Included,Included,Included,https://www.sciencedirect.com/science/journal/01475975
Experimental Neurology,0014-4886,144886,12032,Active,Incorporating Neurodegeneration,Included,Included,Included,Included,https://www.sciencedirect.com/science/journal/00144886
Experimental Parasitology,0014-4894,144894,12034,Active,,Included,Included,Included,Included,https://www.sciencedirect.com/science/journal/00144894
Experimental Thermal and Fluid Science,0894-1777,8941777,7646,Active,,Included,Included,Included,Included,https://www.sciencedirect.com/science/journal/08941777
Experimental and Toxicologic Pathology,0940-2993,9402993,10007,Discontinued,Formerly known as Experimental Pathology; Title discontinued as of 2018,Included,Included,Included,Included,https://www.sciencedirect.com/science/journal/09402993
Expert Systems with Applications,0957-4174,9574174,939,Active,,Included,Included,Included,Included,https://www.sciencedirect.com/science/journal/09574174
Explorations in Economic History,0014-4983,144983,12029,Active,,Included,Included,Included,Included,https://www.sciencedirect.com/science/journal/00144983
EXPLORE,1550-8307,15508307,13364,Active,,Included,Included,Included,Included,https://www.sciencedirect.com/science/journal/15508307
Expositiones Mathematicae,0723-0869,7230869,10031,Active,,Included,Included,Included,Included,https://www.sciencedirect.com/science/journal/07230869
The Extractive Industries and Society,2214-790X,2214790X,17043,Active,,Included,Included,Included,Included,https://www.sciencedirect.com/science/journal/2214790X
Extreme Mechanics Letters,2352-4316,23524316,18071,Active,,Included,Included,Included,Included,https://www.sciencedirect.com/science/journal/23524316
Il Farmaco,0014-827X,0014827X,6051,Discontinued,Title discontinued as of 2006,Included,Included,Included,Included,https://www.sciencedirect.com/science/journal/0014827X
Fibrinolysis,0268-9499,2689499,12715,Changed Name,Continued as Fibrinolysis and Proteolysis,Included,Included,Included,Included,https://www.sciencedirect.com/science/journal/02689499
Fibrinolysis and Proteolysis,1369-0191,13690191,12715,Discontinued,Formerly known as Fibrinolysis; Title discontinued as of 2001,Included,Included,Included,Included,https://www.sciencedirect.com/science/journal/13690191
Field Crops Research,0378-4290,3784290,5104,Active,,Included,Included,Included,Included,https://www.sciencedirect.com/science/journal/03784290
Finance Research Letters,1544-6123,15446123,13350,Active,,Included,Included,Included,Included,https://www.sciencedirect.com/science/journal/15446123
Finite Elements in Analysis and Design,0168-874X,0168874X,5272,Active,,Included,Included,Included,Included,https://www.sciencedirect.com/science/journal/0168874X
Finite Fields and Their Applications,1071-5797,10715797,12037,Active,,Included,Included,Included,Included,https://www.sciencedirect.com/science/journal/10715797
Fire Safety Journal,0379-7112,3797112,2024,Active,,Included,Included,Included,Included,https://www.sciencedirect.com/science/journal/03797112
Fish & Shellfish Immunology,1050-4648,10504648,12683,Active,,Included,Included,Included,Included,https://www.sciencedirect.com/science/journal/10504648
Fisheries Research,0165-7836,1657836,5105,Active,,Included,Included,Included,Included,https://www.sciencedirect.com/science/journal/01657836
Fitoterapia,0367-326X,0367326X,5549,Active,,Included,Included,Included,Included,https://www.sciencedirect.com/science/journal/0367326X
FlatChem,2452-2627,24522627,18317,Active,,Included,Included,Included,Included,https://www.sciencedirect.com/science/journal/24522627
Flora,0367-2530,3672530,10032,Active,"Formerly known as Flora oder Allgemeine botanische Zeitung. Abt. B, Morphologie und Geobotanik;",Included,Included,Included,Included,https://www.sciencedirect.com/science/journal/03672530
Flow Measurement and Instrumentation,0955-5986,9555986,3029,Active,,Included,Included,Included,Included,https://www.sciencedirect.com/science/journal/09555986
Fluid Phase Equilibria,0378-3812,3783812,5153,Active,,Included,Included,Included,Included,https://www.sciencedirect.com/science/journal/03783812
Focus on Catalysts,1351-4180,13514180,4013,Active,,Included,Included,Included,Included,https://www.sciencedirect.com/science/journal/13514180
Focus on Pigments,0969-6210,9696210,4011,Active,,Included,Included,Included,Included,https://www.sciencedirect.com/science/journal/09696210
Focus on Polyvinyl Chloride,1468-5736,14685736,4010,Discontinued,Title discontinued as of 2003,Included,Included,Included,Included,https://www.sciencedirect.com/science/journal/14685736
Focus on Powder Coatings,1364-5439,13645439,4015,Active,,Included,Included,Included,Included,https://www.sciencedirect.com/science/journal/13645439
Focus on Surfactants,1351-4210,13514210,4009,Active,,Included,Included,Included,Included,https://www.sciencedirect.com/science/journal/13514210
Food and Bioproducts Processing,0960-3085,9603085,8633,Active,,Included,Included,Included,Included,https://www.sciencedirect.com/science/journal/09603085
Food Bioscience,2212-4292,22124292,12988,Active,,Included,Included,Included,Included,https://www.sciencedirect.com/science/journal/22124292
Food and Chemical Toxicology,0278-6915,2786915,237,Active,Formerly known as Food and Cosmetics Toxicology,Included,Included,Included,Included,https://www.sciencedirect.com/science/journal/02786915
Food Chemistry,0308-8146,3088146,2025,Active,,Included,Included,Included,Included,https://www.sciencedirect.com/science/journal/03088146
Food Control,0956-7135,9567135,3030,Active,,Included,Included,Included,Included,https://www.sciencedirect.com/science/journal/09567135
Food and Humanity,2949-8244,29498244,31544,Active,,,Included,Included,Included,https://www.sciencedirect.com/science/journal/29498244
Food Hydrocolloids,0268-005X,0268005X,1029,Active,,Included,Included,Included,Included,https://www.sciencedirect.com/science/journal/0268005X
Food Microbiology,0740-0020,7400020,12652,Active,,Included,Included,Included,Included,https://www.sciencedirect.com/science/journal/07400020
Food Packaging and Shelf Life,2214-2894,22142894,18031,Active,,Included,Included,Included,Included,https://www.sciencedirect.com/science/journal/22142894
Food Policy,0306-9192,3069192,3031,Active,,Included,Included,Included,Included,https://www.sciencedirect.com/science/journal/03069192
Food Quality and Preference,0950-3293,9503293,2026,Active,,Included,Included,Included,Included,https://www.sciencedirect.com/science/journal/09503293
Food Research International,0963-9969,9639969,2027,Active,Formerly known as Canadian Institute of Food Science and Technology Journal,Included,Included,Included,Included,https://www.sciencedirect.com/science/journal/09639969
Food Research International: Reports,3117-3829,31173829,32252,Forthcoming,,,,,included,https://www.sciencedirect.com/science/journal/31173829
Food Structure,2213-3291,22133291,12994,Active,,Included,Included,Included,Included,https://www.sciencedirect.com/science/journal/22133291
Food Webs,2352-2496,23522496,18749,Active,,Included,Included,Included,Included,https://www.sciencedirect.com/science/journal/23522496
The Foot,0958-2592,9582592,12743,Active,,Included,Included,Included,Included,https://www.sciencedirect.com/science/journal/09582592
Foot and Ankle Surgery,1268-7731,12687731,4056,Active,,Included,Included,Included,Included,https://www.sciencedirect.com/science/journal/12687731
Football Studies,3051-2689,30512689,32186,Active,,,,,Included,https://www.sciencedirect.com/science/journal/30512689
Forensic Chemistry,2468-1709,24681709,18340,Active,,Included,Included,Included,Included,https://www.sciencedirect.com/science/journal/24681709
Forensic Imaging,2666-2256,26662256,12774,Active,Formerly known as Journal of Forensic Radiology and Imaging,Included,Included,Included,Included,https://www.sciencedirect.com/science/journal/26662256
Forensic Science International,0379-0738,3790738,8021,Active,Formerly known as Forensic Science,Included,Included,Included,Included,https://www.sciencedirect.com/science/journal/03790738
Forensic Science International: Digital Investigation,2666-2817,26662817,4064,Active,Formerly known as Digital Investigation,Included,Included,Included,Included,https://www.sciencedirect.com/science/journal/26662817
Forensic Science International: Genetics,1872-4973,18724973,4100,Active,,Included,Included,Included,Included,https://www.sciencedirect.com/science/journal/18724973
Forensic Science International: Genetics Supplement Series,1875-1768,18751768,8156,Active,,Included,Included,Included,Included,https://www.sciencedirect.com/science/journal/18751768
Forensic Science International Supplement Series,1875-1741,18751741,8157,Discontinued,Title discontinued as of 2020,Included,Included,Included,Included,https://www.sciencedirect.com/science/journal/18751741
Forest Ecology and Management,0378-1127,3781127,5106,Active,,Included,Included,Included,Included,https://www.sciencedirect.com/science/journal/03781127
Forest Policy and Economics,1389-9341,13899341,5553,Active,,Included,Included,Included,Included,https://www.sciencedirect.com/science/journal/13899341
The Foundation Years,1744-1889,17441889,4264,Discontinued,Title discontinued as of 2009,Included,Included,Included,Included,https://www.sciencedirect.com/science/journal/17441889
Free Radical Biology and Medicine,0891-5849,8915849,7531,Active,Incorporating Advances in Free Radical Biology & Medicine and Journal of Free Radicals in Biology & Medicine,Included,Included,Included,Included,https://www.sciencedirect.com/science/journal/08915849
Frontiers in Neuroendocrinology,0091-3022,913022,12039,Active,,Included,Included,Included,Included,https://www.sciencedirect.com/science/journal/00913022
Fuel,0016-2361,162361,3032,Active,,Included,Included,Included,Included,https://www.sciencedirect.com/science/journal/00162361
Fuel and Energy Abstracts,0140-6701,1406701,3033,Active,,Included,Included,Included,Included,https://www.sciencedirect.com/science/journal/01406701
Fuel Processing Technology,0378-3820,3783820,5154,Active,,Included,Included,Included,Included,https://www.sciencedirect.com/science/journal/03783820
Fungal Biology,1878-6146,18786146,4234,Active,Formerly known as Mycological Research,Included,Included,Included,Included,https://www.sciencedirect.com/science/journal/18786146
Fungal Biology Reviews,1749-4613,17494613,4235,Active,Formerly known as Mycologist,Included,Included,Included,Included,https://www.sciencedirect.com/science/journal/17494613
Fungal Ecology,1754-5048,17545048,4293,Active,,Included,Included,Included,Included,https://www.sciencedirect.com/science/journal/17545048
Fungal Genetics and Biology,1087-1845,10871845,12038,Active,Formerly known as Experimental Mycology,Included,Included,Included,Included,https://www.sciencedirect.com/science/journal/10871845
Fusion Engineering and Design,0920-3796,9203796,6010,Active,Formerly known as Nuclear Engineering and Design. Fusion,Included,Included,Included,Included,https://www.sciencedirect.com/science/journal/09203796
Fuss & Sprunggelenk,1619-9987,16199987,10060,Active,,Included,Included,Included,Included,https://www.sciencedirect.com/science/journal/16199987
Future Generation Computer Systems,0167-739X,0167739X,5273,Active,,Included,Included,Included,Included,https://www.sciencedirect.com/science/journal/0167739X
Futures,0016-3287,163287,3034,Active,,Included,Included,Included,Included,https://www.sciencedirect.com/science/journal/00163287
Fuzzy Sets and Systems,0165-0114,1650114,5371,Active,,Included,Included,Included,Included,https://www.sciencedirect.com/science/journal/01650114
Gait & Posture,0966-6362,9666362,5107,Active,,Included,Included,Included,Included,https://www.sciencedirect.com/science/journal/09666362
Games and Economic Behavior,0899-8256,8998256,12040,Active,,Included,Included,Included,Included,https://www.sciencedirect.com/science/journal/08998256
Gas Science and Engineering,2949-9089,29499089,8655,Active,,,Included,Included,Included,https://www.sciencedirect.com/science/journal/29499089
Gas Separation & Purification,0950-4214,9504214,8054,Incorporated,Incorporated into Separation and Purification Technology,Included,Included,Included,Included,https://www.sciencedirect.com/science/journal/09504214
Gastroenterología y Hepatología (English Edition),2444-3824,24443824,16411,Active,,Included,Included,Included,Included,https://www.sciencedirect.com/science/journal/24443824
Gastroentérologie Clinique et Biologique,0399-8320,3998320,15350,Changed Name,Continued as Clinics and Research in Hepatology and Gastroenterology,Included,Included,Included,Included,https://www.sciencedirect.com/science/journal/03998320
Gastrointestinal Endoscopy,0016-5107,165107,13078,Active,,Included,Included,Included,Included,https://www.sciencedirect.com/science/journal/00165107
Gender Medicine,1550-8579,15508579,7570,Discontinued,Title discontinued as of 2013,Included,Included,Included,Included,https://www.sciencedirect.com/science/journal/15508579
Gene,0378-1119,3781119,5041,Active,,Included,Included,Included,Included,https://www.sciencedirect.com/science/journal/03781119
Gene Expression Patterns,1567-133X,1567133X,5567,Active,,Included,Included,Included,Included,https://www.sciencedirect.com/science/journal/1567133X
Gene Reports,2452-0144,24520144,18860,Active,,Included,Included,Included,Included,https://www.sciencedirect.com/science/journal/24520144
General and Comparative Endocrinology,0016-6480,166480,12033,Active,,Included,Included,Included,Included,https://www.sciencedirect.com/science/journal/00166480
General Hospital Psychiatry,0163-8343,1638343,7654,Active,,Included,Included,Included,Included,https://www.sciencedirect.com/science/journal/01638343
General Pharmacology: The Vascular System,0306-3623,3063623,7532,Changed Name,Formerly known as Comparative and General Pharmacology; Continued as Vascular Pharmacology,Included,Included,Included,Included,https://www.sciencedirect.com/science/journal/03063623
Genetic Analysis: Biomolecular Engineering,1050-3862,10503862,5042,Changed Name,Formerly known as Gene Analysis Techniques; Continued as Biomolecular Engineering,Included,Included,Included,Included,https://www.sciencedirect.com/science/journal/10503862
Genomics,0888-7543,8887543,12043,Active,,Included,Included,Included,Included,https://www.sciencedirect.com/science/journal/08887543
Geobios,0016-6995,166995,9110,Active,,Included,Included,Included,Included,https://www.sciencedirect.com/science/journal/00166995
Geochemistry,0009-2819,92819,10001,Active,,Included,Included,Included,Included,https://www.sciencedirect.com/science/journal/00092819
Geochimica et Cosmochimica Acta,0016-7037,167037,212,Active,,Included,Included,Included,Included,https://www.sciencedirect.com/science/journal/00167037
Geoderma,0016-7061,167061,5333,Active,,Included,Included,Included,Included,https://www.sciencedirect.com/science/journal/00167061
Geoderma Regional,2352-0094,23520094,17730,Active,,Included,Included,Included,Included,https://www.sciencedirect.com/science/journal/23520094
Geoforum,0016-7185,167185,344,Active,,Included,Included,Included,Included,https://www.sciencedirect.com/science/journal/00167185
Geomechanics for Energy and the Environment,2352-3808,23523808,18069,Active,,Included,Included,Included,Included,https://www.sciencedirect.com/science/journal/23523808
Geomorphology,0169-555X,0169555X,5334,Active,,Included,Included,Included,Included,https://www.sciencedirect.com/science/journal/0169555X
GeoResJ,2214-2428,22142428,17019,Discontinued,Title discontinued as of 2018,Included,Included,Included,Included,https://www.sciencedirect.com/science/journal/22142428
Geotextiles and Geomembranes,0266-1144,2661144,2028,Active,,Included,Included,Included,Included,https://www.sciencedirect.com/science/journal/02661144
Geothermics,0375-6505,3756505,389,Active,,Included,Included,Included,Included,https://www.sciencedirect.com/science/journal/03756505
Geriatric Mental Health Care,2212-9693,22129693,10508,Discontinued,Title discontinued as of 2017,Included,Included,Included,Included,https://www.sciencedirect.com/science/journal/22129693
Geriatric Nursing,0197-4572,1974572,13166,Active,,Included,Included,Included,Included,https://www.sciencedirect.com/science/journal/01974572
Global Economics Research,3050-8037,30508037,32105,Active,,,,,Included,https://www.sciencedirect.com/science/journal/30508037
Global Environmental Change,0959-3780,9593780,1043,Active,,Included,Included,Included,Included,https://www.sciencedirect.com/science/journal/09593780
Global Finance Journal,1044-0283,10440283,7407,Active,,Included,Included,Included,Included,https://www.sciencedirect.com/science/journal/10440283
Global Food Security,2211-9124,22119124,8790,Active,,Included,Included,Included,Included,https://www.sciencedirect.com/science/journal/22119124
Global and Planetary Change,0921-8181,9218181,5335,Active,,Included,Included,Included,Included,https://www.sciencedirect.com/science/journal/09218181
Gondwana Research,1342-937X,1342937X,6066,Active,,Included,Included,Included,Included,https://www.sciencedirect.com/science/journal/1342937X
Government Information Quarterly,0740-624X,0740624X,7408,Active,Incorporating Journal of Government Information,Included,Included,Included,Included,https://www.sciencedirect.com/science/journal/0740624X
Graphical Models,1524-0703,15240703,12044,Active,Formerly known as Graphical Models and Image Processing,Included,Included,Included,Included,https://www.sciencedirect.com/science/journal/15240703
Graphical Models and Image Processing,1077-3169,10773169,12044,Changed Name,Formerly known as CVGIP: Graphical Models and Image Processing; Continued as Graphical Models,Included,Included,Included,Included,https://www.sciencedirect.com/science/journal/10773169
Groundwater for Sustainable Development,2352-801X,2352801X,18121,Active,,Included,Included,Included,Included,https://www.sciencedirect.com/science/journal/2352801X
Growth Hormone & IGF Research,1096-6374,10966374,12770,Active,,Included,Included,Included,Included,https://www.sciencedirect.com/science/journal/10966374
Gynecologic Oncology,0090-8258,908258,12045,Active,,Included,Included,Included,Included,https://www.sciencedirect.com/science/journal/00908258
Gynécologie Obstétrique & Fertilité,1297-9589,12979589,9104,Changed Name,Continued as Gynécologie Obstétrique Fertilité & Sénologie,Included,Included,Included,Included,https://www.sciencedirect.com/science/journal/12979589
Gynécologie Obstétrique Fertilité & Sénologie,2468-7189,24687189,9104,Active,Formerly known as Gynécologie Obstétrique & Fertilité,Included,Included,Included,Included,https://www.sciencedirect.com/science/journal/24687189
Habitat International,0197-3975,1973975,479,Active,,Included,Included,Included,Included,https://www.sciencedirect.com/science/journal/01973975
Hand Surgery and Rehabilitation ,2468-1229,24681229,9088,Active,Formerly known as Chirurgie de la Main,Included,Included,Included,Included,https://www.sciencedirect.com/science/journal/24681229
Handbooks in Operations Research and Management Science,0927-0507,9270507,8671,Changed Name,Continued as Surveys in Operations Research and Management Science,Included,Included,Included,Included,https://www.sciencedirect.com/science/journal/09270507
Harmful Algae,1568-9883,15689883,8550,Active,,Included,Included,Included,Included,https://www.sciencedirect.com/science/journal/15689883
Health Outcomes Research in Medicine,1877-1319,18771319,13444,Discontinued,Title discontinued as of 2014,Included,Included,Included,Included,https://www.sciencedirect.com/science/journal/18771319
Health & Place,1353-8292,13538292,3092,Active,,Included,Included,Included,Included,https://www.sciencedirect.com/science/journal/13538292
Health Policy,0168-8510,1688510,8022,Active,Formerly known as Health Policy and Education,Included,Included,Included,Included,https://www.sciencedirect.com/science/journal/01688510
Health Policy and Technology,2211-8837,22118837,12981,Active,,Included,Included,Included,Included,https://www.sciencedirect.com/science/journal/22118837
Healthcare,2213-0764,22130764,14138,Active,,Included,Included,Included,Included,https://www.sciencedirect.com/science/journal/22130764
Healthcare Infection,1835-5617,18355617,18324,Changed Name,"Formerly known as Australian Infection Control; Continued as Infection, Disease & Health",Included,Included,Included,Included,https://www.sciencedirect.com/science/journal/18355617
Hearing Research,0378-5955,3785955,5043,Active,,Included,Included,Included,Included,https://www.sciencedirect.com/science/journal/03785955
Heart & Lung,0147-9563,1479563,13169,Active,,Included,Included,Included,Included,https://www.sciencedirect.com/science/journal/01479563
"Heart, Lung and Circulation",1443-9506,14439506,5496,Active,Formerly known as The Asia Pacific Heart Journal,Included,Included,Included,Included,https://www.sciencedirect.com/science/journal/14439506
Heat Recovery Systems and CHP,0890-4332,8904332,630,Changed Name,Formerly known as Journal of Heat Recovery Systems; Continued as Applied Thermal Engineering,Included,Included,Included,Included,https://www.sciencedirect.com/science/journal/08904332
Hepatobiliary & Pancreatic Diseases International,1499-3872,14993872,8757,Active,,Included,Included,Included,Included,https://www.sciencedirect.com/science/journal/14993872
High Energy Density Physics,1574-1818,15741818,5507,Active,,Included,Included,Included,Included,https://www.sciencedirect.com/science/journal/15741818
Hipertensión,0212-8241,2128241,15727,Changed Name,Continued as Hipertensión y Riesgo Vascular,Included,Included,Included,,https://www.sciencedirect.com/science/journal/02128241
Hipertensión y Riesgo Vascular,1889-1837,18891837,15727,Transferred,Formerly known as Hipertensión; Transferred back to society as of Dec 2025;,Included,Included,Included,,https://www.sciencedirect.com/science/journal/18891837
Historia Mathematica,0315-0860,3150860,12047,Active,,Included,Included,Included,Included,https://www.sciencedirect.com/science/journal/03150860
Home Care Provider,1084-628X,1084628X,13167,Discontinued,Title discontinued as of 2002,Included,Included,Included,Included,https://www.sciencedirect.com/science/journal/1084628X
Hormones and Behavior,0018-506X,0018506X,12046,Active,,Included,Included,Included,Included,https://www.sciencedirect.com/science/journal/0018506X
Human Gene,2773-0441,27730441,8833,Active,,Included,Included,Included,Included,https://www.sciencedirect.com/science/journal/27730441
Human Immunology,0198-8859,1988859,7660,Active,,Included,Included,Included,Included,https://www.sciencedirect.com/science/journal/01988859
Human Movement Science,0167-9457,1679457,5274,Active,,Included,Included,Included,Included,https://www.sciencedirect.com/science/journal/01679457
Human Pathology,0046-8177,468177,13064,Active,,Included,Included,Included,Included,https://www.sciencedirect.com/science/journal/00468177
Human Resource Management Review,1053-4822,10534822,7410,Active,,Included,Included,Included,Included,https://www.sciencedirect.com/science/journal/10534822
Hydrometallurgy,0304-386X,0304386X,5336,Active,,Included,Included,Included,Included,https://www.sciencedirect.com/science/journal/0304386X
Icarus,0019-1035,191035,12049,Active,,Included,Included,Included,Included,https://www.sciencedirect.com/science/journal/00191035
IFAC Journal of Systems and Control,2468-6018,24686018,18378,Active,,Included,Included,Included,Included,https://www.sciencedirect.com/science/journal/24686018
Image and Vision Computing,0262-8856,2628856,5278,Active,,Included,Included,Included,Included,https://www.sciencedirect.com/science/journal/02628856
Immuno-analyse & Biologie Spécialisée,0923-2532,9232532,9039,Discontinued,"Formerly known as Trait - d'Union, Discontinued as of 2014",Included,Included,Included,Included,https://www.sciencedirect.com/science/journal/09232532
Immunobiology,0171-2985,1712985,10026,Active,Formerly known as Zeitschrift für Immunitätsforschung: Immunobiology,Included,Included,Included,Included,https://www.sciencedirect.com/science/journal/01712985
Immunology Letters,0165-2478,1652478,5044,Active,,Included,Included,Included,Included,https://www.sciencedirect.com/science/journal/01652478
Immunology Today,0167-5699,1675699,2118,Changed Name,Continued as Trends in Immunology,Included,Included,Included,Included,https://www.sciencedirect.com/science/journal/01675699
Immunopharmacology,0162-3109,1623109,5576,Incorporated,Incorporated into International Immunopharmacology,Included,Included,Included,Included,https://www.sciencedirect.com/science/journal/01623109
Immunotechnology,1380-2933,13802933,5055,Incorporated,Incorporated into Journal of Immunological Methods,Included,Included,Included,Included,https://www.sciencedirect.com/science/journal/13802933
Indagationes Mathematicae,0019-3577,193577,5280,Active,Incorporating Indagationes Mathematicae (Proceedings),Included,Included,Included,Included,https://www.sciencedirect.com/science/journal/00193577
Indian Journal of Medical Microbiology,0255-0857,2550857,31057,Active,,Included,Included,Included,Included,https://www.sciencedirect.com/science/journal/02550857
Industrial Crops and Products,0926-6690,9266690,5108,Active,,Included,Included,Included,Included,https://www.sciencedirect.com/science/journal/09266690
Industrial Marketing Management,0019-8501,198501,7663,Active,,Included,Included,Included,Included,https://www.sciencedirect.com/science/journal/00198501
Infant Behavior and Development,0163-6383,1636383,7454,Active,,Included,Included,Included,Included,https://www.sciencedirect.com/science/journal/01636383
"Infection, Disease & Health",2468-0451,24680451,18324,Active,Formerly known as Healthcare Infection,Included,Included,Included,Included,https://www.sciencedirect.com/science/journal/24680451
"Infection, Genetics and Evolution",1567-1348,15671348,5573,Active,,Included,Included,Included,Included,https://www.sciencedirect.com/science/journal/15671348
Infectious Diseases Now,2666-9919,26669919,9073,Active,Formerly known as Médecine et Maladies Infectieuses,Included,Included,Included,Included,https://www.sciencedirect.com/science/journal/26669919
Information and Computation,0890-5401,8905401,12048,Active,Formerly known as Information and Control,Included,Included,Included,Included,https://www.sciencedirect.com/science/journal/08905401
Information Economics and Policy,0167-6245,1676245,5375,Active,,Included,Included,Included,Included,https://www.sciencedirect.com/science/journal/01676245
Information Fusion,1566-2535,15662535,5561,Active,,Included,Included,Included,Included,https://www.sciencedirect.com/science/journal/15662535
Information & Management,0378-7206,3787206,5374,Active,,Included,Included,Included,Included,https://www.sciencedirect.com/science/journal/03787206
Information and Organization,1471-7727,14717727,964,Active,"Formerly known as Accounting, Management and Information Technologies",Included,Included,Included,Included,https://www.sciencedirect.com/science/journal/14717727
Information Processing Letters,0020-0190,200190,5282,Active,,Included,Included,Included,Included,https://www.sciencedirect.com/science/journal/00200190
Information Processing & Management,0306-4573,3064573,244,Active,Formerly known as Information Storage and Retrieval,Included,Included,Included,Included,https://www.sciencedirect.com/science/journal/03064573
Information Sciences,0020-0255,200255,7669,Active,Incorporating Information Sciences - Applications,Included,Included,Included,Included,https://www.sciencedirect.com/science/journal/00200255
Information Sciences - Applications,1069-0115,10690115,7669,Incorporated,Incorporated into Information Sciences,Included,Included,Included,Included,https://www.sciencedirect.com/science/journal/10690115
Information Security Technical Report,1363-4127,13634127,2199,Changed Name,Continued as Journal of Information Security and Applications,Included,Included,Included,Included,https://www.sciencedirect.com/science/journal/13634127
Information and Software Technology,0950-5849,9505849,5281,Active,Formerly known as Data Processing,Included,Included,Included,Included,https://www.sciencedirect.com/science/journal/09505849
Information Systems,0306-4379,3064379,236,Active,,Included,Included,Included,Included,https://www.sciencedirect.com/science/journal/03064379
Infrared Physics & Technology,1350-4495,13504495,5198,Active,Formerly known as Infrared Physics,Included,Included,Included,Included,https://www.sciencedirect.com/science/journal/13504495
Injury,0020-1383,201383,3040,Active,,Included,Included,Included,Included,https://www.sciencedirect.com/science/journal/00201383
Innovations in Industrial Crops and Processing,3117-6526,31176526,32315,Active,,,,,Included,https://www.sciencedirect.com/science/journal/31176526
Innovative Food Science & Emerging Technologies,1466-8564,14668564,1059,Active,,Included,Included,Included,Included,https://www.sciencedirect.com/science/journal/14668564
Inorganic Chemistry Communications,1387-7003,13877003,6052,Active,,Included,Included,Included,Included,https://www.sciencedirect.com/science/journal/13877003
Inorganica Chimica Acta,0020-1693,201693,6011,Active,Incorporating Inorganica Chimica Acta Reviews,Included,Included,Included,Included,https://www.sciencedirect.com/science/journal/00201693
Insect Biochemistry and Molecular Biology,0965-1748,9651748,390,Active,Formerly known as Insect Biochemistry,Included,Included,Included,Included,https://www.sciencedirect.com/science/journal/09651748
Insulin,1557-0843,15570843,7571,Discontinued,Title discontinued as of 2010,Included,Included,Included,Included,https://www.sciencedirect.com/science/journal/15570843
Insurance: Mathematics and Economics,0167-6687,1676687,5376,Active,,Included,Included,Included,Included,https://www.sciencedirect.com/science/journal/01676687
Integration,0167-9260,1679260,5286,Active,,Included,Included,Included,Included,https://www.sciencedirect.com/science/journal/01679260
Integrative Medicine,1096-2190,10962190,7671,Discontinued,Title discontinued as of 2000,Included,Included,Included,Included,https://www.sciencedirect.com/science/journal/10962190
Intelligence,0160-2896,1602896,7455,Active,,Included,Included,Included,Included,https://www.sciencedirect.com/science/journal/01602896
Intensive and Critical Care Nursing,0964-3397,9643397,12744,Active,Formerly known as Intensive Care Nursing,Included,Included,Included,Included,https://www.sciencedirect.com/science/journal/09643397
Intermetallics,0966-9795,9669795,2041,Active,,Included,Included,Included,Included,https://www.sciencedirect.com/science/journal/09669795
International Biodeterioration & Biodegradation,0964-8305,9648305,2029,Active,Formerly known as International Biodeterioration,Included,Included,Included,Included,https://www.sciencedirect.com/science/journal/09648305
International Business Review,0969-5931,9695931,133,Active,Formerly known as Scandinavian International Business Review,Included,Included,Included,Included,https://www.sciencedirect.com/science/journal/09695931
International Communications in Heat and Mass Transfer,0735-1933,7351933,208,Active,Formerly known as Letters in Heat and Mass Transfer,Included,Included,Included,Included,https://www.sciencedirect.com/science/journal/07351933
International Congress Series,0531-5131,5315131,5582,Discontinued,Title discontinued as of 2008,Included,Included,Included,Included,https://www.sciencedirect.com/science/journal/05315131
International Contact Lens Clinic,0892-8967,8928967,5462,Incorporated,Incorporated into Contact Lens and Anterior Eye,Included,Included,Included,Included,https://www.sciencedirect.com/science/journal/08928967
International Dairy Journal,0958-6946,9586946,2030,Active,,Included,Included,Included,Included,https://www.sciencedirect.com/science/journal/09586946
International Economics,2110-7017,21107017,17008,Active,,Included,Included,Included,Included,https://www.sciencedirect.com/science/journal/21107017
International Emergency Nursing,1755-599X,1755599X,12738,Active,Formerly known as Accident & Emergency Nursing,Included,Included,Included,Included,https://www.sciencedirect.com/science/journal/1755599X
International Immunopharmacology,1567-5769,15675769,5576,Active,Incorporating Immunopharmacology and International Journal of Immunopharmacology,Included,Included,Included,Included,https://www.sciencedirect.com/science/journal/15675769
International Journal of Accounting Information Systems,1467-0895,14670895,7464,Active,,Included,Included,Included,Included,https://www.sciencedirect.com/science/journal/14670895
International Journal of Adhesion and Adhesives,0143-7496,1437496,3042,Active,,Included,Included,Included,Included,https://www.sciencedirect.com/science/journal/01437496
International Journal of Antimicrobial Agents,0924-8579,9248579,5047,Active,,Included,Included,Included,Included,https://www.sciencedirect.com/science/journal/09248579
International Journal of Applied Earth Observation and Geoinformation,1569-8432,15698432,5539,Active,,Included,Included,Included,Included,https://www.sciencedirect.com/science/journal/15698432
International Journal of Applied Quality Management,1096-4738,10964738,7420,Discontinued,Title discontinued as of 2000,Included,Included,Included,Included,https://www.sciencedirect.com/science/journal/10964738
International Journal of Approximate Reasoning,0888-613X,0888613X,7662,Active,,Included,Included,Included,Included,https://www.sciencedirect.com/science/journal/0888613X
International Journal of Bio-Medical Computing,0020-7101,207101,8024,Changed Name,Continued as International Journal of Medical Informatics,Included,Included,Included,Included,https://www.sciencedirect.com/science/journal/00207101
The International Journal of Biochemistry & Cell Biology,1357-2725,13572725,395,Active,Formerly known as International Journal of Biochemistry,Included,Included,Included,Included,https://www.sciencedirect.com/science/journal/13572725
International Journal of Biological Macromolecules,0141-8130,1418130,5048,Active,,Included,Included,Included,Included,https://www.sciencedirect.com/science/journal/01418130
International Journal of Cardiology,0167-5273,1675273,8025,Active,,Included,Included,Included,Included,https://www.sciencedirect.com/science/journal/01675273
International Journal of Child-Computer Interaction,2212-8689,22128689,18006,Active,,Included,Included,Included,Included,https://www.sciencedirect.com/science/journal/22128689
International Journal of Coal Geology,0166-5162,1665162,5337,Active,,Included,Included,Included,Included,https://www.sciencedirect.com/science/journal/01665162
International Journal of Critical Infrastructure Protection,1874-5482,18745482,8628,Active,,Included,Included,Included,Included,https://www.sciencedirect.com/science/journal/18745482
International Journal of Disaster Risk Reduction,2212-4209,22124209,8802,Active,,Included,Included,Included,Included,https://www.sciencedirect.com/science/journal/22124209
International Journal of Drug Policy,0955-3959,9553959,5519,Active,,Included,Included,Included,Included,https://www.sciencedirect.com/science/journal/09553959
International Journal of Educational Development,0738-0593,7380593,719,Active,,Included,Included,Included,Included,https://www.sciencedirect.com/science/journal/07380593
International Journal of Educational Research,0883-0355,8830355,968,Active,Formerly known as Evaluation in Education,Included,Included,Included,Included,https://www.sciencedirect.com/science/journal/08830355
International Journal of Electrical Power & Energy Systems,0142-0615,1420615,3044,Active,,Included,Included,Included,Included,https://www.sciencedirect.com/science/journal/01420615
International Journal of Engineering Science,0020-7225,207225,278,Active,,Included,Included,Included,Included,https://www.sciencedirect.com/science/journal/00207225
International Journal of Fatigue,0142-1123,1421123,3045,Active,,Included,Included,Included,Included,https://www.sciencedirect.com/science/journal/01421123
International Journal of Food Microbiology,0168-1605,1681605,5109,Active,,Included,Included,Included,Included,https://www.sciencedirect.com/science/journal/01681605
International Journal of Forecasting,0169-2070,1692070,5378,Active,,Included,Included,Included,Included,https://www.sciencedirect.com/science/journal/01692070
International Journal of Gastronomy and Food Science,1878-450X,1878450X,10098,Active,,Included,Included,Included,Included,https://www.sciencedirect.com/science/journal/1878450X
International Journal of Greenhouse Gas Control,1750-5836,17505836,4089,Active,,Included,Included,Included,Included,https://www.sciencedirect.com/science/journal/17505836
International Journal of Heat and Fluid Flow,0142-727X,0142727X,7657,Active,,Included,Included,Included,Included,https://www.sciencedirect.com/science/journal/0142727X
International Journal of Heat and Mass Transfer,0017-9310,179310,210,Active,,Included,Included,Included,Included,https://www.sciencedirect.com/science/journal/00179310
International Journal of Hospitality Management,0278-4319,2784319,659,Active,,Included,Included,Included,Included,https://www.sciencedirect.com/science/journal/02784319
International Journal of Human-Computer Studies,1071-5819,10715819,12608,Active,Formerly known as International Journal of Man-Machine Studies; Incorporating Knowledge Acquisition,Included,Included,Included,Included,https://www.sciencedirect.com/science/journal/10715819
International Journal of Hydrogen Energy,0360-3199,3603199,485,Active,,Included,Included,Included,Included,https://www.sciencedirect.com/science/journal/03603199
International Journal of Hygiene and Environmental Health,1438-4639,14384639,10024,Active,Formerly known as Zentralblatt für Hygiene und Umweltmedizin,Included,Included,Included,Included,https://www.sciencedirect.com/science/journal/14384639
International Journal of Immunopharmacology,0192-0561,1920561,5576,Incorporated,Incorporated into International Immunopharmacology,Included,Included,Included,Included,https://www.sciencedirect.com/science/journal/01920561
International Journal of Impact Engineering,0734-743X,0734743X,700,Active,,Included,Included,Included,Included,https://www.sciencedirect.com/science/journal/0734743X
International Journal of Industrial Ergonomics,0169-8141,1698141,5284,Active,,Included,Included,Included,Included,https://www.sciencedirect.com/science/journal/01698141
International Journal of Industrial Organization,0167-7187,1677187,5379,Active,,Included,Included,Included,Included,https://www.sciencedirect.com/science/journal/01677187
International Journal of Information Management,0268-4012,2684012,3046,Active,Formerly known as Social Science Information Studies,Included,Included,Included,Included,https://www.sciencedirect.com/science/journal/02684012
International Journal of Inorganic Materials,1466-6049,14666049,9067,Incorporated,Incorporated into Solid State Sciences,Included,Included,Included,Included,https://www.sciencedirect.com/science/journal/14666049
International Journal of Insect Morphology and Embryology,0020-7322,207322,356,Changed Name,Continued as Arthropod Structure & Development,Included,Included,Included,Included,https://www.sciencedirect.com/science/journal/00207322
International Journal of Intercultural Relations,0147-1767,1471767,535,Active,,Included,Included,Included,Included,https://www.sciencedirect.com/science/journal/01471767
"International Journal of Law, Crime and Justice",1756-0616,17560616,12632,Active,Formerly known as International Journal of the Sociology of Law,Included,Included,Included,Included,https://www.sciencedirect.com/science/journal/17560616
International Journal of Law and Psychiatry,0160-2527,1602527,295,Active,,Included,Included,Included,Included,https://www.sciencedirect.com/science/journal/01602527
International Journal of Machine Tools and Manufacture,0890-6955,8906955,264,Active,Formerly known as International Journal of Machine Tool Design and Research,Included,Included,Included,Included,https://www.sciencedirect.com/science/journal/08906955
The International Journal of Management Education,1472-8117,14728117,17001,Active,,Included,Included,Included,Included,https://www.sciencedirect.com/science/journal/14728117
International Journal of Marine Energy,2214-1669,22141669,17018,Discontinued,Title discontinued as of 2018,Included,Included,Included,Included,https://www.sciencedirect.com/science/journal/22141669
International Journal of Mass Spectrometry,1387-3806,13873806,5155,Active,Formerly known as International Journal of Mass Spectrometry and Ion Processes,Included,Included,Included,Included,https://www.sciencedirect.com/science/journal/13873806
International Journal of Mass Spectrometry and Ion Processes,0168-1176,1681176,5155,Changed Name,Formerly known as International Journal of Mass Spectrometry and Ion Physics; Continued as International Journal of Mass Spectrometry,Included,Included,Included,Included,https://www.sciencedirect.com/science/journal/01681176
International Journal of Mechanical Sciences,0020-7403,207403,206,Active,,Included,Included,Included,Included,https://www.sciencedirect.com/science/journal/00207403
International Journal of Medical Informatics,1386-5056,13865056,8024,Active,Formerly known as International Journal of Bio-Medical Computing,Included,Included,Included,Included,https://www.sciencedirect.com/science/journal/13865056
International Journal of Medical Microbiology,1438-4221,14384221,10025,Active,Formerly known as Zentralblatt für Bakteriologie; Incorporating International Journal of Medical Microbiology Supplements,Included,Included,Included,Included,https://www.sciencedirect.com/science/journal/14384221
International Journal of Medical Microbiology Supplements,1433-1128,14331128,10025,Incorporated,Incorporated into International Journal of Medical Microbiology,Included,Included,Included,Included,https://www.sciencedirect.com/science/journal/14331128
International Journal of Mineral Processing,0301-7516,3017516,5338,Discontinued,Title discontinued as of 2018,Included,Included,Included,Included,https://www.sciencedirect.com/science/journal/03017516
International Journal of Multiphase Flow,0301-9322,3019322,234,Active,,Included,Included,Included,Included,https://www.sciencedirect.com/science/journal/03019322
International Journal of Non-Linear Mechanics,0020-7462,207462,299,Active,,Included,Included,Included,Included,https://www.sciencedirect.com/science/journal/00207462
International Journal of Nursing Studies,0020-7489,207489,266,Active,,Included,Included,Included,Included,https://www.sciencedirect.com/science/journal/00207489
International Journal of Obstetric Anesthesia,0959-289X,0959289X,12733,Active,,Included,Included,Included,Included,https://www.sciencedirect.com/science/journal/0959289X
International Journal of Oral and Maxillofacial Surgery,0901-5027,9015027,12901,Active,Formerly known as International Journal of Oral Surgery,Included,Included,Included,Included,https://www.sciencedirect.com/science/journal/09015027
International Journal of Orthopaedic and Trauma Nursing,1878-1241,18781241,12748,Active,Formerly known as Journal of Orthopaedic Nursing,Included,Included,Included,Included,https://www.sciencedirect.com/science/journal/18781241
International Journal of Osteopathic Medicine,1746-0689,17460689,4081,Active,Formerly known as Journal of Osteopathic Medicine,Included,Included,Included,Included,https://www.sciencedirect.com/science/journal/17460689
International Journal of Paleopathology,1879-9817,18799817,12931,Active,,Included,Included,Included,Included,https://www.sciencedirect.com/science/journal/18799817
International Journal for Parasitology,0020-7519,207519,353,Active,,Included,Included,Included,Included,https://www.sciencedirect.com/science/journal/00207519
International Journal of Pediatric Otorhinolaryngology,0165-5876,1655876,8028,Active,,Included,Included,Included,Included,https://www.sciencedirect.com/science/journal/01655876
International Journal of Pediatric Otorhinolaryngology Case Reports,2588-9109,25889109,4243,Discontinued,Title discontinued as of 2021,Included,Included,Included,Included,https://www.sciencedirect.com/science/journal/25889109
International Journal of Pediatric Otorhinolaryngology Extra,1871-4048,18714048,4243,Changed Name,Continued as International Journal of Pediatric Otorhinolaryngology Case Reports,Included,Included,Included,Included,https://www.sciencedirect.com/science/journal/18714048
International Journal of Pharmaceutics,0378-5173,3785173,5049,Active,,Included,Included,Included,Included,https://www.sciencedirect.com/science/journal/03785173
International Journal of Plasticity,0749-6419,7496419,762,Active,,Included,Included,Included,Included,https://www.sciencedirect.com/science/journal/07496419
International Journal of Pressure Vessels and Piping,0308-0161,3080161,2031,Active,,Included,Included,Included,Included,https://www.sciencedirect.com/science/journal/03080161
International Journal of Production Economics,0925-5273,9255273,5380,Active,Formerly known as Engineering Costs and Production Economics,Included,Included,Included,Included,https://www.sciencedirect.com/science/journal/09255273
International Journal of Project Management,0263-7863,2637863,3047,Active,,Included,Included,Included,Included,https://www.sciencedirect.com/science/journal/02637863
International Journal of Psychophysiology,0167-8760,1678760,5050,Active,,Included,Included,Included,Included,https://www.sciencedirect.com/science/journal/01678760
International Journal of Refractory Metals and Hard Materials,0263-4368,2634368,2128,Active,,Included,Included,Included,Included,https://www.sciencedirect.com/science/journal/02634368
International Journal of Refrigeration,0140-7007,1407007,3048,Active,,Included,Included,Included,Included,https://www.sciencedirect.com/science/journal/01407007
International Journal of Research in Marketing,0167-8116,1678116,5381,Active,,Included,Included,Included,Included,https://www.sciencedirect.com/science/journal/01678116
International Journal of Rock Mechanics and Mining Sciences,1365-1609,13651609,256,Active,Formerly known as International Journal of Rock Mechanics and Mining Sciences & Geomechanics Abstracts,Included,Included,Included,Included,https://www.sciencedirect.com/science/journal/13651609
International Journal of Rock Mechanics and Mining Sciences & Geomechanics Abstracts,0148-9062,1489062,256,Changed Name,Continued as International Journal of Rock Mechanics and Mining Sciences,Included,Included,Included,Included,https://www.sciencedirect.com/science/journal/01489062
International Journal of Sediment Research,1001-6279,10016279,8648,Active,,Included,,,,https://www.sciencedirect.com/science/journal/10016279
International Journal of the Sociology of Law,0194-6595,1946595,12632,Changed Name,Continued as International Journal of Law Crime and Justice,Included,Included,Included,Included,https://www.sciencedirect.com/science/journal/01946595
International Journal of Solids and Structures,0020-7683,207683,297,Active,,Included,Included,Included,Included,https://www.sciencedirect.com/science/journal/00207683
International Journal of Thermal Sciences,1290-0729,12900729,9063,Active,Formerly known as Revue Générale de Thermique,Included,Included,Included,Included,https://www.sciencedirect.com/science/journal/12900729
International Journal of Transport Management,1471-4051,14714051,2271,Discontinued,Title discontinued as of 2005,Included,Included,Included,Included,https://www.sciencedirect.com/science/journal/14714051
International Journal of Trauma Nursing,1075-4210,10754210,13336,Changed Name,Continued as Disaster Management & Response,Included,Included,Included,Included,https://www.sciencedirect.com/science/journal/10754210
International Orthodontics,1761-7227,17617227,15544,Active,,Included,Included,Included,Included,https://www.sciencedirect.com/science/journal/17617227
International Review of Economics Education,1477-3880,14773880,10172,Active,,Included,Included,Included,Included,https://www.sciencedirect.com/science/journal/14773880
International Review of Economics & Finance,1059-0560,10590560,7415,Active,,Included,Included,Included,Included,https://www.sciencedirect.com/science/journal/10590560
International Review of Financial Analysis,1057-5219,10575219,7416,Active,,Included,Included,Included,Included,https://www.sciencedirect.com/science/journal/10575219
International Review of Law and Economics,0144-8188,1448188,7673,Active,,Included,Included,Included,Included,https://www.sciencedirect.com/science/journal/01448188
The Internet and Higher Education,1096-7516,10967516,7447,Active,,Included,Included,Included,Included,https://www.sciencedirect.com/science/journal/10967516
Internet of Things,2542-6605,25426605,18410,Active,,Included,Included,Included,Included,https://www.sciencedirect.com/science/journal/25426605
Interventional Cardiology Newsletter,1063-4282,10634282,7664,Discontinued,Title discontinued as of 1998,Included,Included,Included,Included,https://www.sciencedirect.com/science/journal/10634282
IRBM,1959-0318,19590318,9057,Active,Formerly known as ITBM-RBM,Included,Included,Included,Included,https://www.sciencedirect.com/science/journal/19590318
IRBM News,1959-7568,19597568,9056,Active,Formerly known as ITBM-RBM News,Included,Included,Included,Included,https://www.sciencedirect.com/science/journal/19597568
ISA Transactions,0019-0578,190578,5382,Active,,Included,Included,Included,Included,https://www.sciencedirect.com/science/journal/00190578
ISPRS Journal of Photogrammetry and Remote Sensing,0924-2716,9242716,5340,Active,Formerly known as Photogrammetria,Included,Included,Included,Included,https://www.sciencedirect.com/science/journal/09242716
ITBM-RBM,1297-9562,12979562,9057,Changed Name,Continued as IRBM,Included,Included,Included,Included,https://www.sciencedirect.com/science/journal/12979562
ITBM-RBM News,1297-9570,12979570,9056,Changed Name,Formerly known as RBM-News; Continued as IRBM News,Included,Included,Included,Included,https://www.sciencedirect.com/science/journal/12979570
Japan and the World Economy,0922-1425,9221425,5383,Active,,Included,Included,Included,Included,https://www.sciencedirect.com/science/journal/09221425
JMV-Journal de Médecine Vasculaire,2542-4513,25424513,15563,Active,Formerly known as Journal des Maladies Vasculaires,Included,Included,Included,Included,https://www.sciencedirect.com/science/journal/25424513
Joint Bone Spine,1297-319X,1297319X,9089,Active,,Included,Included,Included,Included,https://www.sciencedirect.com/science/journal/1297319X
The Journal of Academic Librarianship,0099-1333,991333,7418,Active,,Included,Included,Included,Included,https://www.sciencedirect.com/science/journal/00991333
Journal of the Academy of Consultation-Liaison Psychiatry,2667-2960,26672960,14045,Active,,Included,Included,Included,Included,https://www.sciencedirect.com/science/journal/26672960
Journal of the Academy of Nutrition and Dietetics,2212-2672,22122672,13340,Active,Formerly known as Journal of the American Dietetic Association,Included,Included,Included,Included,https://www.sciencedirect.com/science/journal/22122672
Journal of Accounting and Economics,0165-4101,1654101,5384,Active,,Included,Included,Included,Included,https://www.sciencedirect.com/science/journal/01654101
Journal of Accounting Education,0748-5751,7485751,840,Active,,Included,Included,Included,Included,https://www.sciencedirect.com/science/journal/07485751
Journal of Accounting and Public Policy,0278-4254,2784254,7675,Active,,Included,Included,Included,Included,https://www.sciencedirect.com/science/journal/02784254
Journal of Adolescent Health,1054-139X,1054139X,7678,Active,Formerly known as Journal of Adolescent Health Care,Included,Included,Included,Included,https://www.sciencedirect.com/science/journal/1054139X
Journal of Aerosol Science,0021-8502,218502,337,Active,,Included,Included,Included,Included,https://www.sciencedirect.com/science/journal/00218502
Journal of Affective Disorders,0165-0327,1650327,5051,Active,,Included,Included,Included,Included,https://www.sciencedirect.com/science/journal/01650327
Journal of African Earth Sciences,1464-343X,1464343X,691,Active,,Included,Included,Included,Included,https://www.sciencedirect.com/science/journal/1464343X
Journal of Aging Studies,0890-4065,8904065,7419,Active,,Included,Included,Included,Included,https://www.sciencedirect.com/science/journal/08904065
Journal of Agricultural Engineering Research,0021-8634,218634,12610,Changed Name,Continued as Biosystems Engineering,Included,Included,Included,Included,https://www.sciencedirect.com/science/journal/00218634
Journal of Air Transport Management,0969-6997,9696997,3050,Active,,Included,Included,Included,Included,https://www.sciencedirect.com/science/journal/09696997
Journal of Algebra,0021-8693,218693,12051,Active,,Included,Included,Included,Included,https://www.sciencedirect.com/science/journal/00218693
Journal of Algorithms,0196-6774,1966774,12052,Discontinued,Title discontinued as of 2010,Included,Included,Included,Included,https://www.sciencedirect.com/science/journal/01966774
Journal of Allergy and Clinical Immunology,0091-6749,916749,13302,Active,Formerly known as Journal of Allergy,Included,Included,Included,Included,https://www.sciencedirect.com/science/journal/00916749
Journal of Alloys and Compounds,0925-8388,9258388,6012,Active,Formerly known as Journal of the Less Common Metals,Included,Included,Included,Included,https://www.sciencedirect.com/science/journal/09258388
Journal of Alloys and Compounds Communications,2950-2845,29502845,31710,Active,,,Included,Included,Included,https://www.sciencedirect.com/science/journal/29502845
Journal of the American Academy of Dermatology,0190-9622,1909622,13309,Active,,Included,Included,Included,Included,https://www.sciencedirect.com/science/journal/01909622
Journal of American Association for Pediatric Ophthalmology and Strabismus,1091-8531,10918531,13083,Active,,Included,Included,Included,Included,https://www.sciencedirect.com/science/journal/10918531
Journal of the American Dietetic Association,0002-8223,28223,13340,Changed Name,Continued as Journal of the Academy of Nutrition and Dietetics,Included,Included,Included,Included,https://www.sciencedirect.com/science/journal/00028223
Journal of the American Society of Cytopathology,2213-2945,22132945,14132,Active,,Included,Included,Included,Included,https://www.sciencedirect.com/science/journal/22132945
Journal of Analytical and Applied Pyrolysis,0165-2370,1652370,5157,Active,,Included,Included,Included,Included,https://www.sciencedirect.com/science/journal/01652370
Journal of Anesthesia History,2352-4529,23524529,18791,Discontinued,Formerly known as Bulletin of Anesthesia History; Discontinued as of 2023,Included,Included,Included,Included,https://www.sciencedirect.com/science/journal/23524529
Journal of Anthropological Archaeology,0278-4165,2784165,12050,Active,,Included,Included,Included,Included,https://www.sciencedirect.com/science/journal/02784165
Journal of Anxiety Disorders,0887-6185,8876185,801,Active,,Included,Included,Included,Included,https://www.sciencedirect.com/science/journal/08876185
Journal of Applied Developmental Psychology,0193-3973,1933973,7456,Active,,Included,Included,Included,Included,https://www.sciencedirect.com/science/journal/01933973
Journal of Applied Geophysics,0926-9851,9269851,5341,Active,Formerly known as Geoexploration,Included,Included,Included,Included,https://www.sciencedirect.com/science/journal/09269851
Journal of Applied Logic,1570-8683,15708683,5483,Discontinued,Title discontinued as of 2018,Included,Included,Included,Included,https://www.sciencedirect.com/science/journal/15708683
Journal of Applied Mathematics and Mechanics,0021-8928,218928,248,Discontinued,Title discontinued as of 2018,Included,Included,Included,Included,https://www.sciencedirect.com/science/journal/00218928
Journal of Applied Research on Medicinal and Aromatic Plants,2214-7861,22147861,10514,Active,,Included,Included,Included,Included,https://www.sciencedirect.com/science/journal/22147861
Journal of Approximation Theory,0021-9045,219045,12053,Active,,Included,Included,Included,Included,https://www.sciencedirect.com/science/journal/00219045
Journal of Archaeological Science,0305-4403,3054403,12643,Active,,Included,Included,Included,Included,https://www.sciencedirect.com/science/journal/03054403
Journal of Archaeological Science: Reports,2352-409X,2352409X,18080,Active,,Included,Included,Included,Included,https://www.sciencedirect.com/science/journal/2352409X
Journal of Arid Environments,0140-1963,1401963,12627,Active,,Included,Included,Included,Included,https://www.sciencedirect.com/science/journal/01401963
The Journal of Arthroplasty,0883-5403,8835403,13133,Active,,Included,Included,Included,Included,https://www.sciencedirect.com/science/journal/08835403
Journal of Asia-Pacific Entomology,1226-8615,12268615,8647,Active,,Included,Included,Included,Included,https://www.sciencedirect.com/science/journal/12268615
Journal of Asian Earth Sciences,1367-9120,13679120,235,Active,Formerly known as Journal of Southeast Asian Earth Sciences,Included,Included,Included,Included,https://www.sciencedirect.com/science/journal/13679120
Journal of Asian Economics,1049-0078,10490078,7421,Active,,Included,Included,Included,Included,https://www.sciencedirect.com/science/journal/10490078
Journal of Atmospheric and Solar-Terrestrial Physics,1364-6826,13646826,211,Active,Formerly known as Journal of Atmospheric and Terrestrial Physics,Included,Included,Included,Included,https://www.sciencedirect.com/science/journal/13646826
Journal of Atmospheric and Terrestrial Physics,0021-9169,219169,211,Changed Name,Continued as Journal of Atmospheric and Solar-Terrestrial Physics,Included,Included,Included,Included,https://www.sciencedirect.com/science/journal/00219169
Journal of Autoimmunity,0896-8411,8968411,12665,Active,,Included,Included,Included,Included,https://www.sciencedirect.com/science/journal/08968411
Journal of the Autonomic Nervous System,0165-1838,1651838,5062,Changed Name,Continued as Autonomic Neuroscience,Included,Included,Included,Included,https://www.sciencedirect.com/science/journal/01651838
Journal of Banking & Finance,0378-4266,3784266,5385,Active,,Included,Included,Included,Included,https://www.sciencedirect.com/science/journal/03784266
Journal of Behavior Therapy and Experimental Psychiatry,0005-7916,57916,339,Active,,Included,Included,Included,Included,https://www.sciencedirect.com/science/journal/00057916
Journal of Behavioral and Experimental Economics,2214-8043,22148043,7430,Active,Formerly known as The Journal of Socio-Economics,Included,Included,Included,Included,https://www.sciencedirect.com/science/journal/22148043
Journal of Behavioral and Experimental Finance,2214-6350,22146350,17034,Active,,Included,Included,Included,Included,https://www.sciencedirect.com/science/journal/22146350
Journal of Biochemical and Biophysical Methods,0165-022X,0165022X,5052,Changed Name,Continued as Journal of Proteomics,Included,Included,Included,Included,https://www.sciencedirect.com/science/journal/0165022X
Journal of Biomechanics,0021-9290,219290,321,Active,,Included,Included,Included,Included,https://www.sciencedirect.com/science/journal/00219290
Journal of Biomedical Informatics,1532-0464,15320464,12017,Active,Formerly known as Computers and Biomedical Research,Included,Included,Included,Included,https://www.sciencedirect.com/science/journal/15320464
Journal of Bionic Engineering,1672-6529,16726529,4289,Transferred,Transferred back to the society as of 2018,Included,Included,Included,Included,https://www.sciencedirect.com/science/journal/16726529
Journal of Bioscience and Bioengineering,1389-1723,13891723,5113,Active,Formerly known as Journal of Fermentation and Bioengineering,Included,Included,Included,Included,https://www.sciencedirect.com/science/journal/13891723
Journal of Biotechnology,0168-1656,1681656,5111,Active,,Included,Included,Included,Included,https://www.sciencedirect.com/science/journal/01681656
Journal of Bodywork and Movement Therapies,1360-8592,13608592,12745,Active,,Included,Included,Included,Included,https://www.sciencedirect.com/science/journal/13608592
Journal of The British Contact Lens Association,0141-7037,1417037,5462,Changed Name,Continued as Contact Lens and Anterior Eye,Included,Included,Included,Included,https://www.sciencedirect.com/science/journal/01417037
Journal of Building Engineering,2352-7102,23527102,18106,Active,,Included,Included,Included,Included,https://www.sciencedirect.com/science/journal/23527102
Journal of Business Research,0148-2963,1482963,7687,Active,,Included,Included,Included,Included,https://www.sciencedirect.com/science/journal/01482963
Journal of Business Venturing,0883-9026,8839026,7688,Active,,Included,Included,Included,Included,https://www.sciencedirect.com/science/journal/08839026
Journal of Business Venturing Design,2667-2774,26672774,31157,Active,,Included,Included,Included,Included,https://www.sciencedirect.com/science/journal/26672774
Journal of Business Venturing Insights,2352-6734,23526734,18760,Active,,Included,Included,Included,Included,https://www.sciencedirect.com/science/journal/23526734
Journal of Cancer Nursing,1364-9825,13649825,12746,Changed Name,Continued as European Journal of Oncology Nursing,Included,Included,Included,Included,https://www.sciencedirect.com/science/journal/13649825
Journal of Cancer Policy,2213-5383,22135383,10156,Active,,Included,Included,Included,Included,https://www.sciencedirect.com/science/journal/22135383
Journal of Cardiac Failure,1071-9164,10719164,13271,Active,,Included,Included,Included,Included,https://www.sciencedirect.com/science/journal/10719164
Journal of Cardiology,0914-5087,9145087,4119,Active,,Included,Included,Included,Included,https://www.sciencedirect.com/science/journal/09145087
Journal of Cardiology Cases,1878-5409,18785409,5641,Active,,Included,Included,Included,Included,https://www.sciencedirect.com/science/journal/18785409
Journal of Cardiothoracic-Renal Research,1574-0668,15740668,5504,Discontinued,Title discontinued as of 2007,Included,Included,Included,Included,https://www.sciencedirect.com/science/journal/15740668
Journal of Cardiothoracic and Vascular Anesthesia,1053-0770,10530770,13051,Active,Formerly known as Journal of Cardiothoracic Anesthesia,Included,Included,Included,Included,https://www.sciencedirect.com/science/journal/10530770
Journal of Cardiovascular Computed Tomography,1934-5925,19345925,13427,Active,,Included,Included,Included,Included,https://www.sciencedirect.com/science/journal/19345925
Journal of Catalysis,0021-9517,219517,12054,Active,,Included,Included,Included,Included,https://www.sciencedirect.com/science/journal/00219517
Journal of Cereal Science,0733-5210,7335210,12650,Active,,Included,Included,Included,Included,https://www.sciencedirect.com/science/journal/07335210
Journal of Chemical Neuroanatomy,0891-0618,8910618,5053,Active,,Included,Included,Included,Included,https://www.sciencedirect.com/science/journal/08910618
The Journal of Chemical Thermodynamics,0021-9614,219614,12611,Active,,Included,Included,Included,Included,https://www.sciencedirect.com/science/journal/00219614
Journal of China University of Mining and Technology,1006-1266,10061266,8603,Changed Name,Continued as Mining Science and Technology (China),Included,Included,Included,Included,https://www.sciencedirect.com/science/journal/10061266
Journal of the Chinese Institute of Chemical Engineers,0368-1653,3681653,8611,Changed Name,Continued as Journal of the Taiwan Institute of Chemical Engineers,Included,Included,Included,Included,https://www.sciencedirect.com/science/journal/03681653
Journal of Chiropractic Medicine,1556-3707,15563707,14034,Active,,Included,Included,Included,,https://www.sciencedirect.com/science/journal/15563707
Journal of Choice Modelling,1755-5345,17555345,18020,Active,,Included,Included,Included,Included,https://www.sciencedirect.com/science/journal/17555345
Journal of Chromatography A,0021-9673,219673,5158,Active,Incorporating Chromatographic Reviews,Included,Included,Included,Included,https://www.sciencedirect.com/science/journal/00219673
Journal of Chromatography B,1570-0232,15700232,5159,Active,Formerly known as Journal of Chromatography B: Biomedical Sciences and Applications,Included,Included,Included,Included,https://www.sciencedirect.com/science/journal/15700232
Journal of Chromatography B: Biomedical Sciences and Applications,0378-4347,3784347,5159,Changed Name,Continued as Journal of Chromatography B,Included,Included,Included,Included,https://www.sciencedirect.com/science/journal/03784347
Journal of Cleaner Production,0959-6526,9596526,3052,Active,,Included,Included,Included,Included,https://www.sciencedirect.com/science/journal/09596526
Journal of Climate Finance,2949-7280,29497280,31497,Active,,,Included,Included,Included,https://www.sciencedirect.com/science/journal/29497280
Journal of Clinical Anesthesia,0952-8180,9528180,7690,Active,,Included,Included,Included,Included,https://www.sciencedirect.com/science/journal/09528180
Journal of Clinical Epidemiology,0895-4356,8954356,7518,Active,Formerly known as Journal of Chronic Diseases,Included,Included,Included,Included,https://www.sciencedirect.com/science/journal/08954356
Journal of Clinical and Experimental Hepatology,0973-6883,9736883,8758,Active,,Included,Included,Included,Included,https://www.sciencedirect.com/science/journal/09736883
Journal of Clinical Forensic Medicine,1353-1131,13531131,12734,Changed Name,Continued as Journal of Forensic and Legal Medicine,Included,Included,Included,Included,https://www.sciencedirect.com/science/journal/13531131
Journal of Clinical Lipidology,1933-2874,19332874,13425,Active,,Included,Included,Included,Included,https://www.sciencedirect.com/science/journal/19332874
Journal of Clinical Neuroscience,0967-5868,9675868,12716,Active,,Included,Included,Included,Included,https://www.sciencedirect.com/science/journal/09675868
Journal of Clinical Orthopaedics and Trauma,0976-5662,9765662,8738,Active,,Included,Included,Included,Included,https://www.sciencedirect.com/science/journal/09765662
Journal of Clinical Virology,1386-6532,13866532,5021,Active,Formerly known as Clinical and Diagnostic Virology,Included,Included,Included,Included,https://www.sciencedirect.com/science/journal/13866532
Journal of CO2 Utilization,2212-9820,22129820,12775,Active,,Included,Included,Included,Included,https://www.sciencedirect.com/science/journal/22129820
Journal of Colloid and Interface Science,0021-9797,219797,12056,Active,Formerly known as Journal of Colloid Science,Included,Included,Included,Included,https://www.sciencedirect.com/science/journal/00219797
"Journal of Combinatorial Theory, Series A",0097-3165,973165,12060,Active,Formerly part of Journal of Combinatorial Theory,Included,Included,Included,Included,https://www.sciencedirect.com/science/journal/00973165
"Journal of Combinatorial Theory, Series B",0095-8956,958956,12061,Active,Formerly part of Journal of Combinatorial Theory,Included,Included,Included,Included,https://www.sciencedirect.com/science/journal/00958956
Journal of Commodity Markets,2405-8513,24058513,18196,Active,,Included,Included,Included,Included,https://www.sciencedirect.com/science/journal/24058513
Journal of Communication Disorders,0021-9924,219924,7693,Active,,Included,Included,Included,Included,https://www.sciencedirect.com/science/journal/00219924
Journal of Comparative Economics,0147-5967,1475967,12055,Active,,Included,Included,Included,Included,https://www.sciencedirect.com/science/journal/01475967
Journal of Comparative Pathology,0021-9975,219975,12612,Active,Formerly known as Journal of Comparative Pathology and Therapeutics,Included,Included,Included,Included,https://www.sciencedirect.com/science/journal/00219975
Journal of Complexity,0885-064X,0885064X,12057,Active,,Included,Included,Included,Included,https://www.sciencedirect.com/science/journal/0885064X
Journal of Computational and Applied Mathematics,0377-0427,3770427,5288,Active,,Included,Included,Included,Included,https://www.sciencedirect.com/science/journal/03770427
Journal of Computational Physics,0021-9991,219991,12058,Active,,Included,Included,Included,Included,https://www.sciencedirect.com/science/journal/00219991
Journal of Computational Science,1877-7503,18777503,8700,Active,,Included,Included,Included,Included,https://www.sciencedirect.com/science/journal/18777503
Journal of Computer Languages,2590-1184,25901184,12682,Active,Formerly known as Journal of Visual Languages & Computing,Included,Included,Included,Included,https://www.sciencedirect.com/science/journal/25901184
Journal of Computer and System Sciences,0022-0000,220000,12059,Active,,Included,Included,Included,Included,https://www.sciencedirect.com/science/journal/00220000
Journal of Constructional Steel Research,0143-974X,0143974X,2032,Active,,Included,Included,Included,Included,https://www.sciencedirect.com/science/journal/0143974X
Journal of Contaminant Hydrology,0169-7722,1697722,5342,Active,,Included,Included,Included,Included,https://www.sciencedirect.com/science/journal/01697722
Journal of Contemporary Accounting & Economics,1815-5669,18155669,5627,Active,,Included,Included,Included,Included,https://www.sciencedirect.com/science/journal/18155669
Journal of Contextual Behavioral Science,2212-1447,22121447,14113,Active,,Included,Included,Included,Included,https://www.sciencedirect.com/science/journal/22121447
Journal of Controlled Release,0168-3659,1683659,5054,Active,,Included,Included,Included,Included,https://www.sciencedirect.com/science/journal/01683659
Journal of Co-operative Organization and Management,2213-297X,2213297X,10136,Active,,Included,Included,Included,Included,https://www.sciencedirect.com/science/journal/2213297X
Journal of Corporate Finance,0929-1199,9291199,5387,Active,,Included,Included,Included,Included,https://www.sciencedirect.com/science/journal/09291199
Journal of Cranio-Maxillofacial Surgery,1010-5182,10105182,12735,Active,Formerly known as Journal of Maxillofacial Surgery,Included,Included,Included,Included,https://www.sciencedirect.com/science/journal/10105182
Journal of Criminal Justice,0047-2352,472352,366,Active,,Included,Included,Included,Included,https://www.sciencedirect.com/science/journal/00472352
Journal of Critical Care,0883-9441,8839441,13066,Active,"Incorporating Seminars in Anesthesia, Perioperative Medicine and Pain",Included,Included,Included,Included,https://www.sciencedirect.com/science/journal/08839441
Journal of Crystal Growth,0022-0248,220248,5200,Active,,Included,Included,Included,Included,https://www.sciencedirect.com/science/journal/00220248
Journal of Cultural Heritage,1296-2074,12962074,9069,Active,,Included,Included,Included,Included,https://www.sciencedirect.com/science/journal/12962074
Journal of Cystic Fibrosis,1569-1993,15691993,5437,Active,,Included,Included,Included,Included,https://www.sciencedirect.com/science/journal/15691993
Journal of Dentistry,0300-5712,3005712,3053,Active,,Included,Included,Included,Included,https://www.sciencedirect.com/science/journal/03005712
Journal of Dermatological Science,0923-1811,9231811,8032,Active,,Included,Included,Included,Included,https://www.sciencedirect.com/science/journal/09231811
Journal of Dermatological Science Supplement,1574-0757,15740757,8062,Discontinued,Title discontinued as of 2014,Included,Included,Included,Included,https://www.sciencedirect.com/science/journal/15740757
Journal of Destination Marketing & Management,2212-571X,2212571X,8806,Active,,Included,Included,Included,Included,https://www.sciencedirect.com/science/journal/2212571X
Journal of Development Economics,0304-3878,3043878,5388,Active,,Included,Included,Included,Included,https://www.sciencedirect.com/science/journal/03043878
Journal of Diabetes and its Complications,1056-8727,10568727,7697,Active,Formerly known as Journal of Diabetic Complications,Included,Included,Included,Included,https://www.sciencedirect.com/science/journal/10568727
Journal of Differential Equations,0022-0396,220396,12062,Active,,Included,Included,Included,Included,https://www.sciencedirect.com/science/journal/00220396
Journal of Discrete Algorithms,1570-8667,15708667,5482,Discontinued,Title discontinued as of 2019,Included,Included,Included,Included,https://www.sciencedirect.com/science/journal/15708667
Journal of Drug Delivery Science and Technology,1773-2247,17732247,18097,Active,,Included,Included,Included,Included,https://www.sciencedirect.com/science/journal/17732247
Journal of Econometrics,0304-4076,3044076,6013,Active,,Included,Included,Included,Included,https://www.sciencedirect.com/science/journal/03044076
The Journal of Economic Asymmetries,1703-4949,17034949,10157,Active,,Included,Included,Included,Included,https://www.sciencedirect.com/science/journal/17034949
Journal of Economic Behavior & Organization,0167-2681,1672681,5389,Active,,Included,Included,Included,Included,https://www.sciencedirect.com/science/journal/01672681
Journal of Economic Dynamics and Control,0165-1889,1651889,5390,Active,,Included,Included,Included,Included,https://www.sciencedirect.com/science/journal/01651889
Journal of Economic Psychology,0167-4870,1674870,5289,Active,,Included,Included,Included,Included,https://www.sciencedirect.com/science/journal/01674870
Journal of Economic Theory,0022-0531,220531,12066,Active,,Included,Included,Included,Included,https://www.sciencedirect.com/science/journal/00220531
The Journal of the Economics of Ageing,2212-828X,2212828X,8816,Active,,Included,Included,Included,Included,https://www.sciencedirect.com/science/journal/2212828X
Journal of Economics and Business,0148-6195,1486195,7699,Active,,Included,Included,Included,Included,https://www.sciencedirect.com/science/journal/01486195
Journal of Electroanalytical Chemistry,1572-6657,15726657,6014,Active,Formerly known as Journal of Electroanalytical Chemistry and Interfacial Electrochemistry,Included,Included,Included,Included,https://www.sciencedirect.com/science/journal/15726657
Journal of Electrocardiology,0022-0736,220736,13270,Active,,Included,Included,Included,Included,https://www.sciencedirect.com/science/journal/00220736
Journal of Electromyography and Kinesiology,1050-6411,10506411,3054,Active,,Included,Included,Included,Included,https://www.sciencedirect.com/science/journal/10506411
Journal of Electron Spectroscopy and Related Phenomena,0368-2048,3682048,5161,Active,,Included,Included,Included,Included,https://www.sciencedirect.com/science/journal/03682048
Journal of Electrostatics,0304-3886,3043886,5290,Active,,Included,Included,Included,Included,https://www.sciencedirect.com/science/journal/03043886
The Journal of Emergency Medicine,0736-4679,7364679,7535,Active,,Included,Included,Included,Included,https://www.sciencedirect.com/science/journal/07364679
Journal of Emergency Nursing,0099-1767,991767,13165,Active,,Included,Included,Included,Included,https://www.sciencedirect.com/science/journal/00991767
Journal of Empirical Finance,0927-5398,9275398,5391,Active,,Included,Included,Included,Included,https://www.sciencedirect.com/science/journal/09275398
Journal of Energy Chemistry,2095-4956,20954956,6064,Active,Formerly known as Journal of Natural Gas Chemistry,Included,Included,Included,Included,https://www.sciencedirect.com/science/journal/20954956
Journal of Energy Finance & Development,1085-7443,10857443,3025,Incorporated,Incorporated into Energy Economics,Included,Included,Included,Included,https://www.sciencedirect.com/science/journal/10857443
Journal of the Energy Institute,1743-9671,17439671,17053,Active,,Included,Included,Included,Included,https://www.sciencedirect.com/science/journal/17439671
Journal of Energy Storage,2352-152X,2352152X,18072,Active,,Included,Included,Included,Included,https://www.sciencedirect.com/science/journal/2352152X
Journal of Engineering and Technology Management,0923-4748,9234748,5392,Active,Formerly known as Engineering Management International,Included,Included,Included,Included,https://www.sciencedirect.com/science/journal/09234748
Journal of English for Academic Purposes,1475-1585,14751585,3015,Active,,Included,Included,Included,Included,https://www.sciencedirect.com/science/journal/14751585
Journal of Environmental Chemical Engineering,2213-3437,22133437,10140,Active,,Included,Included,Included,Included,https://www.sciencedirect.com/science/journal/22133437
Journal of Environmental Economics and Management,0095-0696,950696,12064,Active,,Included,Included,Included,Included,https://www.sciencedirect.com/science/journal/00950696
Journal of Environmental Management,0301-4797,3014797,12642,Active,Incorporating Advances in Environmental Research,Included,Included,Included,Included,https://www.sciencedirect.com/science/journal/03014797
Journal of Environmental Psychology,0272-4944,2724944,12640,Active,,Included,Included,Included,Included,https://www.sciencedirect.com/science/journal/02724944
Journal of Environmental Radioactivity,0265-931X,0265931X,2034,Active,,Included,Included,Included,Included,https://www.sciencedirect.com/science/journal/0265931X
Journal of Environmental Sciences,1001-0742,10010742,8576,Active,,Included,Included,Included,Included,https://www.sciencedirect.com/science/journal/10010742
Journal of Epidemiology and Population Health,2950-4333,29504333,15710,Active,,,Included,Included,Included,https://www.sciencedirect.com/science/journal/29504333
Journal of Epilepsy,0896-6974,8966974,5029,Incorporated,Incorporated into Epilepsy Research,Included,Included,Included,Included,https://www.sciencedirect.com/science/journal/08966974
Journal of Equine Veterinary Science,0737-0806,7370806,13335,Active,,Included,Included,Included,Included,https://www.sciencedirect.com/science/journal/07370806
Journal of Ethnopharmacology,0378-8741,3788741,8033,Active,,Included,Included,Included,Included,https://www.sciencedirect.com/science/journal/03788741
Journal of the European Ceramic Society,0955-2219,9552219,2036,Active,Formerly known as International Journal of High Technology Ceramics,Included,Included,Included,Included,https://www.sciencedirect.com/science/journal/09552219
Journal of Evidence Based Dental Practice,1532-3382,15323382,13023,Active,,Included,Included,Included,Included,https://www.sciencedirect.com/science/journal/15323382
Journal of Exotic Pet Medicine,1557-5063,15575063,13003,Active,Formerly known as Seminars in Avian and Exotic Pet Medicine,Included,Included,Included,Included,https://www.sciencedirect.com/science/journal/15575063
Journal of Experimental Animal Science,0939-8600,9398600,10027,Discontinued,Title discontinued as of 2007,Included,Included,Included,Included,https://www.sciencedirect.com/science/journal/09398600
Journal of Experimental Child Psychology,0022-0965,220965,12063,Active,,Included,Included,Included,Included,https://www.sciencedirect.com/science/journal/00220965
Journal of Experimental & Clinical Medicine,1878-3317,18783317,8707,Discontinued,Title discontinued as of 2015,Included,Included,Included,Included,https://www.sciencedirect.com/science/journal/18783317
Journal of Experimental Horticulture,3051-1186,30511186,32150,Active,,,,,Included,https://www.sciencedirect.com/science/journal/30511186
Journal of Experimental Marine Biology and Ecology,0022-0981,220981,5112,Active,,Included,Included,Included,Included,https://www.sciencedirect.com/science/journal/00220981
Journal of Experimental Social Psychology,0022-1031,221031,12065,Active,,Included,Included,Included,Included,https://www.sciencedirect.com/science/journal/00221031
Journal of Family Business Strategy,1877-8585,18778585,5629,Active,,Included,Included,Included,Included,https://www.sciencedirect.com/science/journal/18778585
Journal of Fermentation and Bioengineering,0922-338X,0922338X,5113,Changed Name,Formerly known as Journal of Fermentation Technology; Continued as Journal of Bioscience and Bioengineering,Included,Included,Included,Included,https://www.sciencedirect.com/science/journal/0922338X
Journal of Financial Economics,0304-405X,0304405X,6015,Active,,Included,Included,Included,Included,https://www.sciencedirect.com/science/journal/0304405X
Journal of Financial Intermediation,1042-9573,10429573,12069,Active,,Included,Included,Included,Included,https://www.sciencedirect.com/science/journal/10429573
Journal of Financial Markets,1386-4181,13864181,5456,Active,,Included,Included,Included,Included,https://www.sciencedirect.com/science/journal/13864181
Journal of Financial Stability,1572-3089,15723089,5540,Active,,Included,Included,Included,Included,https://www.sciencedirect.com/science/journal/15723089
Journal of Fluency Disorders,0094-730X,0094730X,7705,Active,,Included,Included,Included,Included,https://www.sciencedirect.com/science/journal/0094730X
Journal of Fluids and Structures,0889-9746,8899746,12662,Active,,Included,Included,Included,Included,https://www.sciencedirect.com/science/journal/08899746
Journal of Fluorine Chemistry,0022-1139,221139,6016,Active,,Included,Included,Included,Included,https://www.sciencedirect.com/science/journal/00221139
Journal of Food Composition and Analysis,0889-1575,8891575,12068,Active,,Included,Included,Included,Included,https://www.sciencedirect.com/science/journal/08891575
Journal of Food Engineering,0260-8774,2608774,2035,Active,,Included,Included,Included,Included,https://www.sciencedirect.com/science/journal/02608774
The Journal of Foot and Ankle Surgery,1067-2516,10672516,13341,Active,,Included,Included,Included,Included,https://www.sciencedirect.com/science/journal/10672516
Journal of Forensic and Legal Medicine,1752-928X,1752928X,12734,Active,Formerly known as Journal of Clinical Forensic Medicine,Included,Included,Included,Included,https://www.sciencedirect.com/science/journal/1752928X
Journal of Forensic Radiology and Imaging,2212-4780,22124780,12774,Changed Name,Continued as Forensic Imaging,Included,Included,Included,Included,https://www.sciencedirect.com/science/journal/22124780
Journal of the Franklin Institute,0016-0032,160032,334,Active,,Included,Included,Included,Included,https://www.sciencedirect.com/science/journal/00160032
Journal of Fuel Chemistry and Technology,1872-5813,18725813,3088,Active,,Included,Included,Included,Included,https://www.sciencedirect.com/science/journal/18725813
Journal of Functional Analysis,0022-1236,221236,12067,Active,,Included,Included,Included,Included,https://www.sciencedirect.com/science/journal/00221236
Journal of Functional Foods,1756-4646,17564646,5619,Active,,Included,Included,Included,Included,https://www.sciencedirect.com/science/journal/17564646
Journal of Genetics and Genomics,1673-8527,16738527,5600,Active,Formerly known as Acta Genetica Sinica,Included,Included,Included,Included,https://www.sciencedirect.com/science/journal/16738527
Journal of Geochemical Exploration,0375-6742,3756742,5343,Active,,Included,Included,Included,Included,https://www.sciencedirect.com/science/journal/03756742
Journal of Geodynamics,0264-3707,2643707,874,Active,,Included,Included,Included,Included,https://www.sciencedirect.com/science/journal/02643707
Journal of Geometry and Physics,0393-0440,3930440,5201,Active,,Included,Included,Included,Included,https://www.sciencedirect.com/science/journal/03930440
Journal of Geriatric Oncology,1879-4068,18794068,12772,Active,,Included,Included,Included,Included,https://www.sciencedirect.com/science/journal/18794068
Journal of Global Antimicrobial Resistance,2213-7165,22137165,10167,Active,,Included,Included,Included,Included,https://www.sciencedirect.com/science/journal/22137165
Journal of Government Information,1352-0237,13520237,7408,Incorporated,Formerly known as Government Publications Review; Incorporated into Government Information Quarterly,Included,Included,Included,Included,https://www.sciencedirect.com/science/journal/13520237
Journal of Gynecology Obstetrics and Human Reproduction,2468-7847,24687847,15562,Active,Formerly known as Journal de Gynécologie Obstétrique et Biologie de la Reproduction,Included,Included,Included,Included,https://www.sciencedirect.com/science/journal/24687847
Journal of Hand and Microsurgery,0974-3227,9743227,31815,Active,,,Included,Included,Included,https://www.sciencedirect.com/science/journal/09743227
Journal of Hand Therapy,0894-1130,8941130,14016,Active,,Included,Included,Included,Included,https://www.sciencedirect.com/science/journal/08941130
Journal of Hazardous Materials,0304-3894,3043894,5162,Active,,Included,Included,Included,Included,https://www.sciencedirect.com/science/journal/03043894
Journal of Health Economics,0167-6296,1676296,5393,Active,,Included,Included,Included,Included,https://www.sciencedirect.com/science/journal/01676296
Journal of Hepatology,0168-8278,1688278,8145,Active,,Included,Included,Included,Included,https://www.sciencedirect.com/science/journal/01688278
Journal of Herbal Medicine,2210-8033,22108033,10072,Active,,Included,Included,Included,Included,https://www.sciencedirect.com/science/journal/22108033
Journal of High Energy Astrophysics,2214-4048,22144048,18042,Active,,Included,Included,Included,Included,https://www.sciencedirect.com/science/journal/22144048
The Journal of High Technology Management Research,1047-8310,10478310,7423,Active,,Included,Included,Included,Included,https://www.sciencedirect.com/science/journal/10478310
Journal of Historical Geography,0305-7488,3057488,12647,Active,,Included,Included,Included,Included,https://www.sciencedirect.com/science/journal/03057488
Journal of Hospital Infection,0195-6701,1956701,12637,Active,,Included,Included,Included,Included,https://www.sciencedirect.com/science/journal/01956701
"Journal of Hospitality, Leisure, Sport & Tourism Education",1473-8376,14738376,12989,Active,,Included,Included,Included,Included,https://www.sciencedirect.com/science/journal/14738376
Journal of Hospitality and Tourism Management,1447-6770,14476770,17004,Active,,Included,Included,Included,Included,https://www.sciencedirect.com/science/journal/14476770
Journal of Housing Economics,1051-1377,10511377,12070,Active,,Included,Included,Included,Included,https://www.sciencedirect.com/science/journal/10511377
Journal of Human Evolution,0047-2484,472484,12624,Active,,Included,Included,Included,Included,https://www.sciencedirect.com/science/journal/00472484
"Journal of Hydrodynamics, Ser. B",1001-6058,10016058,4103,Transferred,Transferred back to the society as of 2018,Included,Included,Included,Included,https://www.sciencedirect.com/science/journal/10016058
Journal of Hydrology,0022-1694,221694,5344,Active,,Included,Included,Included,Included,https://www.sciencedirect.com/science/journal/00221694
Journal of Immunological Methods,0022-1759,221759,5055,Active,Incorporating Immunotechnology,Included,Included,Included,Included,https://www.sciencedirect.com/science/journal/00221759
Journal of Immunology and Regenerative Medicine,2468-4988,24684988,18396,Active,,Included,Included,Included,Included,https://www.sciencedirect.com/science/journal/24684988
Journal of the Indian Chemical Society,0019-4522,194522,31158,Active,,Included,Included,Included,Included,https://www.sciencedirect.com/science/journal/00194522
Journal of Industrial and Engineering Chemistry,1226-086X,1226086X,8620,Active,,Included,Included,Included,Included,https://www.sciencedirect.com/science/journal/1226086X
Journal of Industrial Information Integration,2452-414X,2452414X,18297,Active,,Included,Included,Included,Included,https://www.sciencedirect.com/science/journal/2452414X
Journal of Infection,0163-4453,1634453,12631,Active,,Included,Included,Included,Included,https://www.sciencedirect.com/science/journal/01634453
Journal of Infection and Chemotherapy,1341-321X,1341321X,18048,Active,,Included,Included,Included,Included,https://www.sciencedirect.com/science/journal/1341321X
Journal of Information Security and Applications,2214-2126,22142126,2199,Active,Formerly known as Information Security Technical Report,Included,Included,Included,Included,https://www.sciencedirect.com/science/journal/22142126
Journal of Informetrics,1751-1577,17511577,4091,Active,,Included,Included,Included,Included,https://www.sciencedirect.com/science/journal/17511577
Journal of Inorganic Biochemistry,0162-0134,1620134,7711,Active,Formerly known as Bioinorganic Chemistry,Included,Included,Included,Included,https://www.sciencedirect.com/science/journal/01620134
Journal of Insect Physiology,0022-1910,221910,231,Active,,Included,Included,Included,Included,https://www.sciencedirect.com/science/journal/00221910
Journal of Integrative Agriculture,2095-3119,20953119,8568,Transferred,Transferred to KeAi; Formerly known as Agricultural Sciences in China,Included,Included,Included,,https://www.sciencedirect.com/science/journal/20953119
Journal of Integrative Medicine,2095-4964,20954964,17068,Active,,Included,Included,Included,Included,https://www.sciencedirect.com/science/journal/20954964
"Journal of International Accounting, Auditing and Taxation",1061-9518,10619518,7424,Active,,Included,Included,Included,Included,https://www.sciencedirect.com/science/journal/10619518
Journal of International Economics,0022-1996,221996,5395,Active,,Included,Included,Included,Included,https://www.sciencedirect.com/science/journal/00221996
"Journal of International Financial Markets, Institutions and Money",1042-4431,10424431,5442,Active,,Included,Included,Included,Included,https://www.sciencedirect.com/science/journal/10424431
Journal of International Management,1075-4253,10754253,7684,Active,,Included,Included,Included,Included,https://www.sciencedirect.com/science/journal/10754253
Journal of International Money and Finance,0261-5606,2615606,3055,Active,,Included,Included,Included,Included,https://www.sciencedirect.com/science/journal/02615606
Journal of Interprofessional Education & Practice,2405-4526,24054526,18798,Active,,Included,Included,Included,Included,https://www.sciencedirect.com/science/journal/24054526
Journal of Invertebrate Pathology,0022-2011,222011,12071,Active,,Included,Included,Included,Included,https://www.sciencedirect.com/science/journal/00222011
"Journal of Iron and Steel Research, International",1006-706X,1006706X,4258,Transferred,Transferred back to the society as of 2018,Included,Included,Included,Included,https://www.sciencedirect.com/science/journal/1006706X
Journal of the Japanese and International Economies,0889-1583,8891583,12072,Active,,Included,Included,Included,Included,https://www.sciencedirect.com/science/journal/08891583
Journal of Laboratory and Clinical Medicine,0022-2143,222143,13243,Changed Name,Continued as Translational Research,Included,Included,Included,Included,https://www.sciencedirect.com/science/journal/00222143
Journal of Light Metals,1471-5317,14715317,2276,Discontinued,Title discontinued as of 2003,Included,Included,Included,Included,https://www.sciencedirect.com/science/journal/14715317
Journal of Lipid Mediators and Cell Signalling,0929-7855,9297855,7754,Incorporated,Incorporated into Prostaglandins and Other Lipid Mediators,Included,Included,Included,Included,https://www.sciencedirect.com/science/journal/09297855
The Journal of Logic and Algebraic Programming,1567-8326,15678326,7717,Changed Name,Formerly known as The Journal of Logic Programming,Included,Included,Included,Included,https://www.sciencedirect.com/science/journal/15678326
The Journal of Logic Programming,0743-1066,7431066,7717,Changed Name,Continued as The Journal of Logic and Algebraic Programming,Included,Included,Included,Included,https://www.sciencedirect.com/science/journal/07431066
Journal of Logical and Algebraic Methods in Programming,2352-2208,23522208,7717,Active,Formerly known as The Journal of Logic and Algebraic Programming,Included,Included,Included,Included,https://www.sciencedirect.com/science/journal/23522208
Journal of Loss Prevention in the Process Industries,0950-4230,9504230,3056,Active,,Included,Included,Included,Included,https://www.sciencedirect.com/science/journal/09504230
Journal of Luminescence,0022-2313,222313,5202,Active,,Included,Included,Included,Included,https://www.sciencedirect.com/science/journal/00222313
Journal of Macroeconomics,0164-0704,1640704,5470,Active,,Included,Included,Included,Included,https://www.sciencedirect.com/science/journal/01640704
Journal of Magnetic Resonance,1090-7807,10907807,12076,Active,"Incorporating Journal of Magnetic Resonance, Series A and Journal of Magnetic Resonance, Series B",Included,Included,Included,Included,https://www.sciencedirect.com/science/journal/10907807
"Journal of Magnetic Resonance, Series A",1064-1858,10641858,12076,Incorporated,Formerly part of Journal of Magnetic Resonance (1969); Incorporated into Journal of Magnetic Resonance,Included,Included,Included,Included,https://www.sciencedirect.com/science/journal/10641858
"Journal of Magnetic Resonance, Series B",1064-1866,10641866,12076,Incorporated,Formerly part of Journal of Magnetic Resonance (1969); Incorporated into Journal of Magnetic Resonance,Included,Included,Included,Included,https://www.sciencedirect.com/science/journal/10641866
Journal of Magnetism and Magnetic Materials,0304-8853,3048853,5203,Active,,Included,Included,Included,Included,https://www.sciencedirect.com/science/journal/03048853
Journal of Manipulative and Physiological Therapeutics,0161-4754,1614754,13026,Active,,Included,Included,Included,,https://www.sciencedirect.com/science/journal/01614754
Journal of Manufacturing Processes,1526-6125,15266125,1056,Active,,Included,Included,Included,Included,https://www.sciencedirect.com/science/journal/15266125
Journal of Manufacturing Systems,0278-6125,2786125,2092,Active,,Included,Included,Included,Included,https://www.sciencedirect.com/science/journal/02786125
Journal of Marine Systems,0924-7963,9247963,5345,Active,,Included,Included,Included,Included,https://www.sciencedirect.com/science/journal/09247963
Journal of Mass Spectrometry and Advances in the Clinical Lab,2667-145X,2667145X,18357,Active,,Included,Included,Included,Included,https://www.sciencedirect.com/science/journal/2667145X
Journal of Materials Processing Technology,0924-0136,9240136,6017,Active,Formerly known as Journal of Mechanical Working Technology,Included,Included,Included,Included,https://www.sciencedirect.com/science/journal/09240136
Journal of Materials Science & Technology,1005-0302,10050302,12886,Active,,Included,Included,Included,Included,https://www.sciencedirect.com/science/journal/10050302
Journal of Mathematical Analysis and Applications,0022-247X,0022247X,12073,Active,,Included,Included,Included,Included,https://www.sciencedirect.com/science/journal/0022247X
The Journal of Mathematical Behavior,0732-3123,7323123,7457,Active,,Included,Included,Included,Included,https://www.sciencedirect.com/science/journal/07323123
Journal of Mathematical Economics,0304-4068,3044068,6018,Active,,Included,Included,Included,Included,https://www.sciencedirect.com/science/journal/03044068
Journal of Mathematical Psychology,0022-2496,222496,12075,Active,,Included,Included,Included,Included,https://www.sciencedirect.com/science/journal/00222496
Journal de Mathématiques Pures et Appliquées,0021-7824,217824,9041,Active,,Included,Included,Included,Included,https://www.sciencedirect.com/science/journal/00217824
Journal of the Mechanical Behavior of Biomedical Materials,1751-6161,17516161,3080,Active,,Included,Included,Included,Included,https://www.sciencedirect.com/science/journal/17516161
Journal of the Mechanics and Physics of Solids,0022-5096,225096,220,Active,,Included,Included,Included,Included,https://www.sciencedirect.com/science/journal/00225096
Journal of Medical Colleges of PLA,1000-1948,10001948,8616,Transferred,Transferred back to the society as of 2014,Included,Included,Included,Included,https://www.sciencedirect.com/science/journal/10001948
Journal of Membrane Science,0376-7388,3767388,5163,Active,,Included,Included,Included,Included,https://www.sciencedirect.com/science/journal/03767388
Journal of Memory and Language,0749-596X,0749596X,12074,Active,Formerly known as Journal of Verbal Learning and Verbal Behavior,Included,Included,Included,Included,https://www.sciencedirect.com/science/journal/0749596X
Journal of Microbiological Methods,0167-7012,1677012,5058,Active,,Included,Included,Included,Included,https://www.sciencedirect.com/science/journal/01677012
Journal of Microcomputer Applications,0745-7138,7457138,12653,Changed Name,Continued as Journal of Network and Computer Applications,Included,Included,Included,Included,https://www.sciencedirect.com/science/journal/07457138
Journal of Molecular Biology,0022-2836,222836,12615,Active,,Included,Included,Included,Included,https://www.sciencedirect.com/science/journal/00222836
Journal of Molecular Catalysis A: Chemical,1381-1169,13811169,5166,Changed Name,Formerly part of Journal of Molecular Catalysis; Continued as Molecular Catalysis,Included,Included,Included,Included,https://www.sciencedirect.com/science/journal/13811169
Journal of Molecular Catalysis B: Enzymatic,1381-1177,13811177,5167,Discontinued,Formerly part of Journal of Molecular Catalysis; Title discontinued as of 2017,Included,Included,Included,Included,https://www.sciencedirect.com/science/journal/13811177
Journal of Molecular and Cellular Cardiology,0022-2828,222828,12614,Active,,Included,Included,Included,Included,https://www.sciencedirect.com/science/journal/00222828
Journal of Molecular Graphics,0263-7855,2637855,7721,Changed Name,Continued as Journal of Molecular Graphics and Modelling,Included,Included,Included,Included,https://www.sciencedirect.com/science/journal/02637855
Journal of Molecular Graphics and Modelling,1093-3263,10933263,7721,Active,Formerly known as Journal of Molecular Graphics,Included,Included,Included,Included,https://www.sciencedirect.com/science/journal/10933263
Journal of Molecular Liquids,0167-7322,1677322,5169,Active,Formerly known as Advances in Molecular Relaxation and Interaction Processes,Included,Included,Included,Included,https://www.sciencedirect.com/science/journal/01677322
Journal of Molecular Spectroscopy,0022-2852,222852,12077,Active,,Included,Included,Included,Included,https://www.sciencedirect.com/science/journal/00222852
Journal of Molecular Structure,0022-2860,222860,5170,Active,,Included,Included,Included,Included,https://www.sciencedirect.com/science/journal/00222860
Journal of Molecular Structure: THEOCHEM,0166-1280,1661280,5164,Changed Name,Continued as Computational and Theoretical Chemistry,Included,Included,Included,Included,https://www.sciencedirect.com/science/journal/01661280
Journal of Monetary Economics,0304-3932,3043932,5398,Active,Incorporating Carnegie-Rochester Conference Series on Public Policy,Included,Included,Included,Included,https://www.sciencedirect.com/science/journal/03043932
Journal of Multinational Financial Management,1042-444X,1042444X,5443,Active,,Included,Included,Included,Included,https://www.sciencedirect.com/science/journal/1042444X
Journal of Multivariate Analysis,0047-259X,0047259X,12078,Active,,Included,Included,Included,Included,https://www.sciencedirect.com/science/journal/0047259X
Journal of Medical Mycology,1156-5233,11565233,9351,Active,,Included,Included,Included,Included,https://www.sciencedirect.com/science/journal/11565233
Journal of Natural Gas Chemistry,1003-9953,10039953,6064,Changed Name,Continued as Journal of Energy Chemistry,Included,Included,Included,Included,https://www.sciencedirect.com/science/journal/10039953
Journal of Natural Gas Science and Engineering,1875-5100,18755100,8655,Active,,Included,Included,Included,Included,https://www.sciencedirect.com/science/journal/18755100
Journal for Nature Conservation,1617-1381,16171381,10009,Active,,Included,Included,Included,Included,https://www.sciencedirect.com/science/journal/16171381
Journal of Neonatal Nursing,1355-1841,13551841,12606,Active,,Included,Included,Included,Included,https://www.sciencedirect.com/science/journal/13551841
Journal of Network and Computer Applications,1084-8045,10848045,12653,Active,Formerly known as Journal of Microcomputer Applications,Included,Included,Included,Included,https://www.sciencedirect.com/science/journal/10848045
Journal of Neuroimmunology,0165-5728,1655728,5060,Active,Incorporating Advances in Neuroimmunology,Included,Included,Included,Included,https://www.sciencedirect.com/science/journal/01655728
Journal of Neurolinguistics,0911-6044,9116044,866,Active,,Included,Included,Included,Included,https://www.sciencedirect.com/science/journal/09116044
Journal of the Neurological Sciences,0022-510X,0022510X,5063,Active,,Included,Included,Included,Included,https://www.sciencedirect.com/science/journal/0022510X
Journal of Neuroradiology,0150-9861,1509861,15564,Active,,Included,Included,Included,Included,https://www.sciencedirect.com/science/journal/01509861
Journal of Neuroscience Methods,0165-0270,1650270,5061,Active,,Included,Included,Included,Included,https://www.sciencedirect.com/science/journal/01650270
Journal of Non-Crystalline Solids,0022-3093,223093,5204,Active,,Included,Included,Included,Included,https://www.sciencedirect.com/science/journal/00223093
Journal of Non-Newtonian Fluid Mechanics,0377-0257,3770257,5172,Active,,Included,Included,Included,Included,https://www.sciencedirect.com/science/journal/03770257
Journal of Nuclear Materials,0022-3115,223115,5205,Active,,Included,Included,Included,Included,https://www.sciencedirect.com/science/journal/00223115
Journal of Number Theory,0022-314X,0022314X,12079,Active,,Included,Included,Included,Included,https://www.sciencedirect.com/science/journal/0022314X
The Journal for Nurse Practitioners,1555-4155,15554155,14023,Active,,Included,Included,Included,Included,https://www.sciencedirect.com/science/journal/15554155
Journal of Nursing Regulation,2155-8256,21558256,18841,Active,,Included,Included,Included,Included,https://www.sciencedirect.com/science/journal/21558256
Journal of Nutrition Education,0022-3182,223182,13410,Changed Name,Continued as Journal of Nutrition Education and Behavior,Included,Included,Included,Included,https://www.sciencedirect.com/science/journal/00223182
Journal of Nutrition Education and Behavior,1499-4046,14994046,13410,Active,Formerly known as Journal of Nutrition Behavior,Included,Included,Included,Included,https://www.sciencedirect.com/science/journal/14994046
The Journal of Nutritional Biochemistry,0955-2863,9552863,7714,Active,,Included,Included,Included,Included,https://www.sciencedirect.com/science/journal/09552863
Journal of Obsessive-Compulsive and Related Disorders,2211-3649,22113649,14065,Active,,Included,Included,Included,Included,https://www.sciencedirect.com/science/journal/22113649
Journal of Oral Biology and Craniofacial Research,2212-4268,22124268,10092,Active,,Included,Included,Included,Included,https://www.sciencedirect.com/science/journal/22124268
Journal of Oral Biosciences,1349-0079,13490079,10102,Active,,Included,Included,Included,Included,https://www.sciencedirect.com/science/journal/13490079
"Journal of Oral and Maxillofacial Surgery, Medicine, and Pathology",2212-5558,22125558,12889,Active,Formerly known as Asian Journal of Oral and Maxillofacial Surgery,Included,Included,Included,Included,https://www.sciencedirect.com/science/journal/22125558
Journal of Organometallic Chemistry,0022-328X,0022328X,6019,Active,,Included,Included,Included,Included,https://www.sciencedirect.com/science/journal/0022328X
Journal of Orthopaedic Nursing,1361-3111,13613111,12748,Changed Name,Continued as International Journal of Orthopaedic and Trauma Nursing,Included,Included,Included,Included,https://www.sciencedirect.com/science/journal/13613111
Journal of Orthopaedics,0972-978X,0972978X,8825,Active,,Included,Included,Included,Included,https://www.sciencedirect.com/science/journal/0972978X
Journal of Osteopathic Medicine,1443-8461,14438461,4081,Changed Name,Continued as International Journal of Osteopathic Medicine,Included,Included,Included,Included,https://www.sciencedirect.com/science/journal/14438461
Journal of Outdoor Recreation and Tourism,2213-0780,22130780,18009,Active,,Included,Included,Included,Included,https://www.sciencedirect.com/science/journal/22130780
Journal of Pain and Symptom Management,0885-3924,8853924,7725,Active,,Included,Included,Included,Included,https://www.sciencedirect.com/science/journal/08853924
Journal of Parallel and Distributed Computing,0743-7315,7437315,12080,Active,,Included,Included,Included,Included,https://www.sciencedirect.com/science/journal/07437315
Journal of Pediatric and Adolescent Gynecology,1083-3188,10833188,7752,Active,Formerly known as Adolescent and Pediatric Gynecology,Included,Included,Included,Included,https://www.sciencedirect.com/science/journal/10833188
Journal of Pediatric Health Care,0891-5245,8915245,13176,Active,,Included,Included,Included,Included,https://www.sciencedirect.com/science/journal/08915245
Journal of Pediatric Nursing,0882-5963,8825963,13162,Active,,Included,Included,Included,Included,https://www.sciencedirect.com/science/journal/08825963
Journal of Pediatric Surgery,0022-3468,223468,13069,Active,,Included,Included,Included,Included,https://www.sciencedirect.com/science/journal/00223468
Journal of Pediatric Urology,1477-5131,14775131,4070,Active,,Included,Included,Included,Included,https://www.sciencedirect.com/science/journal/14775131
The Journal of Pediatrics,0022-3476,223476,13249,Active,,Included,Included,Included,Included,https://www.sciencedirect.com/science/journal/00223476
Journal de Pédiatrie et de Puériculture,0987-7983,9877983,9040,Active,,Included,Included,Included,Included,https://www.sciencedirect.com/science/journal/09877983
Journal of PeriAnesthesia Nursing,1089-9472,10899472,13187,Active,,Included,Included,Included,Included,https://www.sciencedirect.com/science/journal/10899472
Journal of Petroleum Science and Engineering,0920-4105,9204105,5346,Active,,Included,Included,Included,Included,https://www.sciencedirect.com/science/journal/09204105
Journal of Pharmaceutical and Biomedical Analysis,0731-7085,7317085,5173,Active,,Included,Included,Included,Included,https://www.sciencedirect.com/science/journal/07317085
Journal of Pharmacological and Toxicological Methods,1056-8719,10568719,7726,Active,Formerly known as Journal of Pharmacological Methods,Included,Included,Included,Included,https://www.sciencedirect.com/science/journal/10568719
Journal of Phonetics,0095-4470,954470,12626,Active,,Included,Included,Included,Included,https://www.sciencedirect.com/science/journal/00954470
Journal of Photochemistry and Photobiology A: Chemistry,1010-6030,10106030,6020,Active,Formerly part of Journal of Photochemistry,Included,Included,Included,Included,https://www.sciencedirect.com/science/journal/10106030
Journal of Photochemistry and Photobiology B: Biology,1011-1344,10111344,6021,Active,Formerly part of Journal of Photochemistry,Included,Included,Included,Included,https://www.sciencedirect.com/science/journal/10111344
Journal of Photochemistry and Photobiology C: Photochemistry Reviews,1389-5567,13895567,6054,Active,,Included,Included,Included,Included,https://www.sciencedirect.com/science/journal/13895567
Journal of Physics and Chemistry of Solids,0022-3697,223697,229,Active,,Included,Included,Included,Included,https://www.sciencedirect.com/science/journal/00223697
Journal of Physiology-Paris,0928-4257,9284257,9042,Discontinued,Title discontinued as of 2017,Included,Included,Included,Included,https://www.sciencedirect.com/science/journal/09284257
Journal of Plant Physiology,0176-1617,1761617,10010,Active,Formerly known as Zeitschrift für Pflanzenphysiologie; Incorporating Biochemie und Physiologie der Pflanzen,Included,Included,Included,Included,https://www.sciencedirect.com/science/journal/01761617
"Journal of Plastic, Reconstructive & Aesthetic Surgery",1748-6815,17486815,12727,Active,Formerly known as British Journal of Plastic Surgery,Included,Included,Included,Included,https://www.sciencedirect.com/science/journal/17486815
Journal of Policy Modeling,0161-8938,1618938,7729,Active,,Included,Included,Included,Included,https://www.sciencedirect.com/science/journal/01618938
Journal of Power Sources,0378-7753,3787753,6022,Active,,Included,Included,Included,Included,https://www.sciencedirect.com/science/journal/03787753
Journal of Pragmatics,0378-2166,3782166,5291,Active,,Included,Included,Included,Included,https://www.sciencedirect.com/science/journal/03782166
Journal of Process Control,0959-1524,9591524,3057,Active,,Included,Included,Included,Included,https://www.sciencedirect.com/science/journal/09591524
Journal of Professional Nursing,8755-7223,87557223,13189,Active,,Included,Included,Included,Included,https://www.sciencedirect.com/science/journal/87557223
The Journal of Prosthetic Dentistry,0022-3913,223913,13029,Active,,Included,Included,Included,Included,https://www.sciencedirect.com/science/journal/00223913
Journal of Proteomics,1874-3919,18743919,5052,Active,Formerly known as Journal of Biochemical and Biophysical Methods,Included,Included,Included,Included,https://www.sciencedirect.com/science/journal/18743919
Journal of Psychiatric Research,0022-3956,223956,241,Active,,Included,Included,Included,Included,https://www.sciencedirect.com/science/journal/00223956
Journal of Psychosomatic Research,0022-3999,223999,7550,Active,,Included,Included,Included,Included,https://www.sciencedirect.com/science/journal/00223999
Journal of Public Economics,0047-2727,472727,6023,Active,,Included,Included,Included,Included,https://www.sciencedirect.com/science/journal/00472727
Journal of Purchasing and Supply Management,1478-4092,14784092,3028,Active,Formerly known as European Journal of Purchasing & Supply Management,Included,Included,Included,Included,https://www.sciencedirect.com/science/journal/14784092
Journal of Pure and Applied Algebra,0022-4049,224049,5292,Active,,Included,Included,Included,Included,https://www.sciencedirect.com/science/journal/00224049
Journal of Quality Management,1084-8568,10848568,7426,Discontinued,Title discontinued as of 2002,Included,Included,Included,Included,https://www.sciencedirect.com/science/journal/10848568
Journal of Quantitative Spectroscopy and Radiative Transfer,0022-4073,224073,272,Active,,Included,Included,Included,Included,https://www.sciencedirect.com/science/journal/00224073
Journal of Radiology Nursing,1546-0843,15460843,13356,Active,,Included,Included,Included,Included,https://www.sciencedirect.com/science/journal/15460843
Journal of Rail Transport Planning & Management,2210-9706,22109706,12939,Active,,Included,Included,Included,Included,https://www.sciencedirect.com/science/journal/22109706
Journal of Rare Earths,1002-0721,10020721,8561,Active,,Included,Included,Included,Included,https://www.sciencedirect.com/science/journal/10020721
Journal of Reproduction and Contraception,1001-7844,10017844,8618,Transferred,Transferred to Wolters Kluwer as of 2018,Included,Included,Included,Included,https://www.sciencedirect.com/science/journal/10017844
Journal of Reproductive Health and Medicine,2214-420X,2214420X,17052,Discontinued,Title discontinued as of 2017,Included,Included,Included,Included,https://www.sciencedirect.com/science/journal/2214420X
Journal of Reproductive Immunology,0165-0378,1650378,8034,Active,,Included,Included,Included,Included,https://www.sciencedirect.com/science/journal/01650378
Journal of Research in Personality,0092-6566,926566,12081,Active,,Included,Included,Included,Included,https://www.sciencedirect.com/science/journal/00926566
Journal of Retailing,0022-4359,224359,7427,Active,,Included,Included,Included,Included,https://www.sciencedirect.com/science/journal/00224359
Journal of Retailing and Consumer Services,0969-6989,9696989,3058,Active,,Included,Included,Included,Included,https://www.sciencedirect.com/science/journal/09696989
Journal of Rural Studies,0743-0167,7430167,348,Active,,Included,Included,Included,Included,https://www.sciencedirect.com/science/journal/07430167
Journal of Safety Research,0022-4375,224375,679,Active,,Included,Included,Included,Included,https://www.sciencedirect.com/science/journal/00224375
Journal of School Psychology,0022-4405,224405,699,Active,,Included,Included,Included,Included,https://www.sciencedirect.com/science/journal/00224405
Journal of Science and Medicine in Sport,1440-2440,14402440,4244,Active,,Included,Included,Included,Included,https://www.sciencedirect.com/science/journal/14402440
Journal of Sea Research,1385-1101,13851101,5453,Active,Formerly known as Netherlands Journal of Sea Research,Included,Included,Included,Included,https://www.sciencedirect.com/science/journal/13851101
Journal of Second Language Writing,1060-3743,10603743,7458,Active,,Included,Included,Included,Included,https://www.sciencedirect.com/science/journal/10603743
Journal of Shoulder and Elbow Surgery,1058-2746,10582746,13085,Active,,Included,Included,Included,Included,https://www.sciencedirect.com/science/journal/10582746
Journal of Social and Evolutionary Systems,1061-7361,10617361,7429,Discontinued,Formerly known as Journal of Social and Biological Structures; Title discontinued as of 1999,Included,Included,Included,Included,https://www.sciencedirect.com/science/journal/10617361
The Journal of Socio-Economics,1053-5357,10535357,7430,Changed Name,Formerly known as Journal of Behavioral Economics; Continued as Journal of Behavioral and Experimental Economics,Included,Included,Included,Included,https://www.sciencedirect.com/science/journal/10535357
Journal of Solid State Chemistry,0022-4596,224596,12084,Active,,Included,Included,Included,Included,https://www.sciencedirect.com/science/journal/00224596
Journal of Sound and Vibration,0022-460X,0022460X,12616,Active,,Included,Included,Included,Included,https://www.sciencedirect.com/science/journal/0022460X
Journal of South American Earth Sciences,0895-9811,8959811,839,Active,,Included,Included,Included,Included,https://www.sciencedirect.com/science/journal/08959811
Journal of Southeast Asian Earth Sciences,0743-9547,7439547,235,Changed Name,Continued as Journal of Asian Earth Sciences,Included,Included,Included,Included,https://www.sciencedirect.com/science/journal/07439547
Journal of Space Safety Engineering,2468-8967,24688967,18383,Active,,Included,Included,Included,Included,https://www.sciencedirect.com/science/journal/24688967
Journal of Statistical Planning and Inference,0378-3758,3783758,5401,Active,,Included,Included,Included,Included,https://www.sciencedirect.com/science/journal/03783758
The Journal of Steroid Biochemistry and Molecular Biology,0960-0760,9600760,333,Active,Formerly known as Journal of Steroid Biochemistry,Included,Included,Included,Included,https://www.sciencedirect.com/science/journal/09600760
"Journal of Stomatology, Oral and Maxillofacial Surgery",2468-7855,24687855,15760,Active,"Formerly known as Revue de Stomatologie, de Chirurgie Maxillo-faciale et de Chirurgie Orale",Included,Included,Included,Included,https://www.sciencedirect.com/science/journal/24687855
Journal of Stored Products Research,0022-474X,0022474X,306,Active,,Included,Included,Included,Included,https://www.sciencedirect.com/science/journal/0022474X
The Journal of Strategic Information Systems,0963-8687,9638687,5402,Active,,Included,Included,Included,Included,https://www.sciencedirect.com/science/journal/09638687
Journal of Stroke and Cerebrovascular Diseases,1052-3057,10523057,13324,Active,,Included,Included,Included,Included,https://www.sciencedirect.com/science/journal/10523057
Journal of Structural Biology,1047-8477,10478477,12082,Active,Formerly known as Journal of Ultrastructure and Molecular Structure Research,Included,Included,Included,Included,https://www.sciencedirect.com/science/journal/10478477
Journal of Structural Geology,0191-8141,1918141,539,Active,,Included,Included,Included,Included,https://www.sciencedirect.com/science/journal/01918141
Journal of Subatomic Particles and Cosmology,3050-4805,30504805,31969,Active,,,,Included,Included,https://www.sciencedirect.com/science/journal/30504805
Journal of Substance Abuse,0899-3289,8993289,7461,Discontinued,Title discontinued as of 2002,Included,Included,Included,Included,https://www.sciencedirect.com/science/journal/08993289
Journal of Substance Abuse Treatment,0740-5472,7405472,7553,Active,,Included,Included,Included,Included,https://www.sciencedirect.com/science/journal/07405472
Journal of Substance Use and Addiction Treatment,2949-8759,29498759,7553,Active,,,Included,Included,Included,https://www.sciencedirect.com/science/journal/29498759
The Journal of Supercritical Fluids,0896-8446,8968446,5452,Active,,Included,Included,Included,Included,https://www.sciencedirect.com/science/journal/08968446
Journal of Supramolecular Chemistry,1472-7862,14727862,3059,Discontinued,Title discontinued as of 2003,Included,Included,Included,Included,https://www.sciencedirect.com/science/journal/14727862
Journal of Surgical Education,1931-7204,19317204,7589,Active,Formerly known as Current Surgery,Included,Included,Included,Included,https://www.sciencedirect.com/science/journal/19317204
Journal of Surgical Research,0022-4804,224804,12083,Active,,Included,Included,Included,Included,https://www.sciencedirect.com/science/journal/00224804
Journal of Sustainable Finance and Accounting,2950-3701,29503701,31772,Active,,,,Included,Included,https://www.sciencedirect.com/science/journal/29503701
Journal of Symbolic Computation,0747-7171,7477171,12654,Active,,Included,Included,Included,Included,https://www.sciencedirect.com/science/journal/07477171
Journal of Systems Architecture,1383-7621,13837621,5299,Active,Formerly known as Microprocessing and Microprogramming,Included,Included,Included,Included,https://www.sciencedirect.com/science/journal/13837621
Journal of Systems and Software,0164-1212,1641212,7735,Active,,Included,Included,Included,Included,https://www.sciencedirect.com/science/journal/01641212
Journal of the Taiwan Institute of Chemical Engineers,1876-1070,18761070,8611,Active,Formerly known as Journal of the Chinese Institute of Chemical Engineers,Included,Included,Included,Included,https://www.sciencedirect.com/science/journal/18761070
Journal of Terramechanics,0022-4898,224898,302,Active,,Included,Included,Included,Included,https://www.sciencedirect.com/science/journal/00224898
Journal of Theoretical Biology,0022-5193,225193,12617,Active,,Included,Included,Included,Included,https://www.sciencedirect.com/science/journal/00225193
Journal of Thermal Biology,0306-4565,3064565,383,Active,,Included,Included,Included,Included,https://www.sciencedirect.com/science/journal/03064565
Journal of Tissue Viability,0965-206X,0965206X,4107,Active,,Included,Included,Included,Included,https://www.sciencedirect.com/science/journal/0965206X
Journal of Trace Elements in Medicine and Biology,0946-672X,0946672X,10014,Active,,Included,Included,Included,Included,https://www.sciencedirect.com/science/journal/0946672X
Journal of Transport Geography,0966-6923,9666923,3060,Active,,Included,Included,Included,Included,https://www.sciencedirect.com/science/journal/09666923
Journal of Transport & Health,2214-1405,22141405,18022,Active,,Included,Included,Included,Included,https://www.sciencedirect.com/science/journal/22141405
Journal of Unconventional Oil and Gas Resources,2213-3976,22133976,10149,Discontinued,Title discontinued as of 2017,Included,Included,Included,Included,https://www.sciencedirect.com/science/journal/22133976
Journal of Urban Economics,0094-1190,941190,12085,Active,,Included,Included,Included,Included,https://www.sciencedirect.com/science/journal/00941190
Journal of Vascular Access Devices,1083-0081,10830081,7833,Changed Name,Continued as Journal of the Association for Vascular Access,Included,Included,Included,Included,https://www.sciencedirect.com/science/journal/10830081
Journal of Vascular Nursing,1062-0303,10620303,13181,Active,,Included,Included,Included,Included,https://www.sciencedirect.com/science/journal/10620303
Journal of Vascular Surgery: Venous and Lymphatic Disorders,2213-333X,2213333X,14133,Active,,Included,Included,Included,Included,https://www.sciencedirect.com/science/journal/2213333X
Journal of Veterinary Behavior,1558-7878,15587878,13411,Active,,Included,Included,Included,Included,https://www.sciencedirect.com/science/journal/15587878
Journal of Veterinary Cardiology,1760-2734,17602734,5509,Active,,Included,Included,Included,Included,https://www.sciencedirect.com/science/journal/17602734
Journal of Virological Methods,0166-0934,1660934,5064,Active,,Included,Included,Included,Included,https://www.sciencedirect.com/science/journal/01660934
Journal of Visceral Surgery,1878-7886,18787886,15866,Active,,Included,Included,Included,Included,https://www.sciencedirect.com/science/journal/18787886
Journal of Visual Communication and Image Representation,1047-3203,10473203,12087,Active,,Included,Included,Included,Included,https://www.sciencedirect.com/science/journal/10473203
Journal of Visual Languages & Computing,1045-926X,1045926X,12682,Changed Name,"Incorporating Computer Languages, Systems & Structures; Continued as Journal of Computer Languages",Included,Included,Included,Included,https://www.sciencedirect.com/science/journal/1045926X
Journal of Vocational Behavior,0001-8791,18791,12086,Active,,Included,Included,Included,Included,https://www.sciencedirect.com/science/journal/00018791
Journal of Voice,0892-1997,8921997,13343,Active,,Included,Included,Included,Included,https://www.sciencedirect.com/science/journal/08921997
Journal of Volcanology and Geothermal Research,0377-0273,3770273,5347,Active,,Included,Included,Included,Included,https://www.sciencedirect.com/science/journal/03770273
Journal of Water Process Engineering,2214-7144,22147144,17042,Active,,Included,Included,Included,Included,https://www.sciencedirect.com/science/journal/22147144
Journal of Web Semantics,1570-8268,15708268,5480,Active,,Included,Included,Included,Included,https://www.sciencedirect.com/science/journal/15708268
Journal of Wind Engineering and Industrial Aerodynamics,0167-6105,1676105,5207,Active,,Included,Included,Included,Included,https://www.sciencedirect.com/science/journal/01676105
Journal of World Business,1090-9516,10909516,7432,Active,Formerly known as The Columbia Journal of World Business,Included,Included,Included,Included,https://www.sciencedirect.com/science/journal/10909516
Journal of the World Federation of Orthodontists,2212-4438,22124438,14122,Active,,Included,Included,Included,Included,https://www.sciencedirect.com/science/journal/22124438
"Kinésithérapie, la Revue",1779-0123,17790123,15516,Active,,Included,Included,Included,Included,https://www.sciencedirect.com/science/journal/17790123
The Knee,0968-0160,9680160,3061,Active,,Included,Included,Included,Included,https://www.sciencedirect.com/science/journal/09680160
Knowledge-Based Systems,0950-7051,9507051,5293,Active,,Included,Included,Included,Included,https://www.sciencedirect.com/science/journal/09507051
Komplementäre und Integrative Medizin,1863-8678,18638678,10058,Discontinued,Title discontinued as of 2010,Included,Included,Included,Included,https://www.sciencedirect.com/science/journal/18638678
Krankenhaus-Hygiene + Infektionsverhütung,0720-3373,7203373,10044,Discontinued,Title discontinued as of 2020,Included,Included,Included,Included,https://www.sciencedirect.com/science/journal/07203373
Laboratory Automation & Information Management,1381-141X,1381141X,5146,Incorporated,Incorporated into Chemometrics and Intelligent Laboratory Systems,Included,Included,Included,Included,https://www.sciencedirect.com/science/journal/1381141X
Labour Economics,0927-5371,9275371,5404,Active,,Included,Included,Included,Included,https://www.sciencedirect.com/science/journal/09275371
Land Use Policy,0264-8377,2648377,3063,Active,,Included,Included,Included,Included,https://www.sciencedirect.com/science/journal/02648377
Landscape and Urban Planning,0169-2046,1692046,5117,Active,Formerly known as Landscape Planning; Incorporating Urban Ecology,Included,Included,Included,Included,https://www.sciencedirect.com/science/journal/01692046
Language & Communication,0271-5309,2715309,616,Active,,Included,Included,Included,Included,https://www.sciencedirect.com/science/journal/02715309
Language Sciences,0388-0001,3880001,867,Active,,Included,Included,Included,Included,https://www.sciencedirect.com/science/journal/03880001
"Laser-Medizin: Interdisziplinäre Zeitschrift; Praxis, Klinik, Forschung",0938-765X,0938765X,10046,Changed Name,Continued as Medical Laser Application,Included,Included,Included,Included,https://www.sciencedirect.com/science/journal/0938765X
Latin American Transport Studies,2950-0249,29500249,31618,Active,,,Included,Included,Included,https://www.sciencedirect.com/science/journal/29500249
The Leadership Quarterly,1048-9843,10489843,7433,Active,,Included,Included,Included,Included,https://www.sciencedirect.com/science/journal/10489843
Learning in Context,3050-578X,3050578X,32036,Active,,,,Included,Included,https://www.sciencedirect.com/science/journal/3050578X
"Learning, Culture and Social Interaction",2210-6561,22106561,12938,Active,,Included,Included,Included,Included,https://www.sciencedirect.com/science/journal/22106561
Learning and Individual Differences,1041-6080,10416080,7434,Active,,Included,Included,Included,Included,https://www.sciencedirect.com/science/journal/10416080
Learning and Instruction,0959-4752,9594752,956,Active,,Included,Included,Included,Included,https://www.sciencedirect.com/science/journal/09594752
Learning and Motivation,0023-9690,239690,12088,Active,,Included,Included,Included,Included,https://www.sciencedirect.com/science/journal/00239690
Legal Medicine,1344-6223,13446223,8143,Active,,Included,Included,Included,Included,https://www.sciencedirect.com/science/journal/13446223
Leukemia Research,0145-2126,1452126,583,Active,,Included,Included,Included,Included,https://www.sciencedirect.com/science/journal/01452126
Library & Information Science Research,0740-8188,7408188,7459,Active,,Included,Included,Included,Included,https://www.sciencedirect.com/science/journal/07408188
Life Sciences,0024-3205,243205,7538,Active,,Included,Included,Included,Included,https://www.sciencedirect.com/science/journal/00243205
Life Sciences in Space Research,2214-5524,22145524,17057,Active,,Included,Included,Included,Included,https://www.sciencedirect.com/science/journal/22145524
Limnologica,0075-9511,759511,10033,Active,,Included,Included,Included,Included,https://www.sciencedirect.com/science/journal/00759511
Linear Algebra and its Applications,0024-3795,243795,7738,Active,,Included,Included,Included,Included,https://www.sciencedirect.com/science/journal/00243795
Lingua,0024-3841,243841,5295,Active,,Included,Included,Included,Included,https://www.sciencedirect.com/science/journal/00243841
Linguistics and Education,0898-5898,8985898,7460,Active,,Included,Included,Included,Included,https://www.sciencedirect.com/science/journal/08985898
Lithos,0024-4937,244937,5348,Active,,Included,Included,Included,Included,https://www.sciencedirect.com/science/journal/00244937
Livestock Production Science,0301-6226,3016226,5118,Changed Name,Continued as Livestock Science,Included,Included,Included,Included,https://www.sciencedirect.com/science/journal/03016226
Livestock Science,1871-1413,18711413,5118,Active,Formerly known as Livestock Production Science,Included,Included,Included,Included,https://www.sciencedirect.com/science/journal/18711413
Location Science,0966-8349,9668349,300,Incorporated,Incorporated into Computers & Operations Research,Included,Included,Included,Included,https://www.sciencedirect.com/science/journal/09668349
Long Range Planning,0024-6301,246301,358,Active,,Included,Included,Included,Included,https://www.sciencedirect.com/science/journal/00246301
Lung Cancer,0169-5002,1695002,8036,Active,,Included,Included,Included,Included,https://www.sciencedirect.com/science/journal/01695002
LWT,0023-6438,236438,12618,Active,,Included,Included,Included,Included,https://www.sciencedirect.com/science/journal/00236438
Magnetic Resonance Imaging,0730-725X,0730725X,7540,Active,,Included,Included,Included,Included,https://www.sciencedirect.com/science/journal/0730725X
Management Accounting Research,1044-5005,10445005,12677,Active,,Included,Included,Included,Included,https://www.sciencedirect.com/science/journal/10445005
Manual Therapy,1356-689X,1356689X,12750,Changed Name,Continued as Musculoskeletal Science and Practice,Included,Included,Included,Included,https://www.sciencedirect.com/science/journal/1356689X
Manufacturing Letters,2213-8463,22138463,18019,Active,,Included,Included,Included,Included,https://www.sciencedirect.com/science/journal/22138463
Marine Chemistry,0304-4203,3044203,5349,Active,,Included,Included,Included,Included,https://www.sciencedirect.com/science/journal/03044203
Marine Environmental Research,0141-1136,1411136,2039,Active,,Included,Included,Included,Included,https://www.sciencedirect.com/science/journal/01411136
Marine Genomics,1874-7787,18747787,8624,Active,,Included,Included,Included,Included,https://www.sciencedirect.com/science/journal/18747787
Marine Geology,0025-3227,253227,5350,Active,,Included,Included,Included,Included,https://www.sciencedirect.com/science/journal/00253227
Marine Geoscience and Energy Resources ,3117-5775,31175775,3064,Active,,Included,Included,Included,Included,https://www.sciencedirect.com/science/journal/31175775
Marine Micropaleontology,0377-8398,3778398,5351,Active,,Included,Included,Included,Included,https://www.sciencedirect.com/science/journal/03778398
Marine Models,1369-9350,13699350,1044,Discontinued,Title discontinued as of 2003,Included,Included,Included,Included,https://www.sciencedirect.com/science/journal/13699350
Marine and Petroleum Geology,0264-8172,2648172,3064,Active,,Included,Included,Included,Included,https://www.sciencedirect.com/science/journal/02648172
Marine Policy,0308-597X,0308597X,3065,Active,,Included,Included,Included,Included,https://www.sciencedirect.com/science/journal/0308597X
Marine Pollution Bulletin,0025-326X,0025326X,400,Active,,Included,Included,Included,Included,https://www.sciencedirect.com/science/journal/0025326X
Marine Structures,0951-8339,9518339,2038,Active,,Included,Included,Included,Included,https://www.sciencedirect.com/science/journal/09518339
Marketing Strategy Journal,2950-3086,29503086,31741,Active,,,,,Included,https://www.sciencedirect.com/science/journal/29503086
Materialia,2589-1529,25891529,18421,Active,,Included,Included,Included,Included,https://www.sciencedirect.com/science/journal/25891529
Materials Characterization,1044-5803,10445803,7744,Active,Formerly known as Metallography,Included,Included,Included,Included,https://www.sciencedirect.com/science/journal/10445803
Materials Chemistry and Physics,0254-0584,2540584,6025,Active,Formerly known as Materials Chemistry,Included,Included,Included,Included,https://www.sciencedirect.com/science/journal/02540584
Materials Chemistry and Physics: Sustainability and Energy,3050-4716,30504716,31961,Active,,,,Included,Included,https://www.sciencedirect.com/science/journal/30504716
Materials & Design,0264-1275,2641275,3066,Active,Formerly known as Materials & Design (1980-2015),Included,Included,Included,Included,https://www.sciencedirect.com/science/journal/02641275
Materials & Design (1980-2015),0261-3069,2613069,3066,Changed Name,Formerly known as International Journal of Materials in Engineering Applications; continued as Materials & Design,Included,Included,Included,Included,https://www.sciencedirect.com/science/journal/02613069
Materials Discovery,2352-9245,23529245,18131,Discontinued,Title discontinued as of 2019,Included,Included,Included,Included,https://www.sciencedirect.com/science/journal/23529245
Materials Letters,0167-577X,0167577X,5208,Active,,Included,Included,Included,Included,https://www.sciencedirect.com/science/journal/0167577X
Materials Research Bulletin,0025-5408,255408,313,Active,,Included,Included,Included,Included,https://www.sciencedirect.com/science/journal/00255408
Materials Science and Engineering: A,0921-5093,9215093,6026,Active,Formerly part of Materials Science and Engineering,Included,Included,Included,Included,https://www.sciencedirect.com/science/journal/09215093
Materials Science and Engineering: B,0921-5107,9215107,6027,Active,Formerly part of Materials Science and Engineering,Included,Included,Included,Included,https://www.sciencedirect.com/science/journal/09215107
Materials Science and Engineering: R: Reports,0927-796X,0927796X,6029,Active,Formerly part of Materials Science Reports,Included,Included,Included,Included,https://www.sciencedirect.com/science/journal/0927796X
Materials Science in Semiconductor Processing,1369-8001,13698001,1030,Active,,Included,Included,Included,Included,https://www.sciencedirect.com/science/journal/13698001
Materials Today,1369-7021,13697021,3069,Active,,Included,Included,Included,Included,https://www.sciencedirect.com/science/journal/13697021
Materials Today Chemistry,2468-5194,24685194,18364,Active,,Included,Included,Included,Included,https://www.sciencedirect.com/science/journal/24685194
Materials Today Communications,2352-4928,23524928,18084,Active,,Included,Included,Included,Included,https://www.sciencedirect.com/science/journal/23524928
Materials Today Energy,2468-6069,24686069,18368,Active,,Included,Included,Included,Included,https://www.sciencedirect.com/science/journal/24686069
Materials Today Nano,2588-8420,25888420,18409,Active,,Included,Included,Included,Included,https://www.sciencedirect.com/science/journal/25888420
Materials Today Physics,2542-5293,25425293,18391,Active,,Included,Included,Included,Included,https://www.sciencedirect.com/science/journal/25425293
Materials Today: Proceedings,2214-7853,22147853,18050,Active,,Included,Included,Included,Included,https://www.sciencedirect.com/science/journal/22147853
Materials Today Sustainability,2589-2347,25892347,18422,Active,,Included,Included,Included,Included,https://www.sciencedirect.com/science/journal/25892347
Mathematical Biosciences,0025-5564,255564,7741,Active,,Included,Included,Included,Included,https://www.sciencedirect.com/science/journal/00255564
Mathematical and Computer Modelling,0895-7177,8957177,623,Discontinued,Formerly known as Mathematical Modelling; Title discontinued as of 2014,Included,Included,Included,Included,https://www.sciencedirect.com/science/journal/08957177
Mathematical Social Sciences,0165-4896,1654896,5410,Active,,Included,Included,Included,Included,https://www.sciencedirect.com/science/journal/01654896
Mathematics and Computers in Simulation,0378-4754,3784754,5296,Active,,Included,Included,Included,Included,https://www.sciencedirect.com/science/journal/03784754
Matrix Biology,0945-053X,0945053X,5547,Active,Formerly known as Matrix,Included,Included,Included,Included,https://www.sciencedirect.com/science/journal/0945053X
Maturitas,0378-5122,3785122,8037,Active,,Included,Included,Included,Included,https://www.sciencedirect.com/science/journal/03785122
Measurement,0263-2241,2632241,5411,Active,Incorporating Industrial Metrology,Included,Included,Included,Included,https://www.sciencedirect.com/science/journal/02632241
Meat Science,0309-1740,3091740,2040,Active,,Included,Included,Included,Included,https://www.sciencedirect.com/science/journal/03091740
Mechanical Systems and Signal Processing,0888-3270,8883270,12661,Active,,Included,Included,Included,Included,https://www.sciencedirect.com/science/journal/08883270
Mechanics of Materials,0167-6636,1676636,5210,Active,,Included,Included,Included,Included,https://www.sciencedirect.com/science/journal/01676636
Mechanics Research Communications,0093-6413,936413,374,Active,,Included,Included,Included,Included,https://www.sciencedirect.com/science/journal/00936413
Mechanism and Machine Theory,0094-114X,0094114X,303,Active,Formerly known as Journal of Mechanisms,Included,Included,Included,Included,https://www.sciencedirect.com/science/journal/0094114X
Mechanisms of Ageing and Development,0047-6374,476374,8038,Active,,Included,Included,Included,Included,https://www.sciencedirect.com/science/journal/00476374
Mechatronics,0957-4158,9574158,933,Active,,Included,Included,Included,Included,https://www.sciencedirect.com/science/journal/09574158
Médecine & Droit,1246-7391,12467391,9046,Active,,Included,Included,Included,Included,https://www.sciencedirect.com/science/journal/12467391
Médecine Nucléaire,0928-1258,9281258,9149,Active,,Included,Included,Included,Included,https://www.sciencedirect.com/science/journal/09281258
Medical Engineering & Physics,1350-4533,13504533,3068,Active,Formerly known as Journal of Biomedical Engineering,Included,Included,Included,,https://www.sciencedirect.com/science/journal/13504533
Medical Hypotheses,0306-9877,3069877,12718,Active,,Included,Included,Included,Included,https://www.sciencedirect.com/science/journal/03069877
Medical Image Analysis,1361-8415,13618415,5559,Active,,Included,Included,Included,Included,https://www.sciencedirect.com/science/journal/13618415
Medical Journal Armed Forces India,0377-1237,3771237,8773,Active,,Included,Included,Included,Included,https://www.sciencedirect.com/science/journal/03771237
Medical Laser Application,1615-1615,16151615,10046,Changed Name,"Formerly known as Laser-Medizin: Interdisziplinäre Zeitschrift; Praxis, Klinik, Forschung; Continued as Medical Photonics",Included,Included,Included,Included,https://www.sciencedirect.com/science/journal/16151615
Medical Photonics,2213-8846,22138846,10046,Discontinued,Formerly known as Medical Laser Application; Title discontinued as of 2017,Included,Included,Included,Included,https://www.sciencedirect.com/science/journal/22138846
Medical Update for Psychiatrists,1082-7579,10827579,7742,Discontinued,Title discontinued as of 1999,Included,Included,Included,Included,https://www.sciencedirect.com/science/journal/10827579
Medicina Clínica (English Edition),2387-0206,23870206,16371,Active,,Included,Included,Included,Included,https://www.sciencedirect.com/science/journal/23870206
Medicina Intensiva (English Edition),2173-5727,21735727,15959,Active,,Included,Included,Included,Included,https://www.sciencedirect.com/science/journal/21735727
Medicine,1357-3039,13573039,4265,Active,,Included,Included,Included,Included,https://www.sciencedirect.com/science/journal/13573039
Mendeleev Communications,0959-9436,9599436,8605,Active,,Included,Included,,,https://www.sciencedirect.com/science/journal/09599436
Mental Health and Physical Activity,1755-2966,17552966,5607,Active,,Included,Included,Included,Included,https://www.sciencedirect.com/science/journal/17552966
Mental Health & Prevention,2212-6570,22126570,10505,Active,,Included,Included,Included,Included,https://www.sciencedirect.com/science/journal/22126570
Metabolic Engineering,1096-7176,10967176,12089,Active,,Included,Included,Included,Included,https://www.sciencedirect.com/science/journal/10967176
Metabolism,0026-0495,260495,13252,Active,,Included,Included,Included,Included,https://www.sciencedirect.com/science/journal/00260495
Metal Finishing,0026-0576,260576,7745,Discontinued,Title discontinued as of 2014,Included,Included,Included,Included,https://www.sciencedirect.com/science/journal/00260576
Metamaterials,1873-1988,18731988,5461,Discontinued,Title discontinued as of 2013.,Included,Included,Included,Included,https://www.sciencedirect.com/science/journal/18731988
Methods,1046-2023,10462023,12092,Active,Incorporating Neuroprotocols and ImmunoMethods,Included,Included,Included,Included,https://www.sciencedirect.com/science/journal/10462023
Methods in Oceanography,2211-1220,22111220,8792,Discontinued,Title discontinued as of 2017,Included,Included,Included,Included,https://www.sciencedirect.com/science/journal/22111220
Micro and Nanostructures,2773-0123,27730123,12657,Active,,Included,Included,Included,Included,https://www.sciencedirect.com/science/journal/27730123
Microbes and Infection,1286-4579,12864579,9047,Active,"Incorporating Annales de l'Institut Pasteur. Immunologie, Annales de l'Institut Pasteur. Virologie, Bulletin de l'Institut Pasteur, Research in Immunology and Research in Virology",Included,Included,Included,,https://www.sciencedirect.com/science/journal/12864579
Microbial Pathogenesis,0882-4010,8824010,12658,Active,,Included,Included,Included,Included,https://www.sciencedirect.com/science/journal/08824010
Microbial Risk Analysis,2352-3522,23523522,18159,Active,,Included,Included,Included,Included,https://www.sciencedirect.com/science/journal/23523522
Microbiological Research,0944-5013,9445013,10011,Active,Formerly known as Zentralblatt für Mikrobiologie,Included,Included,Included,Included,https://www.sciencedirect.com/science/journal/09445013
Microchemical Journal,0026-265X,0026265X,5555,Active,,Included,Included,Included,Included,https://www.sciencedirect.com/science/journal/0026265X
Microelectronic Engineering,0167-9317,1679317,5298,Active,,Included,Included,Included,Included,https://www.sciencedirect.com/science/journal/01679317
Microelectronics Journal,1879-2391,18792391,2094,Active,"ISSN changed from 00262692 to 18792391, as Microelectronics Journal - ISSN correction project",Included,Included,Included,Included,https://www.sciencedirect.com/science/journal/18792391
Microelectronics Reliability,0026-2714,262714,274,Active,,Included,Included,Included,Included,https://www.sciencedirect.com/science/journal/00262714
Micron,0968-4328,9684328,475,Active,Incorporating Electron Microscopy Reviews and Micron and Microscopica Acta,Included,Included,Included,Included,https://www.sciencedirect.com/science/journal/09684328
Microporous Materials,0927-6513,9276513,7780,Incorporated,Incorporated into Microporous and Mesoporous Materials,Included,Included,Included,Included,https://www.sciencedirect.com/science/journal/09276513
Microporous and Mesoporous Materials,1387-1811,13871811,7780,Active,Incorporating Microporous Materials and Zeolites,Included,Included,Included,Included,https://www.sciencedirect.com/science/journal/13871811
Microprocessing and Microprogramming,0165-6074,1656074,5299,Changed Name,Formerly known as Euromicro Newsletter; Continued as Journal of Systems Architecture,Included,Included,Included,Included,https://www.sciencedirect.com/science/journal/01656074
Microprocessors and Microsystems,0141-9331,1419331,5300,Active,Formerly known as Microprocessors,Included,Included,Included,Included,https://www.sciencedirect.com/science/journal/01419331
Microvascular Research,0026-2862,262862,12094,Active,,Included,Included,Included,Included,https://www.sciencedirect.com/science/journal/00262862
Midwifery,0266-6138,2666138,12751,Active,,Included,Included,Included,Included,https://www.sciencedirect.com/science/journal/02666138
Minerals Engineering,0892-6875,8926875,837,Active,,Included,Included,Included,Included,https://www.sciencedirect.com/science/journal/08926875
Mining Science and Technology (China),1674-5264,16745264,8603,Changed Name,Formely known as Journal of China University of Mining & Technology; Continued as International Journal of Mining Science and Technology,Included,Included,Included,Included,https://www.sciencedirect.com/science/journal/16745264
Mitochondrion,1567-7249,15677249,5569,Active,,Included,Included,Included,Included,https://www.sciencedirect.com/science/journal/15677249
Molecular Aspects of Medicine,0098-2997,982997,457,Active,,Included,Included,Included,Included,https://www.sciencedirect.com/science/journal/00982997
Molecular Astrophysics,2405-6758,24056758,18182,Discontinued,Title discontinued as of 2021,Included,Included,Included,Included,https://www.sciencedirect.com/science/journal/24056758
Molecular and Biochemical Parasitology,0166-6851,1666851,5066,Active,,Included,Included,Included,Included,https://www.sciencedirect.com/science/journal/01666851
Molecular Brain Research,0169-328X,0169328X,5018,Incorporated,Incorporated into Brain Research,Included,Included,Included,Included,https://www.sciencedirect.com/science/journal/0169328X
Molecular Catalysis,2468-8231,24688231,5166,Active,Formerly known as Journal of Molecular Catalysis A: Chemical;,Included,Included,Included,Included,https://www.sciencedirect.com/science/journal/24688231
Molecular Cell Biology Research Communications,1522-4724,15224724,12784,Discontinued,Title discontinued as of 2002,Included,Included,Included,Included,https://www.sciencedirect.com/science/journal/15224724
Molecular and Cellular Endocrinology,0303-7207,3037207,8040,Active,,Included,Included,Included,Included,https://www.sciencedirect.com/science/journal/03037207
Molecular and Cellular Neuroscience,1044-7431,10447431,12091,Active,,Included,Included,Included,Included,https://www.sciencedirect.com/science/journal/10447431
Molecular and Cellular Probes,0890-8508,8908508,12664,Active,,Included,Included,Included,Included,https://www.sciencedirect.com/science/journal/08908508
Molecular Genetics and Metabolism,1096-7192,10967192,12016,Active,Formerly known as Biochemical and Molecular Medicine,Included,Included,Included,Included,https://www.sciencedirect.com/science/journal/10967192
Molecular Immunology,0161-5890,1615890,253,Active,Formerly known as Immunochemistry,Included,Included,Included,Included,https://www.sciencedirect.com/science/journal/01615890
Molecular Medicine Today,1357-4310,13574310,2161,Changed Name,Continued as Trends in Molecular Medicine,Included,Included,Included,Included,https://www.sciencedirect.com/science/journal/13574310
Molecular Phylogenetics and Evolution,1055-7903,10557903,12093,Active,,Included,Included,Included,Included,https://www.sciencedirect.com/science/journal/10557903
Molecular Plant,1674-2052,16742052,18762,Active,,Included,Included,Included,Included,https://www.sciencedirect.com/science/journal/16742052
Morphologie,1286-0115,12860115,15591,Active,,Included,Included,Included,Included,https://www.sciencedirect.com/science/journal/12860115
Multiple Sclerosis and Related Disorders,2211-0348,22110348,8776,Active,,Included,Included,Included,Included,https://www.sciencedirect.com/science/journal/22110348
Musculoskeletal Science and Practice,2468-7812,24687812,12750,Active,Formerly known as Manual Therapy,Included,Included,Included,Included,https://www.sciencedirect.com/science/journal/24687812
Mutation Research,0027-5107,275107,5069,Active,,Included,Included,Included,Included,https://www.sciencedirect.com/science/journal/00275107
Mutation Research/DNA Repair,0921-8777,9218777,5466,Changed Name,Formerly known as Mutation Research/DNA Repair Reports; Continued as DNA Repair,Included,Included,Included,Included,https://www.sciencedirect.com/science/journal/09218777
Mutation Research/DNAging,0921-8734,9218734,5070,Discontinued,Title discontinued as of 1996,Included,Included,Included,Included,https://www.sciencedirect.com/science/journal/09218734
Mutation Research/Environmental Mutagenesis and Related Subjects,0165-1161,1651161,5073,Incorporated,Incorporated into Mutation Research/Genetic Toxicology and Environmental Mutagenesis,Included,Included,Included,Included,https://www.sciencedirect.com/science/journal/01651161
Mutation Research - Fundamental and Molecular Mechanisms of Mutagenesis,1386-1964,13861964,5069,Active,,Included,Included,Included,Included,https://www.sciencedirect.com/science/journal/13861964
Mutation Research/Genetic Toxicology,0165-1218,1651218,5073,Incorporated,Incorporated into Mutation Research/Genetic Toxicology and Environmental Mutagenesis,Included,Included,Included,Included,https://www.sciencedirect.com/science/journal/01651218
Mutation Research/Genetic Toxicology and Environmental Mutagenesis,1383-5718,13835718,5073,Active,"Incorporating Mutation Research Letters, Mutation Research/Environmental Mutagenesis and Related Subjects and Mutation Research/Genetic Toxicology",Included,Included,Included,Included,https://www.sciencedirect.com/science/journal/13835718
Mutation Research Letters,0165-7992,1657992,5069,Incorporated,Incorporated into Mutation Research/Genetic Toxicology and Environmental Mutagenesis,Included,Included,Included,Included,https://www.sciencedirect.com/science/journal/01657992
Mutation Research/Mutation Research Genomics,1383-5726,13835726,5445,Discontinued,Title discontinued as of 2002,Included,Included,Included,Included,https://www.sciencedirect.com/science/journal/13835726
Mutation Research/Reviews in Genetic Toxicology,0165-1110,1651110,5074,Changed Name,Continued as Mutation Research/Reviews in Mutation Research,Included,Included,Included,Included,https://www.sciencedirect.com/science/journal/01651110
Mutation Research/Reviews in Mutation Research,1383-5742,13835742,5074,Active,Formerly known as Mutation Research/Reviews in Genetic Toxicology,Included,Included,Included,Included,https://www.sciencedirect.com/science/journal/13835742
Mycological Research,0953-7562,9537562,4234,Changed Name,Formerly known as Transactions of the British Mycological Society; Continued as Fungal Biology,Included,Included,Included,Included,https://www.sciencedirect.com/science/journal/09537562
Mycologist,0269-915X,0269915X,4235,Changed Name,Formerly known as Bulletin of the British Mycological Society; Continued as Fungal Biology Reviews,Included,Included,Included,Included,https://www.sciencedirect.com/science/journal/0269915X
Nano Communication Networks,1878-7789,18787789,8710,Active,,Included,Included,Included,Included,https://www.sciencedirect.com/science/journal/18787789
Nano Energy,2211-2855,22112855,12947,Active,,Included,Included,Included,Included,https://www.sciencedirect.com/science/journal/22112855
Nano-Structures & Nano-Objects,2352-507X,2352507X,18078,Active,,Included,Included,Included,Included,https://www.sciencedirect.com/science/journal/2352507X
Nano Today,1748-0132,17480132,4085,Active,,Included,Included,Included,Included,https://www.sciencedirect.com/science/journal/17480132
NanoImpact,2452-0748,24520748,18267,Active,,Included,Included,Included,Included,https://www.sciencedirect.com/science/journal/24520748
"Nanomedicine: Nanotechnology, Biology and Medicine",1549-9634,15499634,13363,Active,,Included,Included,Included,Included,https://www.sciencedirect.com/science/journal/15499634
Nanostructured Materials,0965-9773,9659773,221,Incorporated,Incorporated into Acta Materialia and Scripta Materialia,Included,Included,Included,Included,https://www.sciencedirect.com/science/journal/09659773
NDT & E International,0963-8695,9638695,3072,Active,Formerly known as NDT International,Included,Included,Included,Included,https://www.sciencedirect.com/science/journal/09638695
Netherlands Journal of Sea Research,0077-7579,777579,5453,Changed Name,Continued as Journal of Sea Research,Included,Included,Included,Included,https://www.sciencedirect.com/science/journal/00777579
Neural Networks,0893-6080,8936080,841,Active,,Included,Included,Included,Included,https://www.sciencedirect.com/science/journal/08936080
Neurobiology of Aging,0197-4580,1974580,7541,Active,,Included,Included,Included,Included,https://www.sciencedirect.com/science/journal/01974580
Neurobiology of Disease,0969-9961,9699961,12095,Active,,Included,Included,Included,Included,https://www.sciencedirect.com/science/journal/09699961
Neurobiology of Learning and Memory,1074-7427,10747427,12098,Active,Formerly known as Behavioral and Neural Biology,Included,Included,Included,Included,https://www.sciencedirect.com/science/journal/10747427
Neurochemistry International,0197-0186,1970186,643,Active,,Included,Included,Included,Included,https://www.sciencedirect.com/science/journal/01970186
Neurochirurgie,0028-3770,283770,15630,Active,,Included,Included,Included,Included,https://www.sciencedirect.com/science/journal/00283770
Neurocirugía (English Edition),2529-8496,25298496,16438,Active,,Included,Included,Included,Included,https://www.sciencedirect.com/science/journal/25298496
Neurocomputing,0925-2312,9252312,5301,Active,,Included,Included,Included,Included,https://www.sciencedirect.com/science/journal/09252312
Neurodegeneration,1055-8330,10558330,12032,Incorporated,Incorporated into Experimental Neurology,Included,Included,Included,Included,https://www.sciencedirect.com/science/journal/10558330
NeuroImage,1053-8119,10538119,12097,Active,,Included,Included,Included,Included,https://www.sciencedirect.com/science/journal/10538119
"Neurology, Psychiatry and Brain Research",0941-9500,9419500,10071,Discontinued,Title discontinued as of 2021,Included,Included,Included,Included,https://www.sciencedirect.com/science/journal/09419500
Neuromodulation: Technology at the Neural Interface,1094-7159,10947159,31321,Active,,Included,Included,Included,Included,https://www.sciencedirect.com/science/journal/10947159
Neuromuscular Disorders,0960-8966,9608966,973,Active,,Included,Included,Included,Included,https://www.sciencedirect.com/science/journal/09608966
Neuropeptides,0143-4179,1434179,12719,Active,,Included,Included,Included,Included,https://www.sciencedirect.com/science/journal/01434179
Neuropharmacology,0028-3908,283908,279,Active,Formerly known as International Journal of Neuropharmacology,Included,Included,Included,Included,https://www.sciencedirect.com/science/journal/00283908
Neurophysiologie Clinique,0987-7053,9877053,9051,Active,Formerly known as Revue d'Electroencéphalographie et de Neurophysiologie Clinique,Included,Included,Included,Included,https://www.sciencedirect.com/science/journal/09877053
Neuropsychiatrie de l'Enfance et de l'Adolescence,0222-9617,2229617,9093,Active,,Included,Included,Included,Included,https://www.sciencedirect.com/science/journal/02229617
Neuropsychologia,0028-3932,283932,247,Active,,Included,Included,Included,Included,https://www.sciencedirect.com/science/journal/00283932
Neuroscience,0306-4522,3064522,468,Active,,Included,Included,Included,Included,https://www.sciencedirect.com/science/journal/03064522
Neuroscience & Biobehavioral Reviews,0149-7634,1497634,831,Active,Formerly known as Biobehavioral Reviews,Included,Included,Included,Included,https://www.sciencedirect.com/science/journal/01497634
Neuroscience Letters,0304-3940,3043940,8042,Active,,Included,Included,Included,Included,https://www.sciencedirect.com/science/journal/03043940
Neuroscience Research,0168-0102,1680102,8043,Active,Incorporating Neuroscience Research Supplements,Included,Included,Included,Included,https://www.sciencedirect.com/science/journal/01680102
NeuroToxicology,0161-813X,0161813X,5577,Active,,Included,Included,Included,Included,https://www.sciencedirect.com/science/journal/0161813X
Neurotoxicology and Teratology,0892-0362,8920362,7544,Active,,Included,Included,Included,Included,https://www.sciencedirect.com/science/journal/08920362
New Astronomy,1384-1076,13841076,5450,Active,,Included,Included,Included,Included,https://www.sciencedirect.com/science/journal/13841076
New Astronomy Reviews,1387-6473,13876473,426,Active,Formerly known as Vistas in Astronomy,Included,Included,Included,Included,https://www.sciencedirect.com/science/journal/13876473
New Biotechnology,1871-6784,18716784,5042,Active,Formerly known as Biomolecular Engineering,Included,Included,Included,Included,https://www.sciencedirect.com/science/journal/18716784
New Carbon Materials,1872-5805,18725805,8599,Active,,Included,Included,Included,Included,https://www.sciencedirect.com/science/journal/18725805
New Ideas in Psychology,0732-118X,0732118X,678,Active,,Included,Included,Included,Included,https://www.sciencedirect.com/science/journal/0732118X
Newborn and Infant Nursing Reviews,1527-3369,15273369,13185,Discontinued,Title discontinued as of 2017,Included,Included,Included,Included,https://www.sciencedirect.com/science/journal/15273369
Next Research,3050-4759,30504759,31960,Active,,,,Included,Included,https://www.sciencedirect.com/science/journal/30504759
Nitric Oxide,1089-8603,10898603,12099,Active,,Included,Included,Included,Included,https://www.sciencedirect.com/science/journal/10898603
NJAS - Wageningen Journal of Life Sciences,1573-5214,15735214,8656,Transferred,Transferred to Taylor & Francis as of 2021,Included,Included,Included,Included,https://www.sciencedirect.com/science/journal/15735214
Nonlinear Analysis,0362-546X,0362546X,2279,Active,,Included,Included,Included,Included,https://www.sciencedirect.com/science/journal/0362546X
Nonlinear Analysis: Hybrid Systems,1751-570X,1751570X,4098,Active,,Included,Included,Included,Included,https://www.sciencedirect.com/science/journal/1751570X
Nonlinear Analysis: Real World Applications,1468-1218,14681218,1060,Active,,Included,Included,Included,Included,https://www.sciencedirect.com/science/journal/14681218
Nonlinear Science,3050-5178,30505178,31989,Active,,,,Included,Included,https://www.sciencedirect.com/science/journal/30505178
The North American Journal of Economics and Finance,1062-9408,10629408,7435,Active,Formerly known as North American Review of Economics and Finance,Included,Included,Included,Included,https://www.sciencedirect.com/science/journal/10629408
Nuclear Data Sheets,0090-3752,903752,12096,Active,Incorporating Nuclear Data Sheets. Section A and Nuclear Data Sheets. Section B,Included,Included,Included,Included,https://www.sciencedirect.com/science/journal/00903752
Nuclear Engineering and Design,0029-5493,295493,6030,Active,Formerly known as Nuclear Structural Engineering,Included,Included,Included,Included,https://www.sciencedirect.com/science/journal/00295493
"Nuclear Instruments and Methods in Physics Research Section A: Accelerators, Spectrometers, Detectors and Associated Equipment",0168-9002,1689002,5211,Active,Formerly part of Nuclear Instruments and Methods in Physics Research,Included,Included,Included,Included,https://www.sciencedirect.com/science/journal/01689002
Nuclear Instruments and Methods in Physics Research Section B: Beam Interactions with Materials and Atoms,0168-583X,0168583X,5212,Active,Formerly part of Nuclear Instruments and Methods in Physics Research,Included,Included,Included,Included,https://www.sciencedirect.com/science/journal/0168583X
Nuclear Medicine and Biology,0969-8051,9698051,7542,Active,Formerly known as International Journal of Radiation Applications and Instrumentation. Part B. Nuclear Medicine and Biology,Included,Included,Included,Included,https://www.sciencedirect.com/science/journal/09698051
Nuclear and Particle Physics Proceedings,2405-6014,24056014,5216,Active,Formerly known as Nuclear Physics B Proceeding Supplement,Included,Included,Included,Included,https://www.sciencedirect.com/science/journal/24056014
Nuclear Physics A,0375-9474,3759474,5214,Active,Formerly part of Nuclear Physics,Included,Included,Included,Included,https://www.sciencedirect.com/science/journal/03759474
Nuclear Physics B,0550-3213,5503213,5215,Active,Formerly part of Nuclear Physics,Included,Included,Included,Included,https://www.sciencedirect.com/science/journal/05503213
Nuclear Physics B - Proceedings Supplements,0920-5632,9205632,5216,Changed Name,Continued as Nuclear and Particle Physics Proceedings,Included,Included,Included,Included,https://www.sciencedirect.com/science/journal/09205632
Nurse Education in Practice,1471-5953,14715953,12900,Active,,Included,Included,Included,Included,https://www.sciencedirect.com/science/journal/14715953
Nurse Education Today,0260-6917,2606917,12752,Active,,Included,Included,Included,Included,https://www.sciencedirect.com/science/journal/02606917
Nurse Leader,1541-4612,15414612,13338,Active,,Included,Included,Included,Included,https://www.sciencedirect.com/science/journal/15414612
Nursing Outlook,0029-6554,296554,13175,Active,,Included,Included,Included,Included,https://www.sciencedirect.com/science/journal/00296554
Nutrition,0899-9007,8999007,7740,Active,,Included,Included,Included,Included,https://www.sciencedirect.com/science/journal/08999007
Nutrition Clinique et Métabolisme,0985-0562,9850562,9074,Active,,Included,Included,Included,Included,https://www.sciencedirect.com/science/journal/09850562
"Nutrition, Metabolism and Cardiovascular Diseases",0939-4753,9394753,5506,Active,,Included,Included,Included,Included,https://www.sciencedirect.com/science/journal/09394753
Nutrition Research,0271-5317,2715317,7543,Active,,Included,Included,Included,Included,https://www.sciencedirect.com/science/journal/02715317
Obesity Medicine,2451-8476,24518476,18281,Active,,Included,Included,Included,Included,https://www.sciencedirect.com/science/journal/24518476
Obesity Research & Clinical Practice,1871-403X,1871403X,4248,Active,,Included,Included,Included,Included,https://www.sciencedirect.com/science/journal/1871403X
"Obstetrics, Gynaecology & Reproductive Medicine",1751-7214,17517214,12729,Active,Formerly known as Current Obstetrics & Gynaecology,Included,Included,Included,Included,https://www.sciencedirect.com/science/journal/17517214
Ocean & Coastal Management,0964-5691,9645691,2044,Active,Formerly known as Ocean and Shoreline Management,Included,Included,Included,Included,https://www.sciencedirect.com/science/journal/09645691
Ocean Engineering,0029-8018,298018,320,Active,,Included,Included,Included,Included,https://www.sciencedirect.com/science/journal/00298018
Ocean Modelling,1463-5003,14635003,1046,Active,,Included,Included,Included,Included,https://www.sciencedirect.com/science/journal/14635003
Oceanologica Acta,0399-1784,3991784,9052,Discontinued,Title discontinued as of 2004,Included,Included,Included,Included,https://www.sciencedirect.com/science/journal/03991784
The Ocular Surface,1542-0124,15420124,14117,Active,,Included,Included,Included,Included,https://www.sciencedirect.com/science/journal/15420124
Omega,0305-0483,3050483,375,Active,,Included,Included,Included,Included,https://www.sciencedirect.com/science/journal/03050483
Online Social Networks and Media,2468-6964,24686964,18376,Active,,Included,Included,Included,Included,https://www.sciencedirect.com/science/journal/24686964
Operations Research for Health Care,2211-6923,22116923,12972,Active,,Included,Included,Included,Included,https://www.sciencedirect.com/science/journal/22116923
Operations Research Letters,0167-6377,1676377,5412,Active,,Included,Included,Included,Included,https://www.sciencedirect.com/science/journal/01676377
Operative Techniques in Cardiac and Thoracic Surgery,1085-5637,10855637,13098,Changed Name,Continued as Operative Techniques in Thoracic and Cardiovascular Surgery,Included,Included,Included,Included,https://www.sciencedirect.com/science/journal/10855637
Operative Techniques in General Surgery,1524-153X,1524153X,13061,Discontinued,Title discontinued as of 2009,Included,Included,Included,Included,https://www.sciencedirect.com/science/journal/1524153X
Operative Techniques in Neurosurgery,1092-440X,1092440X,13104,Discontinued,Title discontinued as of 2006,Included,Included,Included,Included,https://www.sciencedirect.com/science/journal/1092440X
Operative Techniques in Orthopaedics,1048-6666,10486666,13065,Active,,Included,Included,Included,Included,https://www.sciencedirect.com/science/journal/10486666
Operative Techniques in Otolaryngology-Head and Neck Surgery,1043-1810,10431810,13097,Active,,Included,Included,Included,Included,https://www.sciencedirect.com/science/journal/10431810
Operative Techniques in Plastic and Reconstructive Surgery,1071-0949,10710949,13094,Discontinued,Title discontinued as of 2003,Included,Included,Included,Included,https://www.sciencedirect.com/science/journal/10710949
Operative Techniques in Sports Medicine,1060-1872,10601872,13121,Active,,Included,Included,Included,Included,https://www.sciencedirect.com/science/journal/10601872
Operative Techniques in Thoracic and Cardiovascular Surgery,1522-2942,15222942,13098,Active,Formerly known as Operative Techniques in Cardiac and Thoracic Surgery,Included,Included,Included,Included,https://www.sciencedirect.com/science/journal/15222942
Opportunistic Pathogens,1386-2618,13862618,5081,Discontinued,Formerly known as Serodiagnosis and Immunotherapy in Infectious Disease; Title discontinued as of 1998,Included,Included,Included,Included,https://www.sciencedirect.com/science/journal/13862618
Optical Fiber Technology,1068-5200,10685200,12101,Active,,Included,Included,Included,Included,https://www.sciencedirect.com/science/journal/10685200
Optical Materials,0925-3467,9253467,5218,Active,,Included,Included,Included,Included,https://www.sciencedirect.com/science/journal/09253467
Optical Switching and Networking,1573-4277,15734277,5499,Active,,Included,Included,Included,Included,https://www.sciencedirect.com/science/journal/15734277
Optics Communications,0030-4018,304018,5219,Active,,Included,Included,Included,Included,https://www.sciencedirect.com/science/journal/00304018
Optics & Laser Technology,0030-3992,303992,3076,Active,Formerly known as Optics Technology,Included,Included,Included,Included,https://www.sciencedirect.com/science/journal/00303992
Optics and Lasers in Engineering,0143-8166,1438166,2043,Active,,Included,Included,Included,Included,https://www.sciencedirect.com/science/journal/01438166
Optik,0030-4026,304026,10018,Active,,Included,Included,Included,Included,https://www.sciencedirect.com/science/journal/00304026
Option/Bio,0992-5945,9925945,9053,Active,,Included,Included,Included,Included,https://www.sciencedirect.com/science/journal/09925945
Optometry - Journal of the American Optometric Association,1529-1839,15291839,14021,Discontinued,Title discontinued as of 2012,Included,Included,Included,Included,https://www.sciencedirect.com/science/journal/15291839
Oral Oncology,1368-8375,13688375,105,Active,Formerly known as European Journal of Cancer Part B: Oral Oncology,Included,Included,Included,Included,https://www.sciencedirect.com/science/journal/13688375
Oral Oncology Supplement,1744-7895,17447895,118,Discontinued,Title discontinued as of 2012,Included,Included,Included,Included,https://www.sciencedirect.com/science/journal/17447895
"Oral Surgery, Oral Medicine, Oral Pathology and Oral Radiology",2212-4403,22124403,13028,Active,"Formerly known as Oral Surgery, Oral Medicine, Oral Pathology, Oral Radiology and Endodontology",Included,Included,Included,Included,https://www.sciencedirect.com/science/journal/22124403
"Oral Surgery, Oral Medicine, Oral Pathology, Oral Radiology, and Endodontology",1079-2104,10792104,13028,Changed Name,"Formerly known as Oral Surgery, Oral Medicine, Oral Pathology; continued as Oral Surgery, Oral Medicine, Oral Pathology and Oral Radiology",Included,Included,Included,Included,https://www.sciencedirect.com/science/journal/10792104
Orbis,0030-4387,304387,7436,Active,,Included,Included,Included,Included,https://www.sciencedirect.com/science/journal/00304387
Ore and Energy Resource Geology,2666-2612,26662612,30261,Active,,Included,Included,Included,Included,https://www.sciencedirect.com/science/journal/26662612
Ore Geology Reviews,0169-1368,1691368,5354,Active,,Included,Included,Included,Included,https://www.sciencedirect.com/science/journal/01691368
Organic Electronics,1566-1199,15661199,5558,Active,,Included,Included,Included,Included,https://www.sciencedirect.com/science/journal/15661199
Organic Geochemistry,0146-6380,1466380,476,Active,,Included,Included,Included,Included,https://www.sciencedirect.com/science/journal/01466380
Organizational Behavior and Human Decision Processes,0749-5978,7495978,12100,Active,Formerly known as Organizational Behavior and Human Performance,Included,Included,Included,Included,https://www.sciencedirect.com/science/journal/07495978
Organizational Dynamics,0090-2616,902616,7753,Active,,Included,Included,Included,Included,https://www.sciencedirect.com/science/journal/00902616
Orthopaedics and Trauma,1877-1327,18771327,12730,Active,Formerly known as Current Orthopaedics,Included,Included,Included,Included,https://www.sciencedirect.com/science/journal/18771327
Orthopaedics & Traumatology: Surgery & Research,1877-0568,18770568,15649,Active,,Included,Included,Included,Included,https://www.sciencedirect.com/science/journal/18770568
Osteoarthritis and Cartilage,1063-4584,10634584,12689,Active,,Included,Included,Included,Included,https://www.sciencedirect.com/science/journal/10634584
Osteopathische Medizin,1615-9071,16159071,10051,Active,,Included,Included,Included,Included,https://www.sciencedirect.com/science/journal/16159071
Pacific-Basin Finance Journal,0927-538X,0927538X,5413,Active,,Included,Included,Included,Included,https://www.sciencedirect.com/science/journal/0927538X
Paediatric Respiratory Reviews,1526-0542,15260542,12874,Active,,Included,Included,Included,Included,https://www.sciencedirect.com/science/journal/15260542
Paediatrics and Child Health,1751-7222,17517222,12731,Active,Formerly known as Current Paediatrics,Included,Included,Included,Included,https://www.sciencedirect.com/science/journal/17517222
Pain Management Nursing,1524-9042,15249042,13160,Active,,Included,Included,Included,Included,https://www.sciencedirect.com/science/journal/15249042
"Palaeogeography, Palaeoclimatology, Palaeoecology",0031-0182,310182,5355,Active,,Included,Included,Included,Included,https://www.sciencedirect.com/science/journal/00310182
Palaeoworld,1871-174X,1871174X,6065,Active,,Included,Included,Included,Included,https://www.sciencedirect.com/science/journal/1871174X
Pancreatology,1424-3903,14243903,8803,Active,,Included,Included,Included,Included,https://www.sciencedirect.com/science/journal/14243903
Parallel Computing,0167-8191,1678191,5302,Active,,Included,Included,Included,Included,https://www.sciencedirect.com/science/journal/01678191
Parasitology International,1383-5769,13835769,8061,Active,,Included,Included,Included,Included,https://www.sciencedirect.com/science/journal/13835769
Parasitology Today,0169-4758,1694758,2121,Changed Name,Continued as Trends in Parasitology,Included,Included,Included,Included,https://www.sciencedirect.com/science/journal/01694758
Parkinsonism & Related Disorders,1353-8020,13538020,3096,Active,,Included,Included,Included,Included,https://www.sciencedirect.com/science/journal/13538020
Particuology,1674-2001,16742001,8612,Active,Formerly known as China Particuology,Included,Included,Included,Included,https://www.sciencedirect.com/science/journal/16742001
Pathologie Biologie,0369-8114,3698114,9094,Changed Name,Continued as Current Research in Translational Medicine,Included,Included,Included,Included,https://www.sciencedirect.com/science/journal/03698114
Pathology,0031-3025,313025,18299,Active,,Included,Included,Included,Included,https://www.sciencedirect.com/science/journal/00313025
Pathology - Research and Practice,0344-0338,3440338,10021,Active,Formerly known as Beiträge zur Pathologie,Included,Included,Included,Included,https://www.sciencedirect.com/science/journal/03440338
Pathophysiology,0928-4680,9284680,5121,Discontinued,Title discontinued as of 2020,Included,Included,Included,Included,https://www.sciencedirect.com/science/journal/09284680
Patient Education and Counseling,0738-3991,7383991,8044,Active,Formerly known as Patient Counselling and Health Education,Included,Included,Included,Included,https://www.sciencedirect.com/science/journal/07383991
Pattern Recognition,0031-3203,313203,328,Active,,Included,Included,Included,Included,https://www.sciencedirect.com/science/journal/00313203
Pattern Recognition Letters,0167-8655,1678655,5303,Active,,Included,Included,Included,Included,https://www.sciencedirect.com/science/journal/01678655
Peace and Sustainability,2950-6425,29506425,31952,Active,,,,Included,Included,https://www.sciencedirect.com/science/journal/29506425
Pediatric Dental Journal,0917-2394,9172394,8829,Active,,Included,Included,Included,Included,https://www.sciencedirect.com/science/journal/09172394
Pediatric Neurology,0887-8994,8878994,7756,Active,,Included,Included,Included,Included,https://www.sciencedirect.com/science/journal/08878994
Pedobiologia,0031-4056,314056,10002,Active,,Included,Included,Included,Included,https://www.sciencedirect.com/science/journal/00314056
Pedosphere,1002-0160,10020160,4285,Active,,Included,Included,Included,Included,https://www.sciencedirect.com/science/journal/10020160
Peptides,0196-9781,1969781,7547,Active,Incorporating Regulatory Peptides,Included,Included,Included,Included,https://www.sciencedirect.com/science/journal/01969781
Performance Enhancement & Health,2211-2669,22112669,12946,Active,,Included,Included,Included,Included,https://www.sciencedirect.com/science/journal/22112669
Performance Evaluation,0166-5316,1665316,5304,Active,,Included,Included,Included,Included,https://www.sciencedirect.com/science/journal/01665316
Perioperative Care and Operating Room Management,2405-6030,24056030,18801,Active,,Included,Included,Included,Included,https://www.sciencedirect.com/science/journal/24056030
Perioperative Medizin,1875-2772,18752772,10064,Discontinued,Title discontinued as of 2011,Included,Included,Included,Included,https://www.sciencedirect.com/science/journal/18752772
Personality and Individual Differences,0191-8869,1918869,603,Active,,Included,Included,Included,Included,https://www.sciencedirect.com/science/journal/01918869
Personalized Medicine in Psychiatry,2468-1717,24681717,18884,Active,,Included,Included,Included,Included,https://www.sciencedirect.com/science/journal/24681717
"Perspectives in Plant Ecology, Evolution and Systematics",1433-8319,14338319,10019,Active,,Included,Included,Included,Included,https://www.sciencedirect.com/science/journal/14338319
Pervasive and Mobile Computing,1574-1192,15741192,5505,Active,,Included,Included,Included,Included,https://www.sciencedirect.com/science/journal/15741192
Pesticide Biochemistry and Physiology,0048-3575,483575,12105,Active,,Included,Included,Included,Included,https://www.sciencedirect.com/science/journal/00483575
Pharmaceutica Acta Helvetiae,0031-6865,316865,5030,Incorporated,Incorporated into European Journal of Pharmaceutical Sciences,Included,Included,Included,Included,https://www.sciencedirect.com/science/journal/00316865
Pharmaceutical Science & Technology Today,1461-5347,14615347,2168,Incorporated,Incorporated into Drug Discovery Today,Included,Included,Included,Included,https://www.sciencedirect.com/science/journal/14615347
Pharmacological Research,1043-6618,10436618,12676,Active,Formerly known as Pharmacological Research Communications,Included,Included,Included,Included,https://www.sciencedirect.com/science/journal/10436618
Pharmacological Research - Natural Products,2950-1997,29501997,31662,Active,,,Included,Included,Included,https://www.sciencedirect.com/science/journal/29501997
Pharmacological Research - Reports,2950-2004,29502004,31661,Active,,,Included,Included,Included,https://www.sciencedirect.com/science/journal/29502004
Pharmacology Biochemistry and Behavior,0091-3057,913057,7546,Active,,Included,Included,Included,Included,https://www.sciencedirect.com/science/journal/00913057
Pharmacology & Therapeutics,0163-7258,1637258,7536,Active,"Incorporating Pharmacology & Therapeutics. Part A: Chemotherapy, Toxicology and Metabolic Inhibitors, Pharmacology & Therapeutics. Part B: General and Systematic Pharmacology and Pharmacology & Therapeutics. Part C: Clinical Pharmacology and Therapeutics",Included,Included,Included,Included,https://www.sciencedirect.com/science/journal/01637258
PharmaNutrition,2213-4344,22134344,10146,Active,,Included,Included,Included,Included,https://www.sciencedirect.com/science/journal/22134344
Philips Journal of Research,0165-5817,1655817,,Discontinued,Title discontinued as of 1999,Included,Included,Included,Included,https://www.sciencedirect.com/science/journal/01655817
Photodiagnosis and Photodynamic Therapy,1572-1000,15721000,5489,Active,,Included,Included,Included,Included,https://www.sciencedirect.com/science/journal/15721000
Photonics and Nanostructures - Fundamentals and Applications,1569-4410,15694410,5479,Active,,Included,Included,Included,Included,https://www.sciencedirect.com/science/journal/15694410
Photovoltaics Bulletin,1473-8325,14738325,282,Discontinued,Title discontinued as of 2004,Included,Included,Included,Included,https://www.sciencedirect.com/science/journal/14738325
Physica A: Statistical Mechanics and its Applications,0378-4371,3784371,5220,Active,Formerly part of Physica,Included,Included,Included,Included,https://www.sciencedirect.com/science/journal/03784371
Physica B: Condensed Matter,0921-4526,9214526,5222,Active,Formerly part of Physica B+C,Included,Included,Included,Included,https://www.sciencedirect.com/science/journal/09214526
Physica C: Superconductivity and its Applications,0921-4534,9214534,5223,Active,Formerly part of Physica B+C,Included,Included,Included,Included,https://www.sciencedirect.com/science/journal/09214534
Physica D: Nonlinear Phenomena,0167-2789,1672789,5224,Active,,Included,Included,Included,Included,https://www.sciencedirect.com/science/journal/01672789
Physica E: Low-dimensional Systems and Nanostructures,1386-9477,13869477,5458,Active,,Included,Included,Included,Included,https://www.sciencedirect.com/science/journal/13869477
Physica Medica,1120-1797,11201797,4286,Active,,Included,Included,Included,Included,https://www.sciencedirect.com/science/journal/11201797
Physical Communication,1874-4907,18744907,8626,Active,,Included,Included,Included,Included,https://www.sciencedirect.com/science/journal/18744907
Physical Therapy in Sport,1466-853X,1466853X,12875,Active,,Included,Included,Included,Included,https://www.sciencedirect.com/science/journal/1466853X
Physics and Chemistry of the Earth,0079-1946,791946,413,Changed Name,"Continued as Physics and Chemistry of the Earth, Part A: Solid Earth and Geodesy, Physics and Chemistry of the Earth, Part B: Hydrology, Oceans and Atmosphere and Physics and Chemistry of the Earth, Part C: Solar, Terrestrial & Planetary Science",Included,Included,Included,Included,https://www.sciencedirect.com/science/journal/00791946
"Physics and Chemistry of the Earth, Part A: Solid Earth and Geodesy",1464-1895,14641895,413,Incorporated,"Formerly part of Physics and Chemistry of the Earth; Incorporated into Physics and Chemistry of the Earth, Parts A/B/C",Included,Included,Included,Included,https://www.sciencedirect.com/science/journal/14641895
"Physics and Chemistry of the Earth, Part B: Hydrology, Oceans and Atmosphere",1464-1909,14641909,413,Incorporated,"Formerly part of Physics and Chemistry of the Earth; Incorporated into Physics and Chemistry of the Earth, Parts A/B/C",Included,Included,Included,Included,https://www.sciencedirect.com/science/journal/14641909
"Physics and Chemistry of the Earth, Part C: Solar, Terrestrial & Planetary Science",1464-1917,14641917,413,Incorporated,"Formerly part of Physics and Chemistry of the Earth; Incorporated into Physics and Chemistry of the Earth, Parts A/B/C",Included,Included,Included,Included,https://www.sciencedirect.com/science/journal/14641917
"Physics and Chemistry of the Earth, Parts A/B/C",1474-7065,14747065,413,Active,"Incorporating Physics and Chemistry of the Earth, Part A: Solid Earth and Geodesy, Physics and Chemistry of the Earth, Part B: Hydrology, Oceans and Atmosphere and Physics and Chemistry of the Earth, Part C: Solar, Terrestrial & Planetary Science",Included,Included,Included,Included,https://www.sciencedirect.com/science/journal/14747065
Physics of the Dark Universe,2212-6864,22126864,10100,Active,,Included,Included,Included,Included,https://www.sciencedirect.com/science/journal/22126864
Physics of The Earth and Planetary Interiors,0031-9201,319201,5357,Active,,Included,Included,Included,Included,https://www.sciencedirect.com/science/journal/00319201
Physics Letters A,0375-9601,3759601,5236,Active,Formerly part of Physics Letters,Included,Included,Included,Included,https://www.sciencedirect.com/science/journal/03759601
Physics Letters B,0370-2693,3702693,5237,Active,Formerly part of Physics Letters,Included,Included,Included,Included,https://www.sciencedirect.com/science/journal/03702693
Physics of Life Reviews,1571-0645,15710645,5484,Active,,Included,Included,Included,Included,https://www.sciencedirect.com/science/journal/15710645
Physics Reports,0370-1573,3701573,5238,Active,Incorporating Computer Physics Reports,Included,Included,Included,Included,https://www.sciencedirect.com/science/journal/03701573
Physiological and Molecular Plant Pathology,0885-5765,8855765,12660,Active,Formerly known as Physiological Plant Pathology,Included,Included,Included,Included,https://www.sciencedirect.com/science/journal/08855765
Physiology & Behavior,0031-9384,319384,7548,Active,,Included,Included,Included,Included,https://www.sciencedirect.com/science/journal/00319384
Physiotherapy,0031-9406,319406,4065,Active,,Included,Included,Included,Included,https://www.sciencedirect.com/science/journal/00319406
Phytochemistry,0031-9422,319422,273,Active,,Included,Included,Included,Included,https://www.sciencedirect.com/science/journal/00319422
Phytochemistry Letters,1874-3900,18743900,4291,Active,,Included,Included,Included,Included,https://www.sciencedirect.com/science/journal/18743900
Phytomedicine,0944-7113,9447113,10020,Active,,Included,Included,Included,Included,https://www.sciencedirect.com/science/journal/09447113
Placenta,0143-4004,1434004,12629,Active,,Included,Included,Included,Included,https://www.sciencedirect.com/science/journal/01434004
Planetary and Space Science,0032-0633,320633,200,Active,,Included,Included,Included,Included,https://www.sciencedirect.com/science/journal/00320633
Plant Gene,2352-4073,23524073,18083,Active,,Included,Included,Included,Included,https://www.sciencedirect.com/science/journal/23524073
Plant Physiology and Biochemistry,0981-9428,9819428,9054,Active,,Included,Included,Included,Included,https://www.sciencedirect.com/science/journal/09819428
Plant Research,3117-5821,31175821,32301,Forthcoming,,,,,Included,https://www.sciencedirect.com/science/journal/31175821
Plant Science,0168-9452,1689452,8045,Active,Formerly known as Plant Science Letters,Included,Included,Included,Included,https://www.sciencedirect.com/science/journal/01689452
Plasmas & Ions,1288-3255,12883255,9055,Discontinued,Title discontinued as of 2001,Included,Included,Included,Included,https://www.sciencedirect.com/science/journal/12883255
Plasmid,0147-619X,0147619X,12106,Active,,Included,Included,Included,Included,https://www.sciencedirect.com/science/journal/0147619X
"Plastics, Additives and Compounding",1464-391X,1464391X,2234,Discontinued,Title discontinued as of 2010,Included,Included,Included,Included,https://www.sciencedirect.com/science/journal/1464391X
Poetics,0304-422X,0304422X,5305,Active,,Included,Included,Included,Included,https://www.sciencedirect.com/science/journal/0304422X
Polar Science,1873-9652,18739652,6073,Active,,Included,Included,Included,Included,https://www.sciencedirect.com/science/journal/18739652
Political Geography,0962-6298,9626298,3077,Active,Formerly known as Political Geography Quarterly,Included,Included,Included,Included,https://www.sciencedirect.com/science/journal/09626298
Polyhedron,0277-5387,2775387,218,Active,Incorporating Inorganic and Nuclear Chemistry Letters and Journal of Inorganic and Nuclear Chemistry,Included,Included,Included,Included,https://www.sciencedirect.com/science/journal/02775387
Polymer,0032-3861,323861,3078,Active,Incorporating Computational and Theoretical Polymer Science,Included,Included,Included,Included,https://www.sciencedirect.com/science/journal/00323861
Polymer Contents,0883-153X,0883153X,2049,Discontinued,Title discontinued as of 2011,Included,Included,Included,Included,https://www.sciencedirect.com/science/journal/0883153X
Polymer Degradation and Stability,0141-3910,1413910,2045,Active,Incorporating Polymer Photochemistry,Included,Included,Included,Included,https://www.sciencedirect.com/science/journal/01413910
Polymer Gels and Networks,0966-7822,9667822,2047,Discontinued,Title discontinued as of 1999,Included,Included,Included,Included,https://www.sciencedirect.com/science/journal/09667822
Polymer Testing,0142-9418,1429418,2050,Active,,Included,Included,Included,Included,https://www.sciencedirect.com/science/journal/01429418
Postharvest Biology and Technology,0925-5214,9255214,5122,Active,,Included,Included,Included,Included,https://www.sciencedirect.com/science/journal/09255214
Powder Technology,0032-5910,325910,6031,Active,,Included,Included,Included,Included,https://www.sciencedirect.com/science/journal/00325910
Pratique Médicale et Chirurgicale de l'Animal de Compagnie,0758-1882,7581882,9122,Changed Name,Continued as Revue Vétérinaire Clinique,Included,Included,Included,Included,https://www.sciencedirect.com/science/journal/07581882
Pratiques Psychologiques,1269-1763,12691763,9159,Active,,Included,Included,Included,Included,https://www.sciencedirect.com/science/journal/12691763
Precambrian Research,0301-9268,3019268,5358,Active,,Included,Included,Included,Included,https://www.sciencedirect.com/science/journal/03019268
Precision Engineering,0141-6359,1416359,7750,Active,,Included,Included,Included,Included,https://www.sciencedirect.com/science/journal/01416359
Pregnancy Hypertension,2210-7789,22107789,8732,Active,,Included,Included,Included,Included,https://www.sciencedirect.com/science/journal/22107789
La Presse Médicale,0755-4982,7554982,15100,Active,,Included,Included,Included,Included,https://www.sciencedirect.com/science/journal/07554982
Preventive Medicine,0091-7435,917435,12107,Active,,Included,Included,Included,Included,https://www.sciencedirect.com/science/journal/00917435
Preventive Veterinary Medicine,0167-5877,1675877,5123,Active,,Included,Included,Included,Included,https://www.sciencedirect.com/science/journal/01675877
Primary Care Diabetes,1751-9918,17519918,4280,Active,,Included,Included,Included,Included,https://www.sciencedirect.com/science/journal/17519918
Primary Care Update for OB/GYNS,1068-607X,1068607X,7751,Discontinued,Title discontinued as of 2004,Included,Included,Included,Included,https://www.sciencedirect.com/science/journal/1068607X
Probabilistic Engineering Mechanics,0266-8920,2668920,2052,Active,,Included,Included,Included,Included,https://www.sciencedirect.com/science/journal/02668920
Proceedings of the Combustion Institute,1540-7489,15407489,4068,Active,Formerly known as Symposium (International) on Combustion,Included,Included,Included,Included,https://www.sciencedirect.com/science/journal/15407489
Proceedings of the Geologists’ Association,0016-7878,167878,5611,Active,,Included,Included,Included,Included,https://www.sciencedirect.com/science/journal/00167878
Process Biochemistry,1359-5113,13595113,2051,Active,,Included,Included,Included,Included,https://www.sciencedirect.com/science/journal/13595113
Process Safety and Environmental Protection,0957-5820,9575820,8631,Active,,Included,Included,Included,Included,https://www.sciencedirect.com/science/journal/09575820
Progress in Aerospace Sciences,0376-0421,3760421,415,Active,,Included,Included,Included,Included,https://www.sciencedirect.com/science/journal/03760421
Progress in Biophysics and Molecular Biology,0079-6107,796107,408,Active,Formerly Known as Progress in Biophysics and Biophysical Chemistry,Included,Included,Included,Included,https://www.sciencedirect.com/science/journal/00796107
Progress in Cardiovascular Diseases,0033-0620,330620,13204,Active,,Included,Included,Included,Included,https://www.sciencedirect.com/science/journal/00330620
Progress in Crystal Growth and Characterization of Materials,0960-8974,9608974,492,Active,Formerly known as Progress in Crystal Growth and Characterization,Included,Included,Included,Included,https://www.sciencedirect.com/science/journal/09608974
Progress in Economic Geography,2949-6942,29496942,31485,Active,,,Included,Included,Included,https://www.sciencedirect.com/science/journal/29496942
Progress in Energy and Combustion Science,0360-1285,3601285,474,Active,,Included,Included,Included,Included,https://www.sciencedirect.com/science/journal/03601285
Progress in Engineering Science,2950-4252,29504252,31786,Active,,,Included,Included,Included,https://www.sciencedirect.com/science/journal/29504252
Progress in Growth Factor Research,0955-2235,9552235,868,Changed Name,Continued as Cytokine & Growth Factor Reviews,Included,Included,Included,Included,https://www.sciencedirect.com/science/journal/09552235
Progress in Histochemistry and Cytochemistry,0079-6336,796336,10006,Discontinued,Title discontinued as of 2017,Included,Included,Included,Included,https://www.sciencedirect.com/science/journal/00796336
Progress in Lipid Research,0163-7827,1637827,407,Active,Formerly known as Progress in the Chemistry of Fats and other Lipids,Included,Included,Included,Included,https://www.sciencedirect.com/science/journal/01637827
Progress in Materials Science,0079-6425,796425,414,Active,Formerly known as Progress in Metal Physics,Included,Included,Included,Included,https://www.sciencedirect.com/science/journal/00796425
Progress in Natural Science: Materials International,1002-0071,10020071,8791,Active,,,Included,Included,Included,https://www.sciencedirect.com/science/journal/10020071
Progress in Neuro-Psychopharmacology and Biological Psychiatry,0278-5846,2785846,7549,Active,Formerly known as Progress in Neuro-Psychopharmacology,Included,Included,Included,Included,https://www.sciencedirect.com/science/journal/02785846
Progress in Neurobiology,0301-0082,3010082,412,Active,,Included,Included,Included,Included,https://www.sciencedirect.com/science/journal/03010082
Progress in Nuclear Energy,0149-1970,1491970,478,Active,,Included,Included,Included,Included,https://www.sciencedirect.com/science/journal/01491970
Progress in Nuclear Magnetic Resonance Spectroscopy,0079-6565,796565,5178,Active,,Included,Included,Included,Included,https://www.sciencedirect.com/science/journal/00796565
Progress in Oceanography,0079-6611,796611,422,Active,,Included,Included,Included,Included,https://www.sciencedirect.com/science/journal/00796611
Progress in Organic Coatings,0300-9440,3009440,6032,Active,,Included,Included,Included,Included,https://www.sciencedirect.com/science/journal/03009440
Progress in Particle and Nuclear Physics,0146-6410,1466410,419,Active,,Included,Included,Included,Included,https://www.sciencedirect.com/science/journal/01466410
Progress in Pediatric Cardiology,1058-9813,10589813,8046,Active,,Included,Included,Included,Included,https://www.sciencedirect.com/science/journal/10589813
Progress in Planning,0305-9006,3059006,409,Active,,Included,Included,Included,Included,https://www.sciencedirect.com/science/journal/03059006
Progress in Polymer Science,0079-6700,796700,418,Active,,Included,Included,Included,Included,https://www.sciencedirect.com/science/journal/00796700
Progress in Quantum Electronics,0079-6727,796727,410,Active,,Included,Included,Included,Included,https://www.sciencedirect.com/science/journal/00796727
Progress in Retinal and Eye Research,1350-9462,13509462,664,Active,Formerly known as Progress in Retinal Research,Included,Included,Included,Included,https://www.sciencedirect.com/science/journal/13509462
Progress in Solid State Chemistry,0079-6786,796786,417,Active,,Included,Included,Included,Included,https://www.sciencedirect.com/science/journal/00796786
Progress in Surface Science,0079-6816,796816,411,Active,,Included,Included,Included,Included,https://www.sciencedirect.com/science/journal/00796816
Prostaglandins,0090-6980,906980,7754,Changed Name,Continued as Prostaglandins and Other Lipid Mediators,Included,Included,Included,Included,https://www.sciencedirect.com/science/journal/00906980
"Prostaglandins, Leukotrienes and Essential Fatty Acids",0952-3278,9523278,12720,Active,"Formerly known as Prostaglandins, Leukotrienes and Medicine",Included,Included,Included,Included,https://www.sciencedirect.com/science/journal/09523278
Prostaglandins & Other Lipid Mediators,1098-8823,10988823,7754,Active,Formerly known as Prostaglandins; Incorporating Journal of Lipid Mediators and Cell Signalling,Included,Included,Included,Included,https://www.sciencedirect.com/science/journal/10988823
Protein Expression and Purification,1046-5928,10465928,12104,Active,,Included,Included,Included,Included,https://www.sciencedirect.com/science/journal/10465928
Protist,1434-4610,14344610,10035,Active,Formerly known as Archiv für Protistenkunde,Included,Included,Included,Included,https://www.sciencedirect.com/science/journal/14344610
Psychiatry,1476-1793,14761793,4266,Discontinued,Title discontinued as of 2010,Included,Included,Included,Included,https://www.sciencedirect.com/science/journal/14761793
Psychiatry Research,0165-1781,1651781,8047,Active,,Included,Included,Included,Included,https://www.sciencedirect.com/science/journal/01651781
Psychiatry Research: Neuroimaging,0925-4927,9254927,8048,Active,,Included,Included,Included,Included,https://www.sciencedirect.com/science/journal/09254927
Psychologie Française,0033-2984,332984,9155,Active,,Included,Included,Included,Included,https://www.sciencedirect.com/science/journal/00332984
Psychology of Sport and Exercise,1469-0292,14690292,731,Active,,Included,Included,Included,Included,https://www.sciencedirect.com/science/journal/14690292
Psychoneuroendocrinology,0306-4530,3064530,473,Active,,Included,Included,Included,Included,https://www.sciencedirect.com/science/journal/03064530
Public Health,0033-3506,333506,4053,Active,,Included,Included,Included,Included,https://www.sciencedirect.com/science/journal/00333506
Public Relations Review,0363-8111,3638111,7437,Active,,Included,Included,Included,Included,https://www.sciencedirect.com/science/journal/03638111
Pulmonary Pharmacology,0952-0600,9520600,12687,Changed Name,Continued as Pulmonary Pharmacology & Therapeutics,Included,Included,Included,Included,https://www.sciencedirect.com/science/journal/09520600
Pulmonary Pharmacology & Therapeutics,1094-5539,10945539,12687,Active,Formerly known as Pulmonary Pharmacology,Included,Included,Included,Included,https://www.sciencedirect.com/science/journal/10945539
The Quarterly Review of Economics and Finance,1062-9769,10629769,7438,Active,,Included,Included,Included,Included,https://www.sciencedirect.com/science/journal/10629769
Quaternary Geochronology,1871-1014,18711014,6063,Active,,Included,Included,Included,Included,https://www.sciencedirect.com/science/journal/18711014
Quaternary International,1040-6182,10406182,865,Active,,Included,Included,Included,Included,https://www.sciencedirect.com/science/journal/10406182
Quaternary Science Reviews,0277-3791,2773791,636,Active,,Included,Included,Included,Included,https://www.sciencedirect.com/science/journal/02773791
Race and Society,1090-9524,10909524,7439,Discontinued,Title discontinued as of 2006,Included,Included,Included,Included,https://www.sciencedirect.com/science/journal/10909524
Radiation Measurements,1350-4487,13504487,286,Active,Formerly known as Nuclear Tracks and Radiation Measurements,Included,Included,Included,Included,https://www.sciencedirect.com/science/journal/13504487
Radiation Physics and Chemistry,0969-806X,0969806X,331,Active,Formerly known as International Journal of Radiation Applications and Instrumentation. Part C. Radiation Physics and Chemistry,Included,Included,Included,Included,https://www.sciencedirect.com/science/journal/0969806X
Radiography,1078-8174,10788174,12697,Active,,Included,Included,Included,Included,https://www.sciencedirect.com/science/journal/10788174
Radiología (English Edition),2173-5107,21735107,15791,Active,,Included,Included,Included,Included,https://www.sciencedirect.com/science/journal/21735107
Radiotherapy and Oncology,0167-8140,1678140,8049,Active,,Included,Included,Included,Included,https://www.sciencedirect.com/science/journal/01678140
Rangelands,0190-0528,1900528,18794,Active,,,,Included,Included,https://www.sciencedirect.com/science/journal/01900528
RBM-News,0222-0776,2220776,9056,Changed Name,Continued as ITBM-RBM News,Included,Included,Included,Included,https://www.sciencedirect.com/science/journal/02220776
REACH,2352-3093,23523093,10520,Discontinued,Title discontinued as of 2023,Included,Included,Included,Included,https://www.sciencedirect.com/science/journal/23523093
Reactive and Functional Polymers,1381-5148,13815148,5180,Active,Formerly known as Reactive Polymers,Included,Included,Included,Included,https://www.sciencedirect.com/science/journal/13815148
Reactive Polymers,0923-1137,9231137,5180,Changed Name,"Formerly known as Reactive Polymers, Ion Exchangers, Sorbents; Continued as Reactive and Functional Polymers",Included,Included,Included,Included,https://www.sciencedirect.com/science/journal/09231137
Real-Time Imaging,1077-2014,10772014,12694,Discontinued,Title discontinued as of 2006,Included,Included,Included,Included,https://www.sciencedirect.com/science/journal/10772014
Recherche - Transports - Sécurité,0761-8980,7618980,80060,Discontinued,Title discontinued as of 2004,Included,Included,Included,Included,https://www.sciencedirect.com/science/journal/07618980
Refocus,1471-0846,14710846,2272,Changed Name,Continued as Renewable Energy Focus,Included,Included,Included,Included,https://www.sciencedirect.com/science/journal/14710846
Regional Science and Urban Economics,0166-0462,1660462,5414,Active,Formerly known as Regional and Urban Economics,Included,Included,Included,Included,https://www.sciencedirect.com/science/journal/01660462
Regional Studies in Marine Science,2352-4855,23524855,18076,Active,,Included,Included,Included,Included,https://www.sciencedirect.com/science/journal/23524855
Regulatory Peptides,0167-0115,1670115,7547,Incorporated,Incorporated into Peptides,Included,Included,Included,Included,https://www.sciencedirect.com/science/journal/01670115
Regulatory Toxicology and Pharmacology,0273-2300,2732300,12110,Active,,Included,Included,Included,Included,https://www.sciencedirect.com/science/journal/02732300
Reliability Engineering & System Safety,0951-8320,9518320,2054,Active,Formerly known as Reliability Engineering,Included,Included,Included,Included,https://www.sciencedirect.com/science/journal/09518320
Remote Sensing Applications: Society and Environment,2352-9385,23529385,18162,Active,,Included,Included,Included,Included,https://www.sciencedirect.com/science/journal/23529385
Remote Sensing of Environment,0034-4257,344257,7759,Active,,Included,Included,Included,Included,https://www.sciencedirect.com/science/journal/00344257
Renewable Energy,0960-1481,9601481,969,Active,Incorporating Solar & Wind Technology,Included,Included,Included,Included,https://www.sciencedirect.com/science/journal/09601481
Renewable Energy Focus,1755-0084,17550084,2272,Active,Formerly known as Refocus,Included,Included,Included,Included,https://www.sciencedirect.com/science/journal/17550084
Renewable and Sustainable Energy Reviews,1364-0321,13640321,1010,Active,,Included,Included,Included,Included,https://www.sciencedirect.com/science/journal/13640321
Reports on Mathematical Physics,0034-4877,344877,416,Active,,Included,Included,Included,Included,https://www.sciencedirect.com/science/journal/00344877
Reports of Practical Oncology,1428-2267,14282267,11000,Changed Name,Continued as Reports of Practical Oncology & Radiotherapy,Included,Included,Included,Included,https://www.sciencedirect.com/science/journal/14282267
Reproductive Biology,1642-431X,1642431X,11007,Active,,Included,Included,Included,Included,https://www.sciencedirect.com/science/journal/1642431X
Reproductive BioMedicine Online,1472-6483,14726483,5636,Active,,Included,Included,Included,Included,https://www.sciencedirect.com/science/journal/14726483
Reproductive Toxicology,0890-6238,8906238,7552,Active,,Included,Included,Included,Included,https://www.sciencedirect.com/science/journal/08906238
Research in Accounting Regulation,1052-0457,10520457,5621,Discontinued,Title discontinued as of 2019,Included,Included,Included,Included,https://www.sciencedirect.com/science/journal/10520457
Research in Autism Spectrum Disorders,1750-9467,17509467,4094,Active,,Included,Included,Included,Included,https://www.sciencedirect.com/science/journal/17509467
Research in Developmental Disabilities,0891-4222,8914222,826,Active,Incorporating Analysis and Intervention in Developmental Disabilities and Applied Research in Mental Retardation,Included,Included,Included,Included,https://www.sciencedirect.com/science/journal/08914222
Research in Economics,1090-9443,10909443,12688,Active,Formerly known as Ricerche Economiche,Included,Included,Included,Included,https://www.sciencedirect.com/science/journal/10909443
Research in Immunology,0923-2494,9232494,9047,Incorporated,Incorporated into Microbes and Infection,Included,Included,Included,,https://www.sciencedirect.com/science/journal/09232494
Research in Neurodiversity,3050-5798,30505798,32035,Active,,,,,Included,https://www.sciencedirect.com/science/journal/30505798
Research in International Business and Finance,0275-5319,2755319,8552,Active,,Included,Included,Included,Included,https://www.sciencedirect.com/science/journal/02755319
Research Methods in Applied Linguistics,2772-7661,27727661,31340,Active,,Included,Included,Included,Included,https://www.sciencedirect.com/science/journal/27727661
Research in Microbiology,0923-2508,9232508,9060,Active,Formerly known as Annales de l'Institut Pasteur. Microbiologie,Included,Included,Included,,https://www.sciencedirect.com/science/journal/09232508
Research in Organizational Behavior,0191-3085,1913085,12702,Active,,Included,Included,Included,Included,https://www.sciencedirect.com/science/journal/01913085
Research Policy,0048-7333,487333,5415,Active,,Included,Included,Included,Included,https://www.sciencedirect.com/science/journal/00487333
Research in Social and Administrative Pharmacy,1551-7411,15517411,13370,Active,,Included,Included,Included,Included,https://www.sciencedirect.com/science/journal/15517411
Research in Social Stratification and Mobility,0276-5624,2765624,4238,Active,,Included,Included,Included,Included,https://www.sciencedirect.com/science/journal/02765624
Research Strategies,0734-3310,7343310,7441,Discontinued,Title discontinued as of 2006,Included,Included,Included,Included,https://www.sciencedirect.com/science/journal/07343310
Research in Transportation Business & Management,2210-5395,22105395,12904,Active,,Included,Included,Included,Included,https://www.sciencedirect.com/science/journal/22105395
Research in Transportation Economics,0739-8859,7398859,5606,Active,,Included,Included,Included,Included,https://www.sciencedirect.com/science/journal/07398859
Research in Veterinary Science,0034-5288,345288,12709,Active,,Included,Included,Included,Included,https://www.sciencedirect.com/science/journal/00345288
Research in Virology,0923-2516,9232516,9047,Incorporated,Incorporated into Microbes and Infection,Included,Included,Included,,https://www.sciencedirect.com/science/journal/09232516
Resource and Energy Economics,0928-7655,9287655,5416,Active,Formerly known as Resources and Energy,Included,Included,Included,Included,https://www.sciencedirect.com/science/journal/09287655
"Resources, Conservation and Recycling",0921-3449,9213449,5125,Active,Incorporating Conservation & Recycling and Resources and Conservation,Included,Included,Included,Included,https://www.sciencedirect.com/science/journal/09213449
Resources Policy,0301-4207,3014207,3079,Active,,Included,Included,Included,Included,https://www.sciencedirect.com/science/journal/03014207
Respiration Physiology,0034-5687,345687,5126,Changed Name,Continued as Respiratory Physiology & Neurobiology,Included,Included,Included,Included,https://www.sciencedirect.com/science/journal/00345687
Respiratory Investigation,2212-5345,22125345,8808,Active,,Included,Included,Included,Included,https://www.sciencedirect.com/science/journal/22125345
Respiratory Medicine,0954-6111,9546111,12673,Active,Formerly known as British Journal of Diseases of the Chest,Included,Included,Included,Included,https://www.sciencedirect.com/science/journal/09546111
Respiratory Medicine: COPD Update,1745-0454,17450454,4073,Discontinued,Title discontinued as of 2010,Included,Included,Included,Included,https://www.sciencedirect.com/science/journal/17450454
Respiratory Medicine Extra,1744-9049,17449049,4072,Discontinued,Title discontinued as of 2008,Included,Included,Included,Included,https://www.sciencedirect.com/science/journal/17449049
Respiratory Medicine and Research,2590-0412,25900412,15651,Active,Formerly known as Revue de Pneumologie Clinique,Included,Included,Included,Included,https://www.sciencedirect.com/science/journal/25900412
Respiratory Physiology & Neurobiology,1569-9048,15699048,5126,Active,Formerly known as Respiration Physiology,Included,Included,Included,Included,https://www.sciencedirect.com/science/journal/15699048
Resuscitation,0300-9572,3009572,8051,Active,,Included,Included,Included,Included,https://www.sciencedirect.com/science/journal/03009572
Reumatología Clínica (English Edition),2173-5743,21735743,15796,Active,,Included,Included,Included,Included,https://www.sciencedirect.com/science/journal/21735743
Review of Economic Dynamics,1094-2025,10942025,12109,Active,,Included,Included,Included,Included,https://www.sciencedirect.com/science/journal/10942025
Review of Financial Economics,1058-3300,10583300,7440,Transferred,Transferred to Wiley as of 2018,Included,Included,Included,Included,https://www.sciencedirect.com/science/journal/10583300
Review of Palaeobotany and Palynology,0034-6667,346667,5359,Active,,Included,Included,Included,Included,https://www.sciencedirect.com/science/journal/00346667
Reviews in Gynaecological and Perinatal Practice,1871-2320,18712320,5478,Discontinued,Formerly known as Reviews in Gynaecological Practice; Title discontinued as of 2007,Included,Included,Included,Included,https://www.sciencedirect.com/science/journal/18712320
Reviews in Gynaecological Practice,1471-7697,14717697,5478,Changed Name,Continued as Reviews in Gynaecological and Perinatal Practice,Included,Included,Included,Included,https://www.sciencedirect.com/science/journal/14717697
Reviews in Molecular Biotechnology,1389-0352,13890352,5543,Discontinued,Title discontinued as of 2002,Included,Included,Included,Included,https://www.sciencedirect.com/science/journal/13890352
Reviews in Vascular Medicine,2212-0211,22120211,10501,Discontinued,Title discontinued as of 2018,Included,Included,Included,Included,https://www.sciencedirect.com/science/journal/22120211
Revista Científica de la Sociedad de Enfermería Neurológica (English ed.),2530-299X,2530299X,16444,Active,,Included,Included,Included,Included,https://www.sciencedirect.com/science/journal/2530299X
Revista Clínica Española (English Edition),2254-8874,22548874,15982,Active,,Included,Included,Included,Included,https://www.sciencedirect.com/science/journal/22548874
Revista Colombiana de Psiquiatría (English ed.),2530-3120,25303120,16446,Active,,Included,Included,Included,Included,https://www.sciencedirect.com/science/journal/25303120
Revista Colombiana de Reumatología (English Edition),2444-4405,24444405,16430,Active,,Included,Included,Included,Included,https://www.sciencedirect.com/science/journal/24444405
Revista Española de Anestesiología y Reanimación (English Edition),2341-1929,23411929,16835,Active,,Included,Included,Included,Included,https://www.sciencedirect.com/science/journal/23411929
Revista Española de Cardiología (English Edition),1885-5857,18855857,15702,Active,,Included,Included,Included,Included,https://www.sciencedirect.com/science/journal/18855857
Revista Española de Cirugía Ortopédica y Traumatología (English Edition),1988-8856,19888856,15731,Incorporated,Incorporated into Revista Espanola Cirugia Ortopedica Traumatologia,Included,Included,Included,Included,https://www.sciencedirect.com/science/journal/19888856
Revista Española de Medicina Nuclear (English Edition),1578-200X,1578200X,15774,Changed Name,Continued as Revista Española de Medicina Nuclear e Imagen Molecular (English Edition),Included,Included,Included,Included,https://www.sciencedirect.com/science/journal/1578200X
Revista Española de Medicina Nuclear e Imagen Molecular (English Edition),2253-8089,22538089,15774,Active,Formerly known as Revista Española de Medicina Nuclear (English Edition),Included,Included,Included,Included,https://www.sciencedirect.com/science/journal/22538089
Revista Española de Patología,1699-8855,16998855,15766,Active,,,,Included,Included,https://www.sciencedirect.com/science/journal/16998855
Revista Iberoamericana de Micología,1130-1406,11301406,15759,Active,,Included,Included,Included,Included,https://www.sciencedirect.com/science/journal/11301406
Revista de Psicodidáctica (English ed.),2530-3805,25303805,16445,Active,,Included,Included,Included,Included,https://www.sciencedirect.com/science/journal/25303805
Revista de Psiquiatría y Salud Mental,1888-9891,18889891,15757,Active,,Included,Included,Included,Included,https://www.sciencedirect.com/science/journal/18889891
Revista de Psiquiatría y Salud Mental (English Edition),2173-5050,21735050,15798,Incorporated,This title is merged into the journal RPSM.,Included,Included,Included,Included,https://www.sciencedirect.com/science/journal/21735050
Revista de Senología y Patología Mamaria,0214-1582,2141582,15980,Active,,,,,Included,https://www.sciencedirect.com/science/journal/02141582
Revue d'Épidémiologie et de Santé Publique,0398-7620,3987620,15710,Active,,,Included,Included,Included,https://www.sciencedirect.com/science/journal/03987620
Revue Européenne de Psychologie Appliquée,1162-9088,11629088,9160,Active,,Included,Included,Included,Included,https://www.sciencedirect.com/science/journal/11629088
Revue Française d’Allergologie,1877-0320,18770320,9095,Active,Formerly known as Revue Française d'Allergologie et d'Immunologie Clinique,Included,Included,Included,Included,https://www.sciencedirect.com/science/journal/18770320
Revue Française d'Allergologie et d'Immunologie Clinique,0335-7457,3357457,9095,Changed Name,Formerly known as Revue Française d'Allergologie (1970); Continued as Revue Française d'Allergologie,Included,Included,Included,Included,https://www.sciencedirect.com/science/journal/03357457
Revue Française des Laboratoires,0338-9898,3389898,9062,Changed Name,Continued as Revue Francophone des Laboratoires,Included,Included,Included,Included,https://www.sciencedirect.com/science/journal/03389898
Revue Francophone des Laboratoires,1773-035X,1773035X,9062,Active,Formerly known as Revue Française des Laboratoires,Included,Included,Included,Included,https://www.sciencedirect.com/science/journal/1773035X
Revue Générale des Chemins de Fer,0035-3183,353183,80062,Discontinued,Title discontinued as of 2000,Included,Included,Included,Included,https://www.sciencedirect.com/science/journal/00353183
Revue Générale de Thermique,0035-3159,353159,9063,Changed Name,Continued as International Journal of Thermal Sciences,Included,Included,Included,Included,https://www.sciencedirect.com/science/journal/00353159
La Revue de Médecine Interne,0248-8663,2488663,9061,Active,,Included,Included,Included,Included,https://www.sciencedirect.com/science/journal/02488663
Revue de Micropaléontologie,0035-1598,351598,9152,Active,,Included,Included,Included,Included,https://www.sciencedirect.com/science/journal/00351598
Revue Neurologique,0035-3787,353787,15740,Active,,Included,Included,Included,Included,https://www.sciencedirect.com/science/journal/00353787
Revue de Pneumologie Clinique,0761-8417,7618417,15651,Changed Name,Continued as Respiratory Medicine and Research,Included,Included,Included,Included,https://www.sciencedirect.com/science/journal/07618417
Revue du Rhumatisme,1169-8330,11698330,9096,Active,,Included,Included,Included,Included,https://www.sciencedirect.com/science/journal/11698330
Revue du Rhumatisme Monographies,1878-6227,18786227,16175,Active,,Included,Included,Included,Included,https://www.sciencedirect.com/science/journal/18786227
Revue Vétérinaire Clinique,2214-5672,22145672,9122,Active,Formerly known as Pratique Médicale et Chirurgicale de l'Animal de Compagnie,Included,Included,Included,Included,https://www.sciencedirect.com/science/journal/22145672
Rhizosphere,2452-2198,24522198,18283,Active,,Included,Included,Included,Included,https://www.sciencedirect.com/science/journal/24522198
Ricerche Economiche,0035-5054,355054,12688,Changed Name,Continued as Research in Economics,Included,Included,Included,Included,https://www.sciencedirect.com/science/journal/00355054
Robotics and Autonomous Systems,0921-8890,9218890,5309,Active,Formerly known as Robotics,Included,Included,Included,Included,https://www.sciencedirect.com/science/journal/09218890
Robotics and Computer-Integrated Manufacturing,0736-5845,7365845,704,Active,Incorporating Computer Integrated Manufacturing Systems,Included,Included,Included,Included,https://www.sciencedirect.com/science/journal/07365845
Röntgenpraxis,0035-7820,357820,10053,Discontinued,Title discontinued as of 2009,Included,Included,Included,Included,https://www.sciencedirect.com/science/journal/00357820
Russian Literature,0304-3479,3043479,5418,Active,,Included,Included,Included,Included,https://www.sciencedirect.com/science/journal/03043479
Safety Science,0925-7535,9257535,5419,Active,Formerly known as Journal of Occupational Accidents,Included,Included,Included,Included,https://www.sciencedirect.com/science/journal/09257535
Sauvegarde de l'Enfance,0036-5041,365041,9080,Discontinued,Title discontinued as of 2004,Included,Included,Included,Included,https://www.sciencedirect.com/science/journal/00365041
Scandinavian Journal of Management,0956-5221,9565221,872,Active,Formerly known as Scandinavian Journal of Management Studies,Included,Included,Included,Included,https://www.sciencedirect.com/science/journal/09565221
Schizophrenia Research,0920-9964,9209964,5080,Active,,Included,Included,Included,Included,https://www.sciencedirect.com/science/journal/09209964
Science Bulletin,2095-9273,20959273,18374,Active,,Included,Included,Included,Included,https://www.sciencedirect.com/science/journal/20959273
Science of Computer Programming,0167-6423,1676423,5310,Active,,Included,Included,Included,Included,https://www.sciencedirect.com/science/journal/01676423
Science & Justice,1355-0306,13550306,8074,Active,Formerly known as Journal Forensic Science Society,Included,Included,Included,Included,https://www.sciencedirect.com/science/journal/13550306
Science & Sports,0765-1597,7651597,9065,Active,,Included,Included,Included,Included,https://www.sciencedirect.com/science/journal/07651597
Science of The Total Environment,0048-9697,489697,5127,Active,,Included,Included,Included,Included,https://www.sciencedirect.com/science/journal/00489697
Scientia Horticulturae,0304-4238,3044238,5128,Active,,Included,Included,Included,Included,https://www.sciencedirect.com/science/journal/03044238
Screening,0925-6164,9256164,8014,Incorporated,Incorporated into Early Human Development,Included,Included,Included,Included,https://www.sciencedirect.com/science/journal/09256164
Scripta Materialia,1359-6462,13596462,222,Active,Formerly known as Scripta Metallurgica et Materialia; Incorporating Nanostructured Materials,Included,Included,Included,Included,https://www.sciencedirect.com/science/journal/13596462
Scripta Metallurgica et Materialia,0956-716X,0956716X,222,Changed Name,Formerly known as Scripta Metallurgica; Continued as Scripta Materialia,Included,Included,Included,Included,https://www.sciencedirect.com/science/journal/0956716X
Sedimentary Geology,0037-0738,370738,5360,Active,,Included,Included,Included,Included,https://www.sciencedirect.com/science/journal/00370738
Seizure,1059-1311,10591311,12685,Active,,Included,Included,Included,Included,https://www.sciencedirect.com/science/journal/10591311
"Seminars in Anesthesia, Perioperative Medicine and Pain",0277-0326,2770326,13066,Incorporated,Incorporated into Journal of Critical Care,Included,Included,Included,Included,https://www.sciencedirect.com/science/journal/02770326
Seminars in Arthritis and Rheumatism,0049-0172,490172,13201,Active,,Included,Included,Included,Included,https://www.sciencedirect.com/science/journal/00490172
Seminars in Avian and Exotic Pet Medicine,1055-937X,1055937X,13003,Changed Name,Continued as Journal of Exotic Pet Medicine,Included,Included,Included,Included,https://www.sciencedirect.com/science/journal/1055937X
Seminars in Cancer Biology,1044-579X,1044579X,12679,Active,,Included,Included,Included,Included,https://www.sciencedirect.com/science/journal/1044579X
Seminars in Cell Biology,1043-4682,10434682,12675,Changed Name,Continued as Seminars in Cell & Developmental Biology,Included,Included,Included,Included,https://www.sciencedirect.com/science/journal/10434682
Seminars in Cell & Developmental Biology,1084-9521,10849521,12675,Active,Formerly known as Seminars in Cell Biology; Incorporating Seminars in Developmental Biology,Included,Included,Included,Included,https://www.sciencedirect.com/science/journal/10849521
Seminars in Cerebrovascular Diseases and Stroke,1528-9931,15289931,13320,Discontinued,Title discontinued as of 2006,Included,Included,Included,Included,https://www.sciencedirect.com/science/journal/15289931
Seminars in Colon and Rectal Surgery,1043-1489,10431489,13111,Active,,Included,Included,Included,Included,https://www.sciencedirect.com/science/journal/10431489
Seminars in Developmental Biology,1044-5781,10445781,12675,Incorporated,Incorporated into Seminars in Cell & Developmental Biology,Included,Included,Included,Included,https://www.sciencedirect.com/science/journal/10445781
Seminars in Fetal and Neonatal Medicine,1744-165X,1744165X,12700,Active,Formerly known as Seminars in Neonatology,Included,Included,Included,Included,https://www.sciencedirect.com/science/journal/1744165X
Seminars in Immunology,1044-5323,10445323,12678,Active,,Included,Included,Included,Included,https://www.sciencedirect.com/science/journal/10445323
Seminars in Arthroplasty: JSES,1045-4527,10454527,13115,Active,,Included,Included,Included,Included,https://www.sciencedirect.com/science/journal/10454527
Seminars in Integrative Medicine,1543-1150,15431150,13346,Discontinued,Title discontinued as of 2006,Included,Included,Included,Included,https://www.sciencedirect.com/science/journal/15431150
Seminars in Neonatology,1084-2756,10842756,12700,Changed Name,Continued as Seminars in Fetal and Neonatal Medicine,Included,Included,Included,Included,https://www.sciencedirect.com/science/journal/10842756
Seminars in Neuroscience,1044-5765,10445765,0,Discontinued,Title discontinued as of 1998,Included,Included,Included,Included,https://www.sciencedirect.com/science/journal/10445765
Seminars in Nuclear Medicine,0001-2998,12998,13092,Active,,Included,Included,Included,Included,https://www.sciencedirect.com/science/journal/00012998
Seminars in Oncology Nursing,0749-2081,7492081,13186,Active,,Included,Included,Included,Included,https://www.sciencedirect.com/science/journal/07492081
Seminars in Orthodontics,1073-8746,10738746,13031,Active,,Included,Included,Included,Included,https://www.sciencedirect.com/science/journal/10738746
Seminars in Pain Medicine,1537-5897,15375897,13118,Discontinued,Title discontinued as of 2006,Included,Included,Included,Included,https://www.sciencedirect.com/science/journal/15375897
Seminars in Pediatric Infectious Diseases,1045-1870,10451870,13259,Discontinued,Title discontinued as of 2007,Included,Included,Included,Included,https://www.sciencedirect.com/science/journal/10451870
Seminars in Pediatric Neurology,1071-9091,10719091,13314,Active,,Included,Included,Included,Included,https://www.sciencedirect.com/science/journal/10719091
Seminars in Pediatric Surgery,1055-8586,10558586,13119,Active,,Included,Included,Included,Included,https://www.sciencedirect.com/science/journal/10558586
Seminars in Perinatology,0146-0005,1460005,13267,Active,,Included,Included,Included,Included,https://www.sciencedirect.com/science/journal/01460005
Seminars in Radiation Oncology,1053-4296,10534296,13318,Active,,Included,Included,Included,Included,https://www.sciencedirect.com/science/journal/10534296
Seminars in Roentgenology,0037-198X,0037198X,13108,Active,,Included,Included,Included,Included,https://www.sciencedirect.com/science/journal/0037198X
Seminars in Spine Surgery,1040-7383,10407383,13116,Active,,Included,Included,Included,Included,https://www.sciencedirect.com/science/journal/10407383
Seminars in Thoracic and Cardiovascular Surgery,1043-0679,10430679,13053,Active,,Included,Included,Included,Included,https://www.sciencedirect.com/science/journal/10430679
Seminars in Thoracic and Cardiovascular Surgery: Pediatric Cardiac Surgery Annual,1092-9126,10929126,13120,Active,,Included,Included,Included,Included,https://www.sciencedirect.com/science/journal/10929126
"Seminars in Ultrasound, CT and MRI",0887-2171,8872171,13129,Active,,Included,Included,Included,Included,https://www.sciencedirect.com/science/journal/08872171
Seminars in Vascular Surgery,0895-7967,8957967,13131,Active,,Included,Included,Included,Included,https://www.sciencedirect.com/science/journal/08957967
Seminars in Virology,1044-5773,10445773,0,Discontinued,Title discontinued as of 1998,Included,Included,Included,Included,https://www.sciencedirect.com/science/journal/10445773
Sensors and Actuators A: Physical,0924-4247,9244247,6033,Active,Formerly part of Sensors and Actuators,Included,Included,Included,Included,https://www.sciencedirect.com/science/journal/09244247
Sensors and Actuators B: Chemical,0925-4005,9254005,6034,Active,Formerly part of Sensors and Actuators,Included,Included,Included,Included,https://www.sciencedirect.com/science/journal/09254005
Separation and Purification Technology,1383-5866,13835866,8054,Active,Incorporating Gas Separation & Purification and Separations Technology,Included,Included,Included,Included,https://www.sciencedirect.com/science/journal/13835866
Separations Technology,0956-9618,9569618,8054,Incorporated,Incorporated into Separation and Purification Technology,Included,Included,Included,Included,https://www.sciencedirect.com/science/journal/09569618
Serodiagnosis and Immunotherapy in Infectious Disease,0888-0786,8880786,5081,Changed Name,Continued as Opportunistic Pathogens,Included,Included,Included,Included,https://www.sciencedirect.com/science/journal/08880786
Sexual & Reproductive Healthcare,1877-5756,18775756,8675,Active,,Included,Included,Included,Included,https://www.sciencedirect.com/science/journal/18775756
Signal Processing,0165-1684,1651684,5311,Active,,Included,Included,Included,Included,https://www.sciencedirect.com/science/journal/01651684
Signal Processing: Image Communication,0923-5965,9235965,5312,Active,,Included,Included,Included,Included,https://www.sciencedirect.com/science/journal/09235965
Simulation Modelling Practice and Theory,1569-190X,1569190X,5314,Active,Formerly known as Simulation Practice and Theory,Included,Included,Included,Included,https://www.sciencedirect.com/science/journal/1569190X
Simulation Practice and Theory,0928-4869,9284869,5314,Changed Name,Continued as Simulation Modelling Practice and Theory,Included,Included,Included,Included,https://www.sciencedirect.com/science/journal/09284869
Slavic Literatures,2950-3965,29503965,5418,Active,,,Included,Included,Included,https://www.sciencedirect.com/science/journal/29503965
Sleep Health,2352-7218,23527218,18790,Active,,Included,Included,Included,Included,https://www.sciencedirect.com/science/journal/23527218
Sleep Medicine,1389-9457,13899457,5557,Active,,Included,Included,Included,Included,https://www.sciencedirect.com/science/journal/13899457
Sleep Medicine Reviews,1087-0792,10870792,12705,Active,,Included,Included,Included,Included,https://www.sciencedirect.com/science/journal/10870792
Small Ruminant Research,0921-4488,9214488,5129,Active,,Included,Included,Included,Included,https://www.sciencedirect.com/science/journal/09214488
Smart Health,2352-6483,23526483,18861,Active,,Included,Included,Included,Included,https://www.sciencedirect.com/science/journal/23526483
Smart Materials Bulletin,1471-3918,14713918,2275,Discontinued,Title discontinued as of 2003,Included,Included,Included,Included,https://www.sciencedirect.com/science/journal/14713918
Social Networks,0378-8733,3788733,5421,Active,,Included,Included,Included,Included,https://www.sciencedirect.com/science/journal/03788733
Social Science & Medicine,0277-9536,2779536,315,Active,"Incorporating Social Science & Medicine. Part A: Medical Psychology & Medical Sociology, Social Science & Medicine. Part B: Medical Anthropology, Social Science & Medicine. Part C: Medical Economics, Social Science & Medicine. Part D: Medical Geography, S",Included,Included,Included,Included,https://www.sciencedirect.com/science/journal/02779536
Social Science Research,0049-089X,0049089X,12113,Active,,Included,Included,Included,Included,https://www.sciencedirect.com/science/journal/0049089X
Socio-Economic Planning Sciences,0038-0121,380121,317,Active,,Included,Included,Included,Included,https://www.sciencedirect.com/science/journal/00380121
Soil Biology and Biochemistry,0038-0717,380717,332,Active,,Included,Included,Included,Included,https://www.sciencedirect.com/science/journal/00380717
Soil Dynamics and Earthquake Engineering,0267-7261,2677261,2056,Active,Formerly known as International Journal of Soil Dynamics and Earthquake Engineering,Included,Included,Included,Included,https://www.sciencedirect.com/science/journal/02677261
Soil Technology,0933-3630,9333630,5130,Incorporated,Incorporated into Soil and Tillage Research,Included,Included,Included,Included,https://www.sciencedirect.com/science/journal/09333630
Soil and Tillage Research,0167-1987,1671987,5130,Active,Incorporating Soil Technology,Included,Included,Included,Included,https://www.sciencedirect.com/science/journal/01671987
Solar Energy,0038-092X,0038092X,329,Active,,Included,Included,Included,Included,https://www.sciencedirect.com/science/journal/0038092X
Solar Energy Materials and Solar Cells,0927-0248,9270248,5315,Active,Incorporating Solar Cells and Solar Energy Materials,Included,Included,Included,Included,https://www.sciencedirect.com/science/journal/09270248
Solid State Communications,0038-1098,381098,230,Active,,Included,Included,Included,Included,https://www.sciencedirect.com/science/journal/00381098
Solid-State Electronics,0038-1101,381101,103,Active,,Included,Included,Included,Included,https://www.sciencedirect.com/science/journal/00381101
Solid State Ionics,0167-2738,1672738,5240,Active,,Included,Included,Included,Included,https://www.sciencedirect.com/science/journal/01672738
Solid State Nuclear Magnetic Resonance,0926-2040,9262040,12878,Active,,Included,Included,Included,Included,https://www.sciencedirect.com/science/journal/09262040
Solid State Sciences,1293-2558,12932558,9067,Active,Formerly known as European Journal of Solid State and Inorganic Chemistry; Incorporating International Journal of Inorganic Materials,Included,Included,Included,Included,https://www.sciencedirect.com/science/journal/12932558
South African Journal of Botany,0254-6299,2546299,6067,Active,,Included,Included,Included,Included,https://www.sciencedirect.com/science/journal/02546299
Space Policy,0265-9646,2659646,3081,Active,,Included,Included,Included,Included,https://www.sciencedirect.com/science/journal/02659646
Space Research Today,1752-9298,17529298,587,Discontinued,Formerly known as COSPAR Information Bulletin; Title discontinued as of 2023,Included,Included,Included,Included,https://www.sciencedirect.com/science/journal/17529298
Spanish Journal of Legal Medicine,2445-4249,24454249,16436,Active,,Included,Included,Included,Included,https://www.sciencedirect.com/science/journal/24454249
Spanish Journal of Psychiatry and Mental Health,2950-2853,29502853,15757,Active,,,Included,Included,Included,https://www.sciencedirect.com/science/journal/29502853
Spatial and Spatio-temporal Epidemiology,1877-5845,18775845,5630,Active,,Included,Included,Included,Included,https://www.sciencedirect.com/science/journal/18775845
Spatial Statistics,2211-6753,22116753,10088,Active,,Included,Included,Included,Included,https://www.sciencedirect.com/science/journal/22116753
Spectrochimica Acta Part A: Molecular and Biomolecular Spectroscopy,1386-1425,13861425,5184,Active,Formerly known as Spectrochimica Acta Part A: Molecular Spectroscopy,Included,Included,Included,Included,https://www.sciencedirect.com/science/journal/13861425
Spectrochimica Acta Part B: Atomic Spectroscopy,0584-8547,5848547,5185,Active,Formerly part of Spectrochimica Acta,Included,Included,Included,Included,https://www.sciencedirect.com/science/journal/05848547
Speech Communication,0167-6393,1676393,5316,Active,,Included,Included,Included,Included,https://www.sciencedirect.com/science/journal/01676393
Spill Science & Technology Bulletin,1353-2561,13532561,147,Discontinued,Title discontinued as of 2004,Included,Included,Included,Included,https://www.sciencedirect.com/science/journal/13532561
The Spine Journal,1529-9430,15299430,7760,Active,,Included,Included,Included,Included,https://www.sciencedirect.com/science/journal/15299430
Sports Economics Review,2773-1618,27731618,31448,Active,,Included,Included,Included,Included,https://www.sciencedirect.com/science/journal/27731618
Sports Orthopaedics and Traumatology,0949-328X,0949328X,10055,Active,,Included,Included,Included,Included,https://www.sciencedirect.com/science/journal/0949328X
Statistical Methodology,1572-3127,15723127,5495,Discontinued,Title discontinued as of 2017,Included,Included,Included,Included,https://www.sciencedirect.com/science/journal/15723127
Statistics & Probability Letters,0167-7152,1677152,5422,Active,,Included,Included,Included,Included,https://www.sciencedirect.com/science/journal/01677152
Steroids,0039-128X,0039128X,7764,Active,,Included,Included,Included,Included,https://www.sciencedirect.com/science/journal/0039128X
Stochastic Processes and their Applications,0304-4149,3044149,5423,Active,,Included,Included,Included,Included,https://www.sciencedirect.com/science/journal/03044149
Strategic Business Research,3051-0643,30510643,32145,Active,,,,,Included,https://www.sciencedirect.com/science/journal/30510643
Structural Change and Economic Dynamics,0954-349X,0954349X,5424,Active,,Included,Included,Included,Included,https://www.sciencedirect.com/science/journal/0954349X
Structural Safety,0167-4730,1674730,5425,Active,,Included,Included,Included,Included,https://www.sciencedirect.com/science/journal/01674730
Structures,2352-0124,23520124,17739,Active,,Included,Included,Included,Included,https://www.sciencedirect.com/science/journal/23520124
Studies in Educational Evaluation,0191-491X,0191491X,497,Active,,Included,Included,Included,Included,https://www.sciencedirect.com/science/journal/0191491X
Studies in History and Philosophy of Science,0039-3681,393681,154,Active,,Included,Included,Included,Included,https://www.sciencedirect.com/science/journal/00393681
Studies in History and Philosophy of Science Part B: Studies in History and Philosophy of Modern Physics,1355-2198,13552198,153,Discontinued,Title discontinued as of 2021,Included,Included,Included,Included,https://www.sciencedirect.com/science/journal/13552198
Studies in History and Philosophy of Science Part C: Studies in History and Philosophy of Biological and Biomedical Sciences,1369-8486,13698486,1023,Discontinued,Title discontinued as of 2021,Included,Included,Included,Included,https://www.sciencedirect.com/science/journal/13698486
Supportive Cancer Therapy,1543-2912,15432912,13461,Discontinued,Title discontinued as of 2008,Included,Included,Included,Included,https://www.sciencedirect.com/science/journal/15432912
Supramolecular Science,0968-5677,9685677,6028,Incorporated,Incorporated into Materials Science and Engineering: C,Included,Included,Included,Included,https://www.sciencedirect.com/science/journal/09685677
Surface and Coatings Technology,0257-8972,2578972,6035,Active,Formerly known as Surface Technology,Included,Included,Included,Included,https://www.sciencedirect.com/science/journal/02578972
Surface Science,0039-6028,396028,5241,Active,Incorporating Surface Science Letters,Included,Included,Included,Included,https://www.sciencedirect.com/science/journal/00396028
Surface Science Reports,0167-5729,1675729,5243,Active,,Included,Included,Included,Included,https://www.sciencedirect.com/science/journal/01675729
Surfaces and Interfaces,2468-0230,24680230,18319,Active,,Included,Included,Included,Included,https://www.sciencedirect.com/science/journal/24680230
The Surgeon,1479-666X,1479666X,5638,Active,,Included,Included,Included,Included,https://www.sciencedirect.com/science/journal/1479666X
Surgery,0039-6060,396060,13087,Active,,Included,Included,Included,Included,https://www.sciencedirect.com/science/journal/00396060
Surgery (Oxford),0263-9319,2639319,4260,Active,,Included,Included,Included,Included,https://www.sciencedirect.com/science/journal/02639319
Surgical Neurology,0090-3019,903019,7765,Changed Name,Continued as World Neurosurgery,Included,Included,Included,Included,https://www.sciencedirect.com/science/journal/00903019
Surgical Oncology,0960-7404,9607404,2212,Active,,Included,Included,Included,Included,https://www.sciencedirect.com/science/journal/09607404
Survey of Ophthalmology,0039-6257,396257,7767,Active,,Included,Included,Included,Included,https://www.sciencedirect.com/science/journal/00396257
Surveys in Operations Research and Management Science,1876-7354,18767354,300,Incorporated,Formerly known as Handbooks in Operations Research and Management Science; Incorporated into Computers & Operations Research;,Included,Included,Included,Included,https://www.sciencedirect.com/science/journal/18767354
Sustainability of Water Quality and Ecology,2212-6139,22126139,10101,Discontinued,Title discontinued as of 2018,Included,Included,Included,Included,https://www.sciencedirect.com/science/journal/22126139
Sustainable Chemistry One World,2950-3574,29503574,31758,Active,,,Included,Included,Included,https://www.sciencedirect.com/science/journal/29503574
Sustainable Chemistry and Pharmacy,2352-5541,23525541,18096,Active,,Included,Included,Included,Included,https://www.sciencedirect.com/science/journal/23525541
Sustainable Cities and Society,2210-6707,22106707,12903,Active,,Included,Included,Included,Included,https://www.sciencedirect.com/science/journal/22106707
Sustainable Computing: Informatics and Systems,2210-5379,22105379,12935,Active,,Included,Included,Included,Included,https://www.sciencedirect.com/science/journal/22105379
"Sustainable Energy, Grids and Networks",2352-4677,23524677,18074,Active,,Included,Included,Included,Included,https://www.sciencedirect.com/science/journal/23524677
Sustainable Energy Technologies and Assessments,2213-1388,22131388,10125,Active,,Included,Included,Included,Included,https://www.sciencedirect.com/science/journal/22131388
Sustainable Materials and Technologies,2214-9937,22149937,17064,Active,,Included,Included,Included,Included,https://www.sciencedirect.com/science/journal/22149937
Sustainable Production and Consumption,2352-5509,23525509,18140,Active,,Included,Included,Included,Included,https://www.sciencedirect.com/science/journal/23525509
Swarm and Evolutionary Computation,2210-6502,22106502,8724,Active,,Included,Included,Included,Included,https://www.sciencedirect.com/science/journal/22106502
Symposium (International) on Combustion,0082-0784,820784,4068,Changed Name,"Formerly known as Symposium on Combustion and Flame, and Explosion Phenomena; Continued as Proceedings of the Combustion Institute",Included,Included,Included,Included,https://www.sciencedirect.com/science/journal/00820784
Synergy,2213-7130,22137130,10079,Discontinued,Title discontinued as of 2021,Included,Included,Included,Included,https://www.sciencedirect.com/science/journal/22137130
Synthetic Metals,0379-6779,3796779,6036,Active,,Included,Included,Included,Included,https://www.sciencedirect.com/science/journal/03796779
System,0346-251X,0346251X,335,Active,,Included,Included,Included,Included,https://www.sciencedirect.com/science/journal/0346251X
Systematic and Applied Microbiology,0723-2020,7232020,10022,Active,"Formerly known as Zentralblatt für Bakteriologie Mikrobiologie und Hygiene: I. Abt. Originale C: Allgemeine, angewandte und ökologische Mikrobiologie",Included,Included,Included,Included,https://www.sciencedirect.com/science/journal/07232020
Systems & Control Letters,0167-6911,1676911,5427,Active,,Included,Included,Included,Included,https://www.sciencedirect.com/science/journal/01676911
Systems Engineering – Theory & Practice,1874-8651,18748651,8642,Discontinued,Title discontinued as of 2010,Included,Included,Included,Included,https://www.sciencedirect.com/science/journal/18748651
Talanta,0039-9140,399140,5187,Active,,Included,Included,Included,Included,https://www.sciencedirect.com/science/journal/00399140
TARGETS,1477-3627,14773627,2168,Changed Name,Continued as Drug Discovery Today: TARGETS,Included,Included,Included,Included,https://www.sciencedirect.com/science/journal/14773627
Teaching and Learning in Nursing,1557-3087,15573087,13405,Active,,Included,Included,Included,Included,https://www.sciencedirect.com/science/journal/15573087
Teaching and Teacher Education,0742-051X,0742051X,224,Active,,Included,Included,Included,Included,https://www.sciencedirect.com/science/journal/0742051X
Techniques in Gastrointestinal Endoscopy,1096-2883,10962883,13268,Changed Name,Continued as Techniques and Innovations in Gastrointestinal Endoscopy,Included,Included,Included,Included,https://www.sciencedirect.com/science/journal/10962883
Techniques and Innovations in Gastrointestinal Endoscopy,2590-0307,25900307,13268,Active,Formerly known as Techniques in Gastrointestinal Endoscopy,Included,Included,Included,Included,https://www.sciencedirect.com/science/journal/25900307
Techniques in Regional Anesthesia and Pain Management,1084-208X,1084208X,13109,Discontinued,Title discontinued as of 2016,Included,Included,Included,Included,https://www.sciencedirect.com/science/journal/1084208X
Techniques in Vascular and Interventional Radiology,1089-2516,10892516,13126,Active,,Included,Included,Included,Included,https://www.sciencedirect.com/science/journal/10892516
Technological Forecasting and Social Change,0040-1625,401625,7771,Active,Formerly known as Technological Forecasting,Included,Included,Included,Included,https://www.sciencedirect.com/science/journal/00401625
Technology in Society,0160-791X,0160791X,384,Active,,Included,Included,Included,Included,https://www.sciencedirect.com/science/journal/0160791X
Technovation,0166-4972,1664972,2109,Active,,Included,Included,Included,Included,https://www.sciencedirect.com/science/journal/01664972
Tectonophysics,0040-1951,401951,5361,Active,,Included,Included,Included,Included,https://www.sciencedirect.com/science/journal/00401951
Telecommunications Policy,0308-5961,3085961,3083,Active,,Included,Included,Included,Included,https://www.sciencedirect.com/science/journal/03085961
Telematics and Informatics,0736-5853,7365853,703,Active,,Included,Included,Included,Included,https://www.sciencedirect.com/science/journal/07365853
Tetrahedron,0040-4020,404020,942,Active,,Included,Included,Included,Included,https://www.sciencedirect.com/science/journal/00404020
Tetrahedron: Asymmetry,0957-4166,9574166,937,Discontinued,Title discontinued as of 2018,Included,Included,Included,Included,https://www.sciencedirect.com/science/journal/09574166
Tetrahedron Letters,0040-4039,404039,233,Active,,Included,Included,Included,Included,https://www.sciencedirect.com/science/journal/00404039
Theoretical and Applied Fracture Mechanics,0167-8442,1678442,5245,Active,,Included,Included,Included,Included,https://www.sciencedirect.com/science/journal/01678442
Theoretical Computer Science,0304-3975,3043975,5317,Active,,Included,Included,Included,Included,https://www.sciencedirect.com/science/journal/03043975
Theoretical Population Biology,0040-5809,405809,12117,Active,,Included,Included,Included,Included,https://www.sciencedirect.com/science/journal/00405809
Theriogenology,0093-691X,0093691X,7774,Active,,Included,Included,Included,Included,https://www.sciencedirect.com/science/journal/0093691X
Thermal Advances,3050-4635,30504635,31962,Active,,,,Included,Included,https://www.sciencedirect.com/science/journal/30504635
Thermal Science and Engineering Progress,2451-9049,24519049,18308,Active,,Included,Included,Included,Included,https://www.sciencedirect.com/science/journal/24519049
Thermochimica Acta,0040-6031,406031,5188,Active,,Included,Included,Included,Included,https://www.sciencedirect.com/science/journal/00406031
Thin Solid Films,0040-6090,406090,6037,Active,,Included,Included,Included,Included,https://www.sciencedirect.com/science/journal/00406090
Thin-Walled Structures,0263-8231,2638231,2057,Active,,Included,Included,Included,Included,https://www.sciencedirect.com/science/journal/02638231
Thinking Skills and Creativity,1871-1871,18711871,4240,Active,,Included,Included,Included,Included,https://www.sciencedirect.com/science/journal/18711871
Thrombosis Research,0049-3848,493848,369,Active,,Included,Included,Included,Included,https://www.sciencedirect.com/science/journal/00493848
Ticks and Tick-borne Diseases,1877-959X,1877959X,10065,Active,,Included,Included,Included,Included,https://www.sciencedirect.com/science/journal/1877959X
Tissue and Cell,0040-8166,408166,12722,Active,,Included,Included,Included,Included,https://www.sciencedirect.com/science/journal/00408166
Topics in Companion Animal Medicine,1938-9736,19389736,13039,Active,Formerly known as Clinical Techniques in Small Animal Practice,Included,Included,Included,Included,https://www.sciencedirect.com/science/journal/19389736
Topology,0040-9383,409383,261,Discontinued,Title discontinued as of 2012,Included,Included,Included,Included,https://www.sciencedirect.com/science/journal/00409383
Topology and its Applications,0166-8641,1668641,5319,Active,Formerly known as General Topology and its Applications,Included,Included,Included,Included,https://www.sciencedirect.com/science/journal/01668641
Total Chemistry,3050-581X,3050581X,32033,Active,,,,,included,https://www.sciencedirect.com/science/journal/3050581X
Total Environment Advances,2950-3957,29503957,31350,Active,,,Included,Included,Included,https://www.sciencedirect.com/science/journal/29503957
Total Environment Engineering,2950-631X,2950631X,31842,Active,,,,,Included,https://www.sciencedirect.com/science/journal/2950631X
Tourism Management,0261-5177,2615177,3084,Active,Formerly known as International Journal of Tourism Management,Included,Included,Included,Included,https://www.sciencedirect.com/science/journal/02615177
Tourism Management Perspectives,2211-9736,22119736,12984,Active,,Included,Included,Included,Included,https://www.sciencedirect.com/science/journal/22119736
Toxicology,0300-483X,0300483X,8056,Active,,Included,Included,Included,Included,https://www.sciencedirect.com/science/journal/0300483X
Toxicology and Applied Pharmacology,0041-008X,0041008X,12116,Active,,Included,Included,Included,Included,https://www.sciencedirect.com/science/journal/0041008X
Toxicology Letters,0378-4274,3784274,8057,Active,,Included,Included,Included,Included,https://www.sciencedirect.com/science/journal/03784274
Toxicology in Vitro,0887-2333,8872333,800,Active,,Included,Included,Included,Included,https://www.sciencedirect.com/science/journal/08872333
Toxicon,0041-0101,410101,259,Active,,Included,Included,Included,Included,https://www.sciencedirect.com/science/journal/00410101
TrAC Trends in Analytical Chemistry,0165-9936,1659936,5189,Active,,Included,Included,Included,Included,https://www.sciencedirect.com/science/journal/01659936
Transactions of Nonferrous Metals Society of China,1003-6326,10036326,4253,Active,,Included,Included,Included,Included,https://www.sciencedirect.com/science/journal/10036326
Transfusion and Apheresis Science,1473-0502,14730502,864,Active,Formerly known as Transfusion Science,Included,Included,Included,Included,https://www.sciencedirect.com/science/journal/14730502
Transfusion Clinique et Biologique,1246-7820,12467820,9068,Active,Formerly known as Revue Française de Transfusion et d'Hémobiologie,Included,Included,Included,Included,https://www.sciencedirect.com/science/journal/12467820
Transfusion Medicine Reviews,0887-7963,8877963,13325,Active,,Included,Included,Included,Included,https://www.sciencedirect.com/science/journal/08877963
Transfusion Science,0955-3886,9553886,864,Changed Name,Formerly known as Plasma Therapy and Transfusion Technology; Continued as Transfusion and Apheresis Science,Included,Included,Included,Included,https://www.sciencedirect.com/science/journal/09553886
Translational Research,1931-5244,19315244,13243,Active,Formerly known as Journal of Laboratory and Clinical Medicine,Included,Included,Included,Included,https://www.sciencedirect.com/science/journal/19315244
Transplant Immunology,0966-3274,9663274,5560,Active,,Included,Included,Included,Included,https://www.sciencedirect.com/science/journal/09663274
Transplantation and Cellular Therapy,2666-6367,26666367,13342,Active,,Included,Included,Included,Included,https://www.sciencedirect.com/science/journal/26666367
Transplantation Proceedings,0041-1345,411345,7002,Active,,Included,Included,Included,Included,https://www.sciencedirect.com/science/journal/00411345
Transplantation Reviews,0955-470X,0955470X,13125,Active,,Included,Included,Included,Included,https://www.sciencedirect.com/science/journal/0955470X
Transport Policy,0967-070X,0967070X,3085,Active,,Included,Included,Included,Included,https://www.sciencedirect.com/science/journal/0967070X
Transportation Geotechnics,2214-3912,22143912,17026,Active,,Included,Included,Included,Included,https://www.sciencedirect.com/science/journal/22143912
Transportation Research Part A: Policy and Practice,0965-8564,9658564,547,Active,Formerly known as Transportation Research Part A: General,Included,Included,Included,Included,https://www.sciencedirect.com/science/journal/09658564
Transportation Research Part B: Methodological,0191-2615,1912615,548,Active,Formerly part of Transportation Research,Included,Included,Included,Included,https://www.sciencedirect.com/science/journal/01912615
Transportation Research Part C: Emerging Technologies,0968-090X,0968090X,130,Active,,Included,Included,Included,Included,https://www.sciencedirect.com/science/journal/0968090X
Transportation Research Part D: Transport and Environment,1361-9209,13619209,171,Active,,Included,Included,Included,Included,https://www.sciencedirect.com/science/journal/13619209
Transportation Research Part E: Logistics and Transportation Review,1366-5545,13665545,1012,Active,,Included,Included,Included,Included,https://www.sciencedirect.com/science/journal/13665545
Transportation Research Part F: Traffic Psychology and Behaviour,1369-8478,13698478,1022,Active,,Included,Included,Included,Included,https://www.sciencedirect.com/science/journal/13698478
Travel Behaviour and Society,2214-367X,2214367X,17029,Active,,Included,Included,Included,Included,https://www.sciencedirect.com/science/journal/2214367X
Travel Medicine and Infectious Disease,1477-8939,14778939,4052,Active,,Included,Included,Included,Included,https://www.sciencedirect.com/science/journal/14778939
Trends in Anaesthesia and Critical Care,2210-8440,22108440,12728,Active,Formerly known as Current Anaesthesia & Critical Care,Included,Included,Included,Included,https://www.sciencedirect.com/science/journal/22108440
Trends in Biochemical Sciences,0968-0004,9680004,2115,Active,,Included,Included,Included,Included,https://www.sciencedirect.com/science/journal/09680004
Trends in Biotechnology,0167-7799,1677799,2119,Active,,Included,Included,Included,Included,https://www.sciencedirect.com/science/journal/01677799
Trends in Cardiovascular Medicine,1050-1738,10501738,7770,Active,,Included,Included,Included,Included,https://www.sciencedirect.com/science/journal/10501738
Trends in Cell Biology,0962-8924,9628924,2123,Active,,Included,Included,Included,Included,https://www.sciencedirect.com/science/journal/09628924
Trends in Cognitive Sciences,1364-6613,13646613,2201,Active,,Included,Included,Included,Included,https://www.sciencedirect.com/science/journal/13646613
Trends in Ecology & Evolution,0169-5347,1695347,2122,Active,,Included,Included,Included,Included,https://www.sciencedirect.com/science/journal/01695347
Trends in Endocrinology & Metabolism,1043-2760,10432760,7769,Active,,Included,Included,Included,Included,https://www.sciencedirect.com/science/journal/10432760
Trends in Environmental Analytical Chemistry,2214-1588,22141588,17016,Active,,Included,Included,Included,Included,https://www.sciencedirect.com/science/journal/22141588
Trends in Food Science & Technology,0924-2244,9242244,2124,Active,,Included,Included,Included,Included,https://www.sciencedirect.com/science/journal/09242244
Trends in Genetics,0168-9525,1689525,2120,Active,,Included,Included,Included,Included,https://www.sciencedirect.com/science/journal/01689525
Trends in Immunology,1471-4906,14714906,2118,Active,Formerly known as Immunology Today,Included,Included,Included,Included,https://www.sciencedirect.com/science/journal/14714906
Trends in Microbiology,0966-842X,0966842X,2125,Active,,Included,Included,Included,Included,https://www.sciencedirect.com/science/journal/0966842X
Trends in Molecular Medicine,1471-4914,14714914,2161,Active,Formerly known as Molecular Medicine Today,Included,Included,Included,Included,https://www.sciencedirect.com/science/journal/14714914
Trends in Neuroscience and Education,2211-9493,22119493,10077,Active,,Included,Included,Included,Included,https://www.sciencedirect.com/science/journal/22119493
Trends in Neurosciences,0166-2236,1662236,2116,Active,,Included,Included,Included,Included,https://www.sciencedirect.com/science/journal/01662236
Trends in Parasitology,1471-4922,14714922,2121,Active,Formerly known as Parasitology Today,Included,Included,Included,Included,https://www.sciencedirect.com/science/journal/14714922
Trends in Pharmacological Sciences,0165-6147,1656147,2117,Active,,Included,Included,Included,Included,https://www.sciencedirect.com/science/journal/01656147
Trends in Plant Science,1360-1385,13601385,2169,Active,,Included,Included,Included,Included,https://www.sciencedirect.com/science/journal/13601385
Tribology International,0301-679X,0301679X,3086,Active,Formerly known as Tribology,Included,Included,Included,Included,https://www.sciencedirect.com/science/journal/0301679X
Tubercle and Lung Disease,0962-8479,9628479,12723,Changed Name,Formerly known as Tubercle; Continued as Tuberculosis,Included,Included,Included,Included,https://www.sciencedirect.com/science/journal/09628479
Tuberculosis,1472-9792,14729792,12723,Active,Formerly known as Tubercle and Lung Disease,Included,Included,Included,Included,https://www.sciencedirect.com/science/journal/14729792
Tunnelling and Underground Space Technology,0886-7798,8867798,799,Active,,Included,Included,Included,Included,https://www.sciencedirect.com/science/journal/08867798
Ultramicroscopy,0304-3991,3043991,5246,Active,,Included,Included,Included,Included,https://www.sciencedirect.com/science/journal/03043991
Ultrasonics,0041-624X,0041624X,5247,Active,,Included,Included,Included,Included,https://www.sciencedirect.com/science/journal/0041624X
Ultrasonics Sonochemistry,1350-4177,13504177,5248,Active,,Included,Included,Included,Included,https://www.sciencedirect.com/science/journal/13504177
Update on Cancer Therapeutics,1872-115X,1872115X,4088,Discontinued,Title discontinued as of 2010,Included,Included,Included,Included,https://www.sciencedirect.com/science/journal/1872115X
Upstream Oil and Gas Technology,2666-2604,26662604,30259,Discontinued,Discontinued as of 2024,Included,Included,Included,Included,https://www.sciencedirect.com/science/journal/26662604
Urban Climate,2212-0955,22120955,8819,Active,,Included,Included,Included,Included,https://www.sciencedirect.com/science/journal/22120955
Urban Forestry & Urban Greening,1618-8667,16188667,10015,Active,,Included,Included,Included,Included,https://www.sciencedirect.com/science/journal/16188667
Urban Water,1462-0758,14620758,1041,Discontinued,Title discontinued as of 2003,Included,Included,Included,Included,https://www.sciencedirect.com/science/journal/14620758
Urgences Médicales,0923-2524,9232524,80043,Changed Name,Continued as Médecine de Catastrophe - urgences collectives,Included,Included,Included,Included,https://www.sciencedirect.com/science/journal/09232524
Urologic Oncology: Seminars and Original Investigations,1078-1439,10781439,13326,Active,,Included,Included,Included,Included,https://www.sciencedirect.com/science/journal/10781439
Urology,0090-4295,904295,7584,Active,,Included,Included,Included,Included,https://www.sciencedirect.com/science/journal/00904295
Utilities Policy,0957-1787,9571787,3090,Active,,Included,Included,Included,Included,https://www.sciencedirect.com/science/journal/09571787
Vaccine,0264-410X,0264410X,3094,Active,,Included,Included,Included,Included,https://www.sciencedirect.com/science/journal/0264410X
Vacunas (English Edition),2445-1460,24451460,16434,Active,,Included,Included,Included,Included,https://www.sciencedirect.com/science/journal/24451460
Vacuum,0042-207X,0042207X,357,Active,,Included,Included,Included,Included,https://www.sciencedirect.com/science/journal/0042207X
Value in Health,1098-3015,10983015,12934,Active,,Included,Included,Included,Included,https://www.sciencedirect.com/science/journal/10983015
Value in Health Regional Issues,2212-1099,22121099,14112,Active,,Included,Included,Included,Included,https://www.sciencedirect.com/science/journal/22121099
Vascular Pharmacology,1537-1891,15371891,7532,Active,Formerly known as General Pharmacology: The Vascular System,Included,Included,Included,Included,https://www.sciencedirect.com/science/journal/15371891
Vehicular Communications,2214-2096,22142096,14153,Active,,Included,Included,Included,Included,https://www.sciencedirect.com/science/journal/22142096
Veterinary Immunology and Immunopathology,0165-2427,1652427,5133,Active,,Included,Included,Included,Included,https://www.sciencedirect.com/science/journal/01652427
The Veterinary Journal,1090-0233,10900233,12603,Active,Formerly known as British Veterinary Journal,Included,Included,Included,Included,https://www.sciencedirect.com/science/journal/10900233
Veterinary Microbiology,0378-1135,3781135,5134,Active,,Included,Included,Included,Included,https://www.sciencedirect.com/science/journal/03781135
Veterinary Parasitology,0304-4017,3044017,5135,Active,,Included,Included,Included,Included,https://www.sciencedirect.com/science/journal/03044017
Veterinary Parasitology: Regional Studies and Reports,2405-9390,24059390,18250,Active,,Included,Included,Included,Included,https://www.sciencedirect.com/science/journal/24059390
Vibrational Spectroscopy,0924-2031,9242031,5190,Active,,Included,Included,Included,Included,https://www.sciencedirect.com/science/journal/09242031
Virology,0042-6822,426822,12119,Active,,Included,Included,Included,Included,https://www.sciencedirect.com/science/journal/00426822
Virus Research,0168-1702,1681702,5082,Active,,Included,Included,Included,Included,https://www.sciencedirect.com/science/journal/01681702
Vision Research,0042-6989,426989,263,Active,,Included,Included,Included,Included,https://www.sciencedirect.com/science/journal/00426989
Vistas in Astronomy,0083-6656,836656,426,Changed Name,Incorporating Astronomy Quarterly Continued as New Astronomy Reviews,Included,Included,Included,Included,https://www.sciencedirect.com/science/journal/00836656
Visual Journal of Emergency Medicine,2405-4690,24054690,18837,Active,,Included,Included,Included,Included,https://www.sciencedirect.com/science/journal/24054690
Waste Management,0956-053X,0956053X,404,Active,Formerly known as Nuclear and Chemical Waste Management,Included,Included,Included,Included,https://www.sciencedirect.com/science/journal/0956053X
Water Research,0043-1354,431354,309,Active,,Included,Included,Included,Included,https://www.sciencedirect.com/science/journal/00431354
Water Resources and Economics,2212-4284,22124284,10095,Active,,Included,Included,Included,Included,https://www.sciencedirect.com/science/journal/22124284
Water Resources and Rural Development,2212-6082,22126082,18000,Discontinued,Title discontinued as of 2018,Included,Included,Included,Included,https://www.sciencedirect.com/science/journal/22126082
Water Security,2468-3124,24683124,18344,Active,,Included,Included,Included,Included,https://www.sciencedirect.com/science/journal/24683124
Wave Motion,0165-2125,1652125,5250,Active,,Included,Included,Included,Included,https://www.sciencedirect.com/science/journal/01652125
Wear,0043-1648,431648,6038,Active,,Included,Included,Included,Included,https://www.sciencedirect.com/science/journal/00431648
Wilderness & Environmental Medicine,1080-6032,10806032,13454,Transferred,Formerly known as Journal of Wilderness Medicine; Transferred to Offenberger SAGE as of 2024;,Included,,,,https://www.sciencedirect.com/science/journal/10806032
Woman - Psychosomatic Gynaecology and Obstetrics,2213-560X,2213560X,10512,Discontinued,Title discontinued as of 2016,Included,Included,Included,Included,https://www.sciencedirect.com/science/journal/2213560X
Women and Birth,1871-5192,18715192,4262,Active,Formerly known as Australian Midwifery,Included,Included,Included,Included,https://www.sciencedirect.com/science/journal/18715192
Women's Health Issues,1049-3867,10493867,7779,Active,,Included,Included,Included,Included,https://www.sciencedirect.com/science/journal/10493867
Women's Health Medicine,1744-1870,17441870,4259,Discontinued,Title discontinued as of 2007,Included,Included,Included,Included,https://www.sciencedirect.com/science/journal/17441870
Women's Studies International Forum,0277-5395,2775395,361,Active,Formerly known as Women's Studies International Quarterly,Included,Included,Included,Included,https://www.sciencedirect.com/science/journal/02775395
World Development,0305-750X,0305750X,386,Active,,Included,Included,Included,Included,https://www.sciencedirect.com/science/journal/0305750X
World Development Perspectives,2452-2929,24522929,18291,Active,,Included,Included,Included,Included,https://www.sciencedirect.com/science/journal/24522929
World Journal of Acupuncture - Moxibustion,1003-5257,10035257,10105,Active,,Included,,,,https://www.sciencedirect.com/science/journal/10035257
World Neurosurgery,1878-8750,18788750,7765,Active,Formerly known as Surgical Neurology,Included,Included,Included,Included,https://www.sciencedirect.com/science/journal/18788750
World Patent Information,0172-2190,1722190,654,Active,,Included,Included,Included,Included,https://www.sciencedirect.com/science/journal/01722190
World Science and Technology,1876-3553,18763553,8666,Discontinued,Title discontinued as of 2014,Included,Included,Included,Included,https://www.sciencedirect.com/science/journal/18763553
Wound Medicine ,2213-9095,22139095,10513,Discontinued,Title discontinued as of 2021,Included,Included,Included,Included,https://www.sciencedirect.com/science/journal/22139095
Zeitschrift für ärztliche Fortbildung und Qualität im Gesundheitswesen,1431-7621,14317621,10056,Changed Name,"Continued as Zeitschrift für Evidenz, Fortbildung und Qualität im Gesundheitswesen",Included,Included,Included,Included,https://www.sciencedirect.com/science/journal/14317621
"Zeitschrift für Evidenz, Fortbildung und Qualität im Gesundheitswesen",1865-9217,18659217,10056,Active,Formerly known as Zeitschrift für ärztliche Fortbildung und Qualität im Gesundheitswesen,Included,Included,Included,Included,https://www.sciencedirect.com/science/journal/18659217
Zeitschrift für Medizinische Physik,0939-3889,9393889,10057,Active,,Included,Included,Included,Included,https://www.sciencedirect.com/science/journal/09393889
Zentralblatt für Bakteriologie,0934-8840,9348840,10025,Changed Name,"Formerly known as Zentralblatt für Bakteriologie, Mikrobiologie und Hygiene. Series A: Medical Microbiology, Infectious Diseases, Virology, Parasitology; Continued as International Journal of Medical Microbiology",Included,Included,Included,Included,https://www.sciencedirect.com/science/journal/09348840
Zeolites,0144-2449,1442449,7780,Incorporated,Incorporated into Microporous and Mesoporous Materials,Included,Included,Included,Included,https://www.sciencedirect.com/science/journal/01442449
Der Zoologische Garten,0044-5169,445169,10039,Discontinued,Title discontinued as of 2018,Included,Included,Included,Included,https://www.sciencedirect.com/science/journal/00445169
Zoologischer Anzeiger,0044-5231,445231,10016,Active,,Included,Included,Included,Included,https://www.sciencedirect.com/science/journal/00445231
Zoology,0944-2006,9442006,10003,Active,,Included,Included,Included,Included,https://www.sciencedirect.com/science/journal/09442006