#,TITULO,ESSN,ÁREA PRINCIPAL,SUB-ÁREA,LINK DE ACESSO URL,FATOR DE IMPACTO
1,Current Protocols,26911299,Life Sciences,General & Introductory Life Sciences,https://currentprotocols.onlinelibrary.wiley.com/,#N/A
2,Current Protocols in Bioinformatics,1934340X,Life Sciences,Bioinformatics,https://currentprotocols.onlinelibrary.wiley.com/,#N/A
3,Current Protocols in Cell Biology,19342616,Life Sciences,Cell Biology,https://currentprotocols.onlinelibrary.wiley.com/,#N/A
4,Current Protocols in Chemical Biology,21604762,Life Sciences,Chemical Biology,https://currentprotocols.onlinelibrary.wiley.com/,#N/A
5,Current Protocols in Cytometry,19349300,Life Sciences,Cytometry,https://currentprotocols.onlinelibrary.wiley.com/,#N/A
6,Current Protocols in Essential Laboratory Techniques,19483430,Life Sciences,Essential Laboratory Techniques,https://currentprotocols.onlinelibrary.wiley.com/,#N/A
7,Current Protocols in Human Genetics,19348258,Life Sciences,Human Genetics,https://currentprotocols.onlinelibrary.wiley.com/,#N/A
8,Current Protocols in Immunology,1934368X,Life Sciences,Immunology,https://currentprotocols.onlinelibrary.wiley.com/,#N/A
9,Current Protocols in Microbiology,19348533,Life Sciences,Microbiology,https://currentprotocols.onlinelibrary.wiley.com/,#N/A
10,Current Protocols in Molecular Biology,19343647,Life Sciences,Molecular Biology,https://currentprotocols.onlinelibrary.wiley.com/,#N/A
11,Current Protocols in Mouse Biology,21612617,Life Sciences,Mouse Biology,https://currentprotocols.onlinelibrary.wiley.com/,#N/A
12,Current Protocols in Neuroscience,19348576,Life Sciences,Neuroscience,https://currentprotocols.onlinelibrary.wiley.com/,#N/A
13,Current Protocols in Nucleic Acid Chemistry,19349289,Life Sciences,Nucleic Acid Chemistry,https://currentprotocols.onlinelibrary.wiley.com/,#N/A
14,Current Protocols in Pharmacology,19348290,Life Sciences,Pharmacology,https://currentprotocols.onlinelibrary.wiley.com/,#N/A
15,Current Protocols in Plant Biology,23798068,Life Sciences,Plant Biology,https://currentprotocols.onlinelibrary.wiley.com/,#N/A
16,Current Protocols in Protein Science,19343663,Life Sciences,Protein Science,https://currentprotocols.onlinelibrary.wiley.com/,#N/A
17,Current Protocols in Stem Cell Biology,19388969,Life Sciences,Stem Cell Biology,https://currentprotocols.onlinelibrary.wiley.com/,#N/A
18,Current Protocols in Toxicology,19349262,Life Sciences,Toxicology,https://currentprotocols.onlinelibrary.wiley.com/,#N/A
19,Abacus,14676281,"Business, Economics, Finance & Accounting",General & Introductory Accounting,https://onlinelibrary.wiley.com/journal/14676281,2.1
20,Academic Emergency Medicine,15532712,Medicine,Emergency Medicine & Trauma,https://onlinelibrary.wiley.com/journal/15532712,4.4
21,Accounting & Finance,1467629X,"Business, Economics, Finance & Accounting",General & Introductory Accounting,https://onlinelibrary.wiley.com/journal/1467629X,2.6
22,Accounting Perspectives,19113838,"Business, Economics, Finance & Accounting",Financial Accounting,https://onlinelibrary.wiley.com/journal/19113838,1.7
23,Acta Anaesthesiologica Scandinavica,13996576,Medicine,Anesthesia & Pain Management,https://onlinelibrary.wiley.com/journal/13996576,2.1
24,Acta Crystallographica Section A: Foundations and Advances,20532733,"Earth, Space & Environmental Sciences",Crystallography,https://onlinelibrary.wiley.com/journal/S20532733,1.8
25,"Acta Crystallographica Section B: Structural Science, Crystal Engineering and Materials",20525206,"Earth, Space & Environmental Sciences",Crystallography,https://onlinelibrary.wiley.com/journal/S20525192,1.9
26,Acta Crystallographica Section C: Structural Chemistry,20532296,"Earth, Space & Environmental Sciences",Crystallography,https://onlinelibrary.wiley.com/journal/S20532296,0.8
27,Acta Crystallographica Section D: Structural Biology,20597983,"Earth, Space & Environmental Sciences",Crystallography,https://onlinelibrary.wiley.com/journal/S20597983,2.2
28,Acta Crystallographica Section F: Structural Biology Communications,2053230X,"Earth, Space & Environmental Sciences",Crystallography,https://onlinelibrary.wiley.com/journal/S2053230X,0.9
29,Acta Geologica Sinica (English Edition),17556724,"Earth, Space & Environmental Sciences",General & Introductory Earth Sciences,https://onlinelibrary.wiley.com/journal/17556724,3.3
30,Acta Ophthalmologica,17553768,Medicine,Ophthalmology,https://onlinelibrary.wiley.com/journal/17553768,3.4
31,Acta Paediatrica,16512227,Medicine,Pediatrics,https://onlinelibrary.wiley.com/journal/16512227,3.8
32,Acta Physiologica,17481716,Medicine,Physiology,https://onlinelibrary.wiley.com/journal/17481716,6.4
33,Acta Psychiatrica Scandinavica,16000447,Medicine,Psychiatry,https://onlinelibrary.wiley.com/journal/16000447,6.7
34,Acta Zoologica,14636395,Life Sciences,Animal Science & Zoology,https://onlinelibrary.wiley.com/journal/14636395,1.2
35,Addiction,13600443,"Nursing, Dentistry & Healthcare",Addiction,https://onlinelibrary.wiley.com/journal/13600443,6.1
36,Advanced Biology,27010198,Life Sciences,General & Introductory Life Sciences,https://onlinelibrary.wiley.com/journal/27010198,3.7
37,Advanced Control for Applications: Engineering and Industrial Systems,25780727,Control Systems Technology,Control Systems Technology,https://onlinelibrary.wiley.com/journal/25780727,0
38,Advanced Energy Materials,16146840,Physical Sciences & Engineering,General & Introductory Materials Science,https://onlinelibrary.wiley.com/journal/16146840,27.8
39,Advanced Engineering Materials,15272648,Physical Sciences & Engineering,General & Introductory Materials Science,https://onlinelibrary.wiley.com/journal/15272648,3.6
40,Advanced Functional Materials,16163028,Physical Sciences & Engineering,General & Introductory Materials Science,https://onlinelibrary.wiley.com/journal/16163028,19
41,Advanced Healthcare Materials,21922659,Physical Sciences & Engineering,General & Introductory Materials Science,https://onlinelibrary.wiley.com/journal/21922659,10
42,Advanced Materials,15214095,Physical Sciences & Engineering,General & Introductory Materials Science,https://onlinelibrary.wiley.com/journal/15214095,29.4
43,Advanced Materials Technologies,2365709X,Physical Sciences & Engineering,General & Introductory Materials Science,https://onlinelibrary.wiley.com/journal/2365709X,6.8
44,Advanced Optical Materials,21951071,Physical Sciences & Engineering,General & Introductory Materials Science,https://onlinelibrary.wiley.com/journal/21951071,9
45,Advanced Quantum Technologies,25119044,Physical Sciences & Engineering,Quantum Physics & Field Theory,https://onlinelibrary.wiley.com/journal/25119044,4.4
46,Advanced Sustainable Systems,23667486,"Earth, Space & Environmental Sciences",General & Introductory Environmental Studies,https://onlinelibrary.wiley.com/journal/23667486,7.1
47,Advanced Synthesis & Catalysis,16154169,Chemistry,Organic Chemistry,https://onlinelibrary.wiley.com/journal/16154169,5.4
48,Advanced Theory and Simulations,25130390,Physical Sciences & Engineering,"Theory, Modeling & Simulation",https://onlinelibrary.wiley.com/journal/25130390,3.3
49,Advanced Therapeutics,23663987,Medicine,Pharmacology & Pharmaceutical Medicine,https://onlinelibrary.wiley.com/journal/23663987,4.6
50,Advances in Digestive Medicine,23519800,Medicine,Gastrointestinal Surgery,https://onlinelibrary.wiley.com/journal/23519800,0.3
51,AEM Education and Training,24725390,Medicine,Emergency Medicine & Trauma,https://onlinelibrary.wiley.com/journal/24725390,1.8
52,African Development Review,14678268,Social & Behavioral Sciences,General & Introductory Development Studies,https://onlinelibrary.wiley.com/journal/14678268,2.9
53,African Journal of Ecology,13652028,Life Sciences,Ecology & Organismal Biology,https://onlinelibrary.wiley.com/journal/13652028,1
54,Aggressive Behavior,10982337,Psychology,Brain & Behavior: Physiological Psychology,https://onlinelibrary.wiley.com/journal/10982337,2.9
55,Agribusiness,15206297,"Agriculture, Aquaculture & Food Science",Agricultural Economics & Resource Management,https://onlinelibrary.wiley.com/journal/15206297,3.2
56,Agricultural and Forest Entomology,14619563,Life Sciences,Entomology,https://onlinelibrary.wiley.com/journal/14619563,1.6
57,Agricultural Economics,15740862,"Agriculture, Aquaculture & Food Science",Agricultural Economics & Resource Management,https://onlinelibrary.wiley.com/journal/15740862,4.1
58,Agronomy Journal,14350645,"Agriculture, Aquaculture & Food Science",Crops,https://onlinelibrary.wiley.com/journal/14350645,2.1
59,AIChE Journal,15475905,Chemistry,General & Introductory Chemical Engineering,https://onlinelibrary.wiley.com/journal/15475905,3.7
60,Alcohol: Clinical and Experimental Research  (former isbn 15300277),2993-7175,Medicine,Alcoholism,https://onlinelibrary.wiley.com/journal/29937175,3
61,Alimentary Pharmacology & Therapeutics,13652036,Medicine,Gastroenterology & Hepatology,https://onlinelibrary.wiley.com/journal/13652036,7.6
62,Allergy,13989995,Medicine,Allergy & Clinical Immunology,https://onlinelibrary.wiley.com/journal/13989995,12.4
63,American Anthropologist,15481433,Social & Behavioral Sciences,General & Introductory Anthropology,https://anthrosource.onlinelibrary.wiley.com/journal/15481433,3.5
64,American Business Law Journal,17441714,Law & Criminology,Commercial Law,https://onlinelibrary.wiley.com/journal/17441714,1.2
65,American Ethnologist,15481425,Social & Behavioral Sciences,Anthropological Theory & Methods / Ethnography,https://anthrosource.onlinelibrary.wiley.com/journal/15481425,2.3
66,American Journal of Agricultural Economics,14678276,"Agriculture, Aquaculture & Food Science",Agricultural Economics & Resource Management,https://onlinelibrary.wiley.com/journal/14678276,4.2
67,American Journal of Biological Anthropology,26927691,Social & Behavioral Sciences,Biological Anthropology,https://onlinelibrary.wiley.com/journal/26927691,2.8
68,American Journal of Botany,15372197,Life Sciences,Plant Science,https://onlinelibrary.wiley.com/journal/15372197,3
69,American Journal of Community Psychology,15732770,Psychology,Psychology General,https://onlinelibrary.wiley.com/journal/15732770,3.1
70,American Journal of Hematology,10968652,Medicine,Hematology,https://onlinelibrary.wiley.com/journal/10968652,12.8
71,American Journal of Human Biology,15206300,Life Sciences,Human Biology,https://onlinelibrary.wiley.com/journal/15206300,2.9
72,American Journal of Industrial Medicine,10970274,"Nursing, Dentistry & Healthcare",Environmental & Occupational Health,https://onlinelibrary.wiley.com/journal/10970274,3.5
73,American Journal of Medical Genetics Part A,15524833,Life Sciences,Medical Genetics,https://onlinelibrary.wiley.com/journal/15524833,2
74,American Journal of Medical Genetics Part B: Neuropsychiatric Genetics,1552485X,Life Sciences,Medical Genetics,https://onlinelibrary.wiley.com/journal/1552485X,2.8
75,American Journal of Medical Genetics Part C: Seminars in Medical Genetics,15524876,Life Sciences,Medical Genetics,https://onlinelibrary.wiley.com/journal/15524876,3.1
76,American Journal of Political Science,15405907,Social & Behavioral Sciences,General & Introductory Political Science,https://onlinelibrary.wiley.com/journal/15405907,4.2
77,American Journal of Primatology,10982345,Life Sciences,Comparative Biology (Botany & Zoology),https://onlinelibrary.wiley.com/journal/10982345,2.4
78,American Journal of Reproductive Immunology,16000897,Medicine,Allergy & Clinical Immunology,https://onlinelibrary.wiley.com/journal/16000897,3.6
79,Anaesthesia,13652044,Medicine,Anesthesia & Pain Management,https://onlinelibrary.wiley.com/journal/13652044,10.7
80,Anaesthesia Reports,26373726,Medicine,Anesthesia & Pain Management,https://onlinelibrary.wiley.com/journal/26373726,1.6
81,Analyses of Social Issues and Public Policy,15302415,Psychology,Social Psychology,https://spssi.onlinelibrary.wiley.com/journal/15302415,1.5
82,Analysis & Sensing,26292742,General Chemistry,General Chemistry,https://onlinelibrary.wiley.com/journal/26292742,0
83,Analytic Philosophy,2153960X,Humanities,Analytic Philosophy,https://onlinelibrary.wiley.com/journal/2153960X,0.6
84,"Anatomia, Histologia, Embryologia",14390264,Life Sciences,Anatomy & Physiology,https://onlinelibrary.wiley.com/journal/14390264,0.9
85,Anatomical Sciences Education,19359780,Life Sciences,Anatomy & Physiology,https://onlinelibrary.wiley.com/journal/19359780,7.3
86,Andrology,20472927,Medicine,Andrology,https://onlinelibrary.wiley.com/journal/20472927,4.6
87,Angewandte Chemie,15213757,Chemistry,General Chemistry,https://onlinelibrary.wiley.com/journal/15213757,0
88,Angewandte Chemie International Edition,15213773,Chemistry,General Chemistry,https://onlinelibrary.wiley.com/journal/15213773,16.6
89,Animal Conservation,14691795,Life Sciences,Conservation Science,https://zslpublications.onlinelibrary.wiley.com/journal/14691795,3.4
90,Animal Genetics,13652052,Life Sciences,Animal Genetics,https://onlinelibrary.wiley.com/journal/13652052,2.4
91,Animal Science Journal,17400929,"Agriculture, Aquaculture & Food Science",Animal Breeding & Genetics,https://onlinelibrary.wiley.com/journal/17400929,2
92,Annalen der Physik,15213889,Physical Sciences & Engineering,General Physics,https://onlinelibrary.wiley.com/journal/15213889,2.4
93,Annals of Anthropological Practice,21539588,Social & Behavioral Sciences,North American Anthropology,https://anthrosource.onlinelibrary.wiley.com/journal/21539588,0.7
94,Annals of Applied Biology,17447348,Life Sciences,Plant Science,https://onlinelibrary.wiley.com/journal/17447348,2.6
95,Annals of Human Genetics,14691809,Life Sciences,Human Genetics,https://onlinelibrary.wiley.com/journal/14691809,1.9
96,Annals of Neurology,15318249,Medicine,Neurology,https://onlinelibrary.wiley.com/journal/15318249,11.2
97,Annals of Public and Cooperative Economics,14678292,"Business, Economics, Finance & Accounting",Public Economics,https://onlinelibrary.wiley.com/journal/14678292,1.6
98,Annals of the New York Academy of Sciences,17496632,Life Sciences,General & Introductory Life Sciences,https://nyaspubs.onlinelibrary.wiley.com/journal/17496632,5.2
99,Anthropology & Education Quarterly,15481492,Social & Behavioral Sciences,Social & Cultural Anthropology,https://anthrosource.onlinelibrary.wiley.com/journal/15481492,1.3
100,Anthropology and Humanism,15481409,Social & Behavioral Sciences,Anthropology Special Topics,https://anthrosource.onlinelibrary.wiley.com/journal/15481409,0
101,Anthropology of Consciousness,15563537,Social & Behavioral Sciences,Anthropology of Religion,https://anthrosource.onlinelibrary.wiley.com/journal/15563537,0.6
102,Anthropology of Work Review,15481417,Social & Behavioral Sciences,Economic & Political Anthropology,https://anthrosource.onlinelibrary.wiley.com/journal/15481417,1.3
103,Anthropology Today,14678322,Social & Behavioral Sciences,General & Introductory Anthropology,https://anthrosource.onlinelibrary.wiley.com/journal/14678322,1.3
104,Antipode,14678330,Social & Behavioral Sciences,General & Introductory Geography,https://onlinelibrary.wiley.com/journal/14678330,5
105,ANZ Journal of Surgery,14452197,Medicine,Surgery & Surgical Specialties,https://anzjsurg.onlinelibrary.wiley.com/journal/14452197,1.7
106,AORN Journal,18780369,"Nursing, Dentistry & Healthcare",Nursing General,https://onlinelibrary.wiley.com/journal/18780369,0.9
107,APMIS,16000463,Medicine,Immunology,https://onlinelibrary.wiley.com/journal/16000463,2.8
108,Applied Cognitive Psychology,10990720,Psychology,Cognitive Psychology,https://onlinelibrary.wiley.com/journal/10990720,2.4
109,Applied Economic Perspectives and Policy,20405804,"Agriculture, Aquaculture & Food Science",Agricultural Economics & Resource Management,https://onlinelibrary.wiley.com/journal/20405804,5.8
110,Applied Organometallic Chemistry,10990739,Chemistry,Organic Chemistry,https://onlinelibrary.wiley.com/journal/10990739,3.9
111,Applied Psychology,14640597,Psychology,Applied Psychology,https://onlinelibrary.wiley.com/journal/14640597,7.2
112,Applied Psychology: Health and Well-Being,17580854,Psychology,Applied Psychology,https://onlinelibrary.wiley.com/journal/17580854,6.9
113,Applied Research,27024288,General Chemistry,General Chemistry,https://onlinelibrary.wiley.com/journal/27024288,0
114,Applied Stochastic Models in Business and Industry,15264025,"Business, Economics, Finance & Accounting",Business Statistics & Math,https://onlinelibrary.wiley.com/journal/15264025,1.4
115,Applied Vegetation Science,1654109X,Life Sciences,Ecology & Organismal Biology,https://onlinelibrary.wiley.com/journal/1654109X,2.8
116,Aquatic Conservation: Marine and Freshwater Ecosystems,10990755,Life Sciences,Aquatic Ecology,https://onlinelibrary.wiley.com/journal/10990755,2.4
117,Arabian Archaeology and Epigraphy,16000471,Social & Behavioral Sciences,Middle & Near Eastern Archaeology,https://onlinelibrary.wiley.com/journal/16000471,0.5
118,Archaeological Papers of the American Anthropological Association,15518248,Social & Behavioral Sciences,Archaeological Methods & Theory,https://anthrosource.onlinelibrary.wiley.com/journal/15518248,0
119,Archaeological Prospection,10990763,"Earth, Space & Environmental Sciences",General & Introductory Earth Sciences,https://onlinelibrary.wiley.com/journal/10990763,1.8
120,Archaeology in Oceania,18344453,Social & Behavioral Sciences,General & Introductory Anthropology,https://onlinelibrary.wiley.com/journal/18344453,0.9
121,Archaeometry,14754754,Social & Behavioral Sciences,Archaeological Methods & Theory,https://onlinelibrary.wiley.com/journal/14754754,1.6
122,Archiv der Pharmazie,15214184,Chemistry,Pharmaceutical & Medicinal Chemistry,https://onlinelibrary.wiley.com/journal/15214184,5.1
123,Archives of Insect Biochemistry and Physiology,15206327,Life Sciences,Animal Science Methods,https://onlinelibrary.wiley.com/journal/15206327,2.2
124,Area,14754762,Social & Behavioral Sciences,General & Introductory Geography,https://onlinelibrary.wiley.com/journal/14754762,2.2
125,Arthritis & Rheumatology,23265205,Medicine,Rheumatology,https://onlinelibrary.wiley.com/journal/23265205,13.3
126,Arthritis Care & Research,21514658,Medicine,Rheumatology,https://onlinelibrary.wiley.com/journal/21514658,4.7
127,Arthroscopy,1526-3231,Medicine,Surgery & Surgical Specialties,https://onlinelibrary.wiley.com/journal/15263231,
128,Artificial Organs,15251594,Physical Sciences & Engineering,Design of Artificial Organs,https://onlinelibrary.wiley.com/journal/15251594,2.4
129,Asia Pacific Journal of Human Resources,17447941,"Business, Economics, Finance & Accounting",General & Introductory Business & Management,https://onlinelibrary.wiley.com/journal/17447941,3.2
130,Asia Pacific Viewpoint,14678373,Social & Behavioral Sciences,General & Introductory Geography,https://onlinelibrary.wiley.com/journal/14678373,2.1
131,Asia-Pacific Economic History Review,2832157X,"Business, Economics, Finance & Accounting",Economic History,https://onlinelibrary.wiley.com/journal/2832157X,0.5
132,Asia-Pacific Journal of Chemical Engineering,19322143,Chemistry,General & Introductory Chemical Engineering,https://onlinelibrary.wiley.com/journal/19322143,1.8
133,Asia-Pacific Journal of Clinical Oncology,17437563,Medicine,Oncology & Radiotherapy,https://onlinelibrary.wiley.com/journal/17437563,1.9
134,Asia-Pacific Journal of Financial Studies,20416156,"Business, Economics, Finance & Accounting",General Finance & Investments,https://onlinelibrary.wiley.com/journal/20416156,1.5
135,Asia-Pacific Psychiatry,17585872,Medicine,Psychiatry,https://onlinelibrary.wiley.com/journal/17585872,3.5
136,Asian Economic Journal,14678381,"Business, Economics, Finance & Accounting",General & Introductory Economics,https://onlinelibrary.wiley.com/journal/14678381,1.3
137,Asian Economic Policy Review,17483131,"Business, Economics, Finance & Accounting",General & Introductory Economics,https://onlinelibrary.wiley.com/journal/17483131,3.9
138,Asian Journal of Control,19346093,Physical Sciences & Engineering,Control Systems Technology,https://onlinelibrary.wiley.com/journal/19346093,2.4
139,Asian Journal of Endoscopic Surgery,17585910,Medicine,Surgery & Surgical Specialties,https://onlinelibrary.wiley.com/journal/17585910,1
140,Asian Journal of Organic Chemistry,21935815,Chemistry,Organic Chemistry,https://onlinelibrary.wiley.com/journal/21935815,2.7
141,Asian Journal of Social Psychology,1467839X,Psychology,Social Psychology,https://onlinelibrary.wiley.com/journal/1467839X,2.4
142,Asian Politics & Policy,19430787,Social & Behavioral Sciences,Asian Politics,https://onlinelibrary.wiley.com/journal/19430787,0.9
143,Asian Social Work and Policy Review,17531411,Social & Behavioral Sciences,Social Work,https://onlinelibrary.wiley.com/journal/17531411,1.2
144,Asian-Pacific Economic Literature,14678411,"Business, Economics, Finance & Accounting",General & Introductory Economics,https://onlinelibrary.wiley.com/journal/14678411,1
145,Astronomische Nachrichten,15213994,Physical Sciences & Engineering,Astronomy & Astrophysics,https://onlinelibrary.wiley.com/journal/15213994,0.9
146,Austral Ecology,14429993,Life Sciences,Ecology & Organismal Biology,https://onlinelibrary.wiley.com/journal/14429993,1.5
147,Austral Entomology,20521758,Life Sciences,Entomology,https://onlinelibrary.wiley.com/journal/20521758,1.6
148,Australasian Journal of Dermatology,14400960,Medicine,Dermatology,https://onlinelibrary.wiley.com/journal/14400960,2
149,Australasian Journal of Ultrasound in Medicine,22050140,Medicine,Radiology & Imaging,https://onlinelibrary.wiley.com/journal/22050140,0
150,Australasian Journal on Ageing,17416612,Medicine,Geriatric Medicine,https://onlinelibrary.wiley.com/journal/17416612,1.6
151,Australian & New Zealand Journal of Statistics,1467842X,Mathematics & Statistics,General & Introductory Statistics,https://onlinelibrary.wiley.com/journal/1467842X,1.1
152,Australian Accounting Review,18352561,"Business, Economics, Finance & Accounting",General & Introductory Accounting,https://onlinelibrary.wiley.com/journal/18352561,3.4
153,Australian and New Zealand Journal of Family Therapy,14678438,Psychology,Family Therapy,https://onlinelibrary.wiley.com/journal/14678438,0.7
154,Australian and New Zealand Journal of Obstetrics and Gynaecology,1479828X,Medicine,Obstetrics & Gynecology,https://obgyn.onlinelibrary.wiley.com/journal/1479828X,1.7
155,Australian Dental Journal,18347819,"Nursing, Dentistry & Healthcare",General Dentistry,https://onlinelibrary.wiley.com/journal/18347819,2.1
156,Australian Economic Papers,14678454,"Business, Economics, Finance & Accounting",General & Introductory Economics,https://onlinelibrary.wiley.com/journal/14678454,1.9
157,Australian Endodontic Journal,17474477,"Nursing, Dentistry & Healthcare",Endodontics,https://onlinelibrary.wiley.com/journal/17474477,1.6
158,Australian Journal of Politics and History,14678497,Social & Behavioral Sciences,General & Introductory Political Science,https://onlinelibrary.wiley.com/journal/14678497,0.8
159,Australian Journal of Public Administration,14678500,Social & Behavioral Sciences,General & Introductory Political Science,https://onlinelibrary.wiley.com/journal/14678500,2.2
160,Australian Journal of Rural Health,14401584,"Nursing, Dentistry & Healthcare",Health & Health Care Special Topics,https://onlinelibrary.wiley.com/journal/14401584,1.8
161,Australian Journal of Social Issues,18394655,Social & Behavioral Sciences,General & Introductory Social Policy & Welfare,https://onlinelibrary.wiley.com/journal/18394655,2.5
162,Australian Occupational Therapy Journal,14401630,"Nursing, Dentistry & Healthcare",Occupational Therapy,https://onlinelibrary.wiley.com/journal/14401630,1.8
163,Australian Veterinary Journal,17510813,Veterinary Medicine,General & Introductory Veterinary Medicine,https://onlinelibrary.wiley.com/journal/17510813,1.1
164,Autism Research,19393806,Medicine,Biological Psychiatry,https://onlinelibrary.wiley.com/journal/19393806,4.7
165,AWWA Water Science,25778161,Water Resource Management,Water Resource Management,https://onlinelibrary.wiley.com/journal/25778161,0
166,Basic & Clinical Pharmacology & Toxicology,17427843,Medicine,Pharmacology & Pharmaceutical Medicine,https://onlinelibrary.wiley.com/journal/17427843,3.1
167,Basin Research,13652117,"Earth, Space & Environmental Sciences",Geology & Geophysics,https://onlinelibrary.wiley.com/journal/13652117,3.2
168,Batteries & Supercaps,25666223,Physical Sciences & Engineering,Batteries & Fuel Cells,https://onlinelibrary.wiley.com/journal/25666223,5.7
169,Behavioral Interventions,1099078X,Psychology,Clinical Psychology,https://onlinelibrary.wiley.com/journal/1099078X,1
170,Behavioral Sciences & the Law,10990798,Psychology,Forensic Psychology,https://onlinelibrary.wiley.com/journal/10990798,1.4
171,Berichte zur Wissenschaftsgeschichte,15222365,Chemistry,Process Development,https://onlinelibrary.wiley.com/journal/15222365,0.6
172,Biochemistry and Molecular Biology Education,15393429,Life Sciences,Biochemistry,https://iubmb.onlinelibrary.wiley.com/journal/15393429,1.4
173,Bioelectromagnetics,1521186X,Physical Sciences & Engineering,Biophysics,https://onlinelibrary.wiley.com/journal/1521186X,1.9
174,BioEssays,15211878,Life Sciences,Cell & Molecular Biology,https://onlinelibrary.wiley.com/journal/15211878,4
175,Bioethics,14678519,Humanities,Bioethics & Medical Ethics,https://onlinelibrary.wiley.com/journal/14678519,2.2
176,BioFactors,18728081,Life Sciences,Biochemistry,https://iubmb.onlinelibrary.wiley.com/journal/18728081,6
177,"Biofuels, Bioproducts and Biorefining",19321031,Physical Sciences & Engineering,Bioenergy,https://onlinelibrary.wiley.com/journal/19321031,3.9
178,Biological Reviews,1469185X,Life Sciences,General & Introductory Life Sciences,https://onlinelibrary.wiley.com/journal/1469185X,10
179,Biology of the Cell,1768322X,Life Sciences,Cell & Molecular Biology,https://onlinelibrary.wiley.com/journal/1768322X,2.7
180,Biomedical Chromatography,10990801,Chemistry,Chromatography / Separation Techniques,https://onlinelibrary.wiley.com/journal/10990801,1.8
181,Biometrical Journal,15214036,Mathematics & Statistics,Biometrics,https://onlinelibrary.wiley.com/journal/15214036,1.7
182,Biopharmaceutics & Drug Disposition,1099081X,Chemistry,Drug Formulation & Delivery,https://onlinelibrary.wiley.com/journal/1099081X,2.1
183,Biopolymers,10970282,Life Sciences,Biopolymers,https://onlinelibrary.wiley.com/journal/10970282,2.9
184,Biotechnology and Applied Biochemistry,14708744,Life Sciences,Biotechnology (Life Sciences),https://iubmb.onlinelibrary.wiley.com/journal/14708744,2.8
185,Biotechnology and Bioengineering,10970290,Life Sciences,Biotechnology (Life Sciences),https://onlinelibrary.wiley.com/journal/10970290,3.8
186,Biotechnology Journal,18607314,Life Sciences,Biotechnology (Life Sciences),https://onlinelibrary.wiley.com/journal/18607314,4.7
187,Biotechnology Progress,15206033,Life Sciences,Biotechnology (Life Sciences),https://onlinelibrary.wiley.com/journal/15206033,2.9
188,Biotropica,17447429,Life Sciences,Tropical Ecology,https://onlinelibrary.wiley.com/journal/17447429,2.1
189,Bipolar Disorders,13995618,Medicine,Psychiatry,https://onlinelibrary.wiley.com/journal/13995618,5.9
190,Birth,1523536X,"Nursing, Dentistry & Healthcare",Women's Health Nursing,https://onlinelibrary.wiley.com/journal/1523536X,2.5
191,Birth Defects Research,24721727,Life Sciences,Medical Genetics,https://onlinelibrary.wiley.com/journal/24721727,2.1
192,BJOG: An International Journal of Obstetrics and Gynaecology,14710528,Medicine,Obstetrics & Gynecology,https://obgyn.onlinelibrary.wiley.com/journal/14710528,5.8
193,BJU International,1464410X,Medicine,Urology,https://onlinelibrary.wiley.com/journal/1464410X,4.5
194,British Educational Research Journal,14693518,Social & Behavioral Sciences,General & Introductory Education,https://onlinelibrary.wiley.com/journal/14693518,2.3
195,British Journal of Clinical Pharmacology,13652125,Medicine,Pharmacology & Pharmaceutical Medicine,https://bpspubs.onlinelibrary.wiley.com/journal/13652125,3.4
196,British Journal of Clinical Psychology,20448260,Psychology,Clinical Psychology,https://onlinelibrary.wiley.com/journal/20448260,3.1
197,British Journal of Developmental Psychology,2044835X,Psychology,Developmental Psychology,https://onlinelibrary.wiley.com/journal/2044835X,2.3
198,British Journal of Educational Psychology,20448279,Psychology,Educational & School Psychology,https://onlinelibrary.wiley.com/journal/20448279,3.7
199,British Journal of Educational Technology,14678535,Social & Behavioral Sciences,Technology & Education (K-12),https://onlinelibrary.wiley.com/journal/14678535,6.6
200,British Journal of Haematology,13652141,Medicine,Hematology,https://onlinelibrary.wiley.com/journal/13652141,6.5
201,British Journal of Health Psychology,20448287,Psychology,Health & Behavioral Clinical Psychology,https://onlinelibrary.wiley.com/journal/20448287,7.9
202,British Journal of Industrial Relations,14678543,"Business, Economics, Finance & Accounting",Industrial & Labor Relations,https://onlinelibrary.wiley.com/journal/14678543,2.6
203,British Journal of Learning Disabilities,14683156,"Nursing, Dentistry & Healthcare",Intellectual Disability,https://onlinelibrary.wiley.com/journal/14683156,1.5
204,British Journal of Management,14678551,"Business, Economics, Finance & Accounting",Management,https://onlinelibrary.wiley.com/journal/14678551,5.6
205,British Journal of Mathematical and Statistical Psychology,20448317,Psychology,"Psychological Methods, Research & Statistics",https://onlinelibrary.wiley.com/journal/20448317,2.6
206,British Journal of Pharmacology,14765381,Medicine,Pharmacology & Pharmaceutical Medicine,https://bpspubs.onlinelibrary.wiley.com/journal/14765381,7.3
207,British Journal of Psychology,20448295,Psychology,Psychology General,https://onlinelibrary.wiley.com/journal/20448295,4
208,British Journal of Psychotherapy,17520118,Psychology,Psychotherapy & Counseling,https://onlinelibrary.wiley.com/journal/17520118,0.6
209,British Journal of Social Psychology,20448309,Psychology,Social Psychology,https://onlinelibrary.wiley.com/journal/20448309,5.4
210,British Journal of Special Education,14678578,Social & Behavioral Sciences,Special Educational Needs,https://onlinelibrary.wiley.com/journal/14678578,1.3
211,Bulletin of Economic Research,14678586,"Business, Economics, Finance & Accounting",General & Introductory Economics,https://onlinelibrary.wiley.com/journal/14678586,0.8
212,Bulletin of Latin American Research,14709856,Social & Behavioral Sciences,General & Introductory Geography,https://onlinelibrary.wiley.com/journal/14709856,0.9
213,Bulletin of the Korean Chemical Society,12295949,Chemistry,General Chemistry,https://onlinelibrary.wiley.com/journal/12295949,1.7
214,Bulletin of the London Mathematical Society,14692120,Mathematics & Statistics,General & Introductory Mathematics,https://londmathsoc.onlinelibrary.wiley.com/journal/14692120,0.9
215,Business and Society Review,14678594,"Business, Economics, Finance & Accounting",Business & Society,https://onlinelibrary.wiley.com/journal/14678594,1.9
216,"Business Ethics, the Environment & Responsibility",26946424,"Business, Economics, Finance & Accounting",Business Ethics,https://onlinelibrary.wiley.com/journal/26946424,2.1
217,Business Strategy and Development,25723170,Social & Behavioral Sciences,General & Introductory Development Studies,https://onlinelibrary.wiley.com/journal/25723170,3
218,Business Strategy and the Environment,10990836,Social & Behavioral Sciences,General & Introductory Development Studies,https://onlinelibrary.wiley.com/journal/10990836,13.4
219,Canadian Geographies / Les géographies canadiennes,15410064,Social & Behavioral Sciences,General & Introductory Geography,https://onlinelibrary.wiley.com/journal/15410064,1.8
220,Canadian Journal of Administrative Sciences / Revue Canadienne des Sciences de l'Administration,19364490,"Business, Economics, Finance & Accounting",Management,https://onlinelibrary.wiley.com/journal/19364490,2.2
221,Canadian Journal of Agricultural Economics/Revue canadienne d'agroeconomie,17447976,"Agriculture, Aquaculture & Food Science",Agricultural Economics & Resource Management,https://onlinelibrary.wiley.com/journal/17447976,9
222,Canadian Journal of Economics/Revue canadienne d'économique,15405982,"Business, Economics, Finance & Accounting",General & Introductory Economics,https://onlinelibrary.wiley.com/journal/15405982,1.6
223,Canadian Public Administration,17547121,Social & Behavioral Sciences,Public Administration,https://onlinelibrary.wiley.com/journal/17547121,1
224,Canadian Review of Sociology/Revue canadienne de sociologie,1755618X,Social & Behavioral Sciences,General Sociology,https://onlinelibrary.wiley.com/journal/1755618X,2.7
225,Cancer,10970142,Medicine,Oncology & Radiotherapy,https://onlinelibrary.wiley.com/journal/10970142,6.2
226,Cancer Cytopathology,19346638,Medicine,Oncology & Radiotherapy,https://onlinelibrary.wiley.com/journal/19346638,3.4
227,Catheterization and Cardiovascular Interventions,1522726X,Medicine,Cardiovascular Disease,https://onlinelibrary.wiley.com/journal/1522726X,2.3
228,ce/papers,25097075,Physical Sciences & Engineering,General & Introductory Civil Engineering & Construction,https://onlinelibrary.wiley.com/journal/25097075,0
229,Cell Biochemistry and Function,10990844,Life Sciences,Cell Biology,https://onlinelibrary.wiley.com/journal/10990844,3.6
230,Cell Biology International,10958355,Life Sciences,Cell & Molecular Biology,https://onlinelibrary.wiley.com/journal/10958355,3.9
231,Cereal Chemistry,19433638,"Agriculture, Aquaculture & Food Science",Bakery & Cereals,https://onlinelibrary.wiley.com/journal/19433638,2.4
232,ChemBioChem,14397633,Chemistry,Biochemistry (Chemical Biology),https://onlinelibrary.wiley.com/journal/14397633,3.2
233,ChemBioEng Reviews,21969744,Chemistry,General & Introductory Chemical Engineering,https://onlinelibrary.wiley.com/journal/21969744,4.8
234,ChemCatChem,18673899,Chemistry,Catalysis,https://onlinelibrary.wiley.com/journal/18673899,4.5
235,Chemical Biology & Drug Design,17470285,Life Sciences,Biochemistry,https://onlinelibrary.wiley.com/journal/17470285,3
236,Chemical Engineering & Technology,15214125,Chemistry,General & Introductory Chemical Engineering,https://onlinelibrary.wiley.com/journal/15214125,2.1
237,Chemie Ingenieur Technik,15222640,Chemistry,General & Introductory Chemical Engineering,https://onlinelibrary.wiley.com/journal/15222640,1.9
238,Chemistry - A European Journal,15213765,Chemistry,General Chemistry,https://onlinelibrary.wiley.com/journal/15213765,4.3
239,Chemistry - An Asian Journal,1861471X,Chemistry,General Chemistry,https://onlinelibrary.wiley.com/journal/1861471X,4.1
240,Chemistry & Biodiversity,16121880,Chemistry,Pharmaceutical & Medicinal Chemistry,https://onlinelibrary.wiley.com/journal/16121880,2.9
241,ChemistrySelect,23656549,Chemistry,General Chemistry,https://onlinelibrary.wiley.com/journal/23656549,2.1
242,Chemkon,15213730,Chemistry,General Chemistry,https://onlinelibrary.wiley.com/journal/15213730,#N/A
243,ChemMedChem,18607187,Chemistry,Pharmaceutical & Medicinal Chemistry,https://onlinelibrary.wiley.com/journal/18607187,3.4
244,CHEMNANOMAT,2199692X,Physical Sciences & Engineering,Nanochemistry,https://onlinelibrary.wiley.com/journal/2199692X,3.8
245,ChemPhotoChem,23670932,Chemistry,Photochemistry,https://onlinelibrary.wiley.com/journal/23670932,3.7
246,ChemPhysChem,14397641,Chemistry,Physical Chemistry,https://onlinelibrary.wiley.com/journal/14397641,2.9
247,ChemPlusChem,21926506,Chemistry,General Chemistry,https://onlinelibrary.wiley.com/journal/21926506,3.4
248,ChemSusChem,1864564X,Chemistry,Sustainable Chemistry & Green Chemistry,https://onlinelibrary.wiley.com/journal/1864564X,8.4
249,ChemSystemsChem,25704206,Chemistry,General Chemistry,https://onlinelibrary.wiley.com/journal/25704206,3.5
250,Child & Family Social Work,13652206,Social & Behavioral Sciences,Social Work,https://onlinelibrary.wiley.com/journal/13652206,1.7
251,Child Abuse Review,10990852,Psychology,Childhood,https://onlinelibrary.wiley.com/journal/10990852,1.6
252,Child and Adolescent Mental Health,14753588,Psychology,Developmental Psychology,https://onlinelibrary.wiley.com/journal/14753588,6.1
253,"Child: Care, Health and Development",13652214,Social & Behavioral Sciences,Family Studies General,https://onlinelibrary.wiley.com/journal/13652214,1.9
254,Children & Society,10990860,Psychology,Childhood,https://onlinelibrary.wiley.com/journal/10990860,1.7
255,China & World Economy,1749124X,"Business, Economics, Finance & Accounting",General & Introductory Economics,https://onlinelibrary.wiley.com/journal/1749124X,3.1
256,Chinese Journal of Chemistry,16147065,Chemistry,General Chemistry,https://onlinelibrary.wiley.com/journal/16147065,5.4
257,Chirality,1520636X,Chemistry,Organic Chemistry,https://onlinelibrary.wiley.com/journal/1520636X,2
258,City & Society,1548744X,Social & Behavioral Sciences,General & Introductory Anthropology,https://anthrosource.onlinelibrary.wiley.com/journal/1548744X,0.7
259,Civil Engineering Design,2625073X,General & Introductory Civil Engineering & Construction,General & Introductory Civil Engineering & Construction,https://onlinelibrary.wiley.com/journal/2625073X,0
260,Cladistics,10960031,Life Sciences,Evolutionary Biology,https://onlinelibrary.wiley.com/journal/10960031,3.6
261,"CLEAN - Soil, Air, Water",18630669,"Earth, Space & Environmental Sciences",Environmental Chemistry,https://onlinelibrary.wiley.com/journal/18630669,1.7
262,Clinical & Experimental Allergy,13652222,Medicine,Allergy & Clinical Immunology,https://onlinelibrary.wiley.com/journal/13652222,6.1
263,Clinical & Experimental Ophthalmology,14429071,Medicine,Ophthalmology & Optometry,https://onlinelibrary.wiley.com/journal/14429071,4
264,Clinical Advances in Periodontics,21630097,"Nursing, Dentistry & Healthcare",General Dentistry,https://onlinelibrary.wiley.com/journal/21630097,0.7
265,Clinical Anatomy,10982353,Life Sciences,Anatomy & Physiology,https://onlinelibrary.wiley.com/journal/10982353,2.4
266,Clinical and Experimental Neuroimmunology,17591961,Medicine,Neurology,https://onlinelibrary.wiley.com/journal/17591961,0
267,Clinical and Experimental Pharmacology and Physiology,14401681,Medicine,Pharmacology & Pharmaceutical Medicine,https://onlinelibrary.wiley.com/journal/14401681,2.9
268,Clinical Endocrinology,13652265,Medicine,Endocrinology,https://onlinelibrary.wiley.com/journal/13652265,3.2
269,Clinical Genetics,13990004,Life Sciences,Medical Genetics,https://onlinelibrary.wiley.com/journal/13990004,3.5
270,Clinical Implant Dentistry and Related Research,17088208,"Nursing, Dentistry & Healthcare",Implant Dentistry,https://onlinelibrary.wiley.com/journal/17088208,3.6
271,Clinical Obesity,17588111,Medicine,Obesity,https://onlinelibrary.wiley.com/journal/17588111,3.3
272,Clinical Oral Implants Research,16000501,"Nursing, Dentistry & Healthcare",Implant Dentistry,https://onlinelibrary.wiley.com/journal/16000501,4.3
273,Clinical Otolaryngology,17494486,Medicine,"Otolaryngology (Ear, Nose & Throat)",https://onlinelibrary.wiley.com/journal/17494486,2.1
274,Clinical Pharmacology & Therapeutics,15326535,Medicine,Clinical Pharmacology & Therapeutics,https://ascpt.onlinelibrary.wiley.com/journal/15326535,6.7
275,Clinical Pharmacology in Drug Development,21607648,Medicine,Clinical Pharmacology & Therapeutics,https://onlinelibrary.wiley.com/journal/21607648,2
276,Clinical Physiology and Functional Imaging,1475097X,Medicine,Physiology,https://onlinelibrary.wiley.com/journal/1475097X,1.8
277,Clinical Psychology & Psychotherapy,10990879,Psychology,Clinical Psychology,https://onlinelibrary.wiley.com/journal/10990879,3.6
278,Clinical Transplantation,13990012,Medicine,Transplantation,https://onlinelibrary.wiley.com/journal/13990012,2.1
279,Cognitive Science,15516709,Psychology,Cognitive Science,https://onlinelibrary.wiley.com/journal/15516709,2.5
280,Color Research and Application,15206378,Chemistry,Industrial Chemistry,https://onlinelibrary.wiley.com/journal/15206378,1.4
281,Coloration Technology,14784408,Chemistry,"Paints, Pigments, Coatings, Dyes",https://onlinelibrary.wiley.com/journal/14784408,1.8
282,Colorectal Disease,14631318,Medicine,Surgery & Surgical Specialties,https://onlinelibrary.wiley.com/journal/14631318,3.4
283,Communications on Pure and Applied Mathematics,10970312,Mathematics & Statistics,Applied Mathematics,https://onlinelibrary.wiley.com/journal/10970312,3
284,Community Dentistry and Oral Epidemiology,16000528,"Nursing, Dentistry & Healthcare",General Dentistry,https://onlinelibrary.wiley.com/journal/16000528,2.3
285,Comprehensive Reviews in Food Science and Food Safety,15414337,"Agriculture, Aquaculture & Food Science",General & Introductory Food Science & Technology,https://onlinelibrary.wiley.com/journal/15414337,14.8
286,Computational Intelligence,14678640,Computer Science  & Information Technology,General & Introductory Computer Science,https://onlinelibrary.wiley.com/journal/14678640,2.8
287,Computer Animation and Virtual Worlds,1546427X,Computer Science  & Information Technology,Visualization & Computer Graphics,https://onlinelibrary.wiley.com/journal/1546427X,1.1
288,Computer Applications In Engineering Education,10990542,Computer Science  & Information Technology,General & Introductory Computer Science,https://onlinelibrary.wiley.com/journal/10990542,2.9
289,Computer Graphics Forum,14678659,Computer Science  & Information Technology,Visualization & Computer Graphics,https://onlinelibrary.wiley.com/journal/14678659,2.5
290,Concurrency and Computation: Practice and Experience,15320634,Computer Science  & Information Technology,Programming & Software Development,https://onlinelibrary.wiley.com/journal/15320634,2
291,Conflict Resolution Quarterly,15411508,Law & Criminology,Negotiation & Conflict Resolution,https://onlinelibrary.wiley.com/journal/15411508,0.6
292,Congenital Anomalies,17414520,Life Sciences,Genetics,https://onlinelibrary.wiley.com/journal/17414520,1.3
293,Conservation Biology,15231739,Life Sciences,Conservation Science,https://onlinelibrary.wiley.com/journal/15231739,6.3
294,Constellations,14678675,Social & Behavioral Sciences,General & Introductory Political Science,https://onlinelibrary.wiley.com/journal/14678675,0.7
295,Consumer Psychology Review,24761281,"Business, Economics, Finance & Accounting",Business & Management Special Topics,https://onlinelibrary.wiley.com/journal/24761281,0
296,Contact Dermatitis,16000536,Medicine,Dermatology,https://onlinelibrary.wiley.com/journal/16000536,5.5
297,Contemporary Accounting Research,19113846,"Business, Economics, Finance & Accounting",Financial Accounting,https://onlinelibrary.wiley.com/journal/19113846,3.6
298,Contemporary Economic Policy,14657287,"Business, Economics, Finance & Accounting",Public Economics,https://onlinelibrary.wiley.com/journal/14657287,1.5
299,Contributions to Plasma Physics,15213986,Physical Sciences & Engineering,General Physics,https://onlinelibrary.wiley.com/journal/15213986,1.6
300,Corporate Governance: An International Review,14678683,"Business, Economics, Finance & Accounting",Corporate Governance,https://onlinelibrary.wiley.com/journal/14678683,5.3
301,Corporate Social Responsibility and Environmental Management,15353966,Social & Behavioral Sciences,General & Introductory Development Studies,https://onlinelibrary.wiley.com/journal/15353966,9.8
302,Counselling and Psychotherapy Research,17461405,Psychology,Psychology General,https://onlinelibrary.wiley.com/journal/17461405,2.4
303,Counselor Education and Supervision,15566978,Psychology,Psychotherapy & Counseling,https://onlinelibrary.wiley.com/journal/15566978,1.3
304,Creativity and Innovation Management,14678691,"Business, Economics, Finance & Accounting",Creativity & Innovation Management,https://onlinelibrary.wiley.com/journal/14678691,3.5
305,Criminal Behaviour and Mental Health,14712857,Psychology,Clinical Psychology,https://onlinelibrary.wiley.com/journal/14712857,1.2
306,Criminology,17459125,Law & Criminology,Criminology,https://onlinelibrary.wiley.com/journal/17459125,5.8
307,Criminology & Public Policy,17459133,Law & Criminology,Criminology,https://onlinelibrary.wiley.com/journal/17459133,4.6
308,Critical Quarterly,14678705,Humanities,General Literature,https://onlinelibrary.wiley.com/journal/14678705,0.2
309,Crop Science,14350653,Life Sciences,Plant Genetics,https://onlinelibrary.wiley.com/journal/14350653,2.3
310,"Crop, Forage & Turfgrass Management",23743832,"Agriculture, Aquaculture & Food Science",Crops,https://onlinelibrary.wiley.com/journal/23743832,0.6
311,Crystal Research and Technology,15214079,Physical Sciences & Engineering,General Physics,https://onlinelibrary.wiley.com/journal/15214079,1.5
312,"Culture, Agriculture, Food and Environment",21539561,Social & Behavioral Sciences,Anthropology Special Topics,https://anthrosource.onlinelibrary.wiley.com/journal/21539561,1.1
313,Curator: The Museum Journal,21516952,Art & Applied Arts,Museum & Heritage Studies,https://onlinelibrary.wiley.com/journal/21516952,1
314,Curtis's Botanical Magazine,14678748,Life Sciences,Plant Science,https://onlinelibrary.wiley.com/journal/14678748,0
315,Cytometry Part A,15524930,Life Sciences,Cell & Molecular Biology,https://onlinelibrary.wiley.com/journal/15524930,3.7
316,Cytometry Part B: Clinical Cytometry,15524957,Life Sciences,Cell & Molecular Biology,https://onlinelibrary.wiley.com/journal/15524957,3.4
317,Cytopathology,13652303,Medicine,Pathology,https://onlinelibrary.wiley.com/journal/13652303,1.3
318,Cytoskeleton,19493592,Life Sciences,Cell & Molecular Biology,https://onlinelibrary.wiley.com/journal/19493592,2.9
319,Decision Sciences,15405915,"Business, Economics, Finance & Accounting",Decision Sciences,https://onlinelibrary.wiley.com/journal/15405915,5.5
320,Decision Sciences Journal of Innovative Education,15404609,"Business, Economics, Finance & Accounting",Decision Sciences,https://onlinelibrary.wiley.com/journal/15404609,1.9
321,Dental Traumatology,16009657,"Nursing, Dentistry & Healthcare",Dental Traumatology,https://onlinelibrary.wiley.com/journal/16009657,2.5
322,Dermatological Reviews,26377489,Dermatology,Dermatology,https://onlinelibrary.wiley.com/journal/26377489,0
323,Developing World Bioethics,14718847,Humanities,Bioethics & Medical Ethics,https://onlinelibrary.wiley.com/journal/14718847,2.2
324,Development and Change,14677660,Social & Behavioral Sciences,General & Introductory Development Studies,https://onlinelibrary.wiley.com/journal/14677660,3
325,Development Policy Review,14677679,Social & Behavioral Sciences,General & Introductory Development Studies,https://onlinelibrary.wiley.com/journal/14677679,1.7
326,"Development, Growth & Differentiation",1440169X,Life Sciences,Developmental Biology,https://onlinelibrary.wiley.com/journal/1440169X,2.5
327,Developmental Dynamics,10970177,Life Sciences,Developmental Biology,https://onlinelibrary.wiley.com/journal/10970177,2.5
328,Developmental Medicine & Child Neurology,14698749,Medicine,Neurology,https://onlinelibrary.wiley.com/journal/14698749,3.8
329,Developmental Neurobiology,1932846X,Life Sciences,Neuroscience,https://onlinelibrary.wiley.com/journal/1932846X,3
330,Developmental Psychobiology,10982302,Psychology,Developmental Psychology,https://onlinelibrary.wiley.com/journal/10982302,2.2
331,Developmental Science,14677687,Psychology,Developmental Psychology,https://onlinelibrary.wiley.com/journal/14677687,3.7
332,"Diabetes, Obesity and Metabolism",14631326,Medicine,Diabetes,https://onlinelibrary.wiley.com/journal/14631326,5.8
333,Diabetes/Metabolism Research and Reviews,15207560,Medicine,Diabetes,https://onlinelibrary.wiley.com/journal/15207560,8
334,Diabetic Medicine,14645491,Medicine,Diabetes,https://onlinelibrary.wiley.com/journal/14645491,3.5
335,Diagnostic Cytopathology,10970339,Medicine,Pathology,https://onlinelibrary.wiley.com/journal/10970339,1.3
336,Dialog,15406385,Humanities,Contemporary Theology,https://onlinelibrary.wiley.com/journal/15406385,0.2
337,Die Unterrichtspraxis/Teaching German,17561221,Humanities,Applied Linguistics,https://onlinelibrary.wiley.com/journal/17561221,0.3
338,Digest of Middle East Studies,19493606,Social & Behavioral Sciences,Middle Eastern Politics,https://onlinelibrary.wiley.com/journal/19493606,0.4
339,Digestive Endoscopy,14431661,Medicine,Endoscopy,https://onlinelibrary.wiley.com/journal/14431661,5.5
340,Disasters,14677717,Social & Behavioral Sciences,General & Introductory Development Studies,https://onlinelibrary.wiley.com/journal/14677717,3.2
341,Drug and Alcohol Review,14653362,"Nursing, Dentistry & Healthcare",Addiction,https://onlinelibrary.wiley.com/journal/14653362,3.8
342,Drug Development Research,10982299,Medicine,Pharmacology & Pharmaceutical Medicine,https://onlinelibrary.wiley.com/journal/10982299,3.8
343,Drug Testing and Analysis,19427611,Chemistry,Analytical Chemistry,https://onlinelibrary.wiley.com/journal/19427611,2.9
344,Dyslexia,10990909,Social & Behavioral Sciences,Reading & Dyslexia,https://onlinelibrary.wiley.com/journal/10990909,2.2
345,Early Intervention in Psychiatry,17517893,Medicine,Psychiatry,https://onlinelibrary.wiley.com/journal/17517893,2
346,Early Medieval Europe,14680254,Humanities,Medieval History (500-1500),https://onlinelibrary.wiley.com/journal/14680254,0.6
347,Earth Surface Processes and Landforms,10969837,"Earth, Space & Environmental Sciences",Geomorphology,https://onlinelibrary.wiley.com/journal/10969837,3.3
348,Earthquake Engineering & Structural Dynamics,10969845,Physical Sciences & Engineering,Structural & Building Engineering,https://onlinelibrary.wiley.com/journal/10969845,4.5
349,Earthquake Engineering and Resilience,27705706,Earthquake,Earthquake,https://onlinelibrary.wiley.com/journal/27705706,0
350,Earthquake Spectra,1944-8201,"Earth, Space & Environmental Sciences","Earth, Space & Environmental Sciences",https://onlinelibrary.wiley.com/journal/19448201,
351,Echocardiography,15408175,Medicine,Cardiovascular Disease,https://onlinelibrary.wiley.com/journal/15408175,1.5
352,Ecohydrology,19360592,"Earth, Space & Environmental Sciences",Hydrological Sciences,https://onlinelibrary.wiley.com/journal/19360592,2.6
353,Ecological Applications,19395582,Life Sciences,Ecology & Organismal Biology,https://esajournals.onlinelibrary.wiley.com/journal/19395582,5
354,Ecological Entomology,13652311,Life Sciences,Entomology,https://onlinelibrary.wiley.com/journal/13652311,2.2
355,Ecological Management & Restoration,14428903,Life Sciences,Ecology & Organismal Biology,https://onlinelibrary.wiley.com/journal/14428903,1.5
356,Ecological Monographs,15577015,Life Sciences,Ecology & Organismal Biology,https://esajournals.onlinelibrary.wiley.com/journal/15577015,6.1
357,Ecological Research,14401703,Life Sciences,Ecology & Organismal Biology,https://onlinelibrary.wiley.com/journal/14401703,2
358,Ecology,19399170,Life Sciences,Ecology & Organismal Biology,https://esajournals.onlinelibrary.wiley.com/journal/19399170,4.8
359,Ecology Letters,14610248,Life Sciences,Ecology & Organismal Biology,https://onlinelibrary.wiley.com/journal/14610248,8.8
360,Ecology of Freshwater Fish,16000633,Life Sciences,Ecology & Organismal Biology,https://onlinelibrary.wiley.com/journal/16000633,1.8
361,Econometrica,14680262,"Business, Economics, Finance & Accounting",Econometrics,https://onlinelibrary.wiley.com/journal/14680262,6.1
362,Economic Affairs,14680270,"Business, Economics, Finance & Accounting",General & Introductory Economics,https://onlinelibrary.wiley.com/journal/14680270,1.4
363,Economic Anthropology,23304847,Social & Behavioral Sciences,General & Introductory Anthropology,https://anthrosource.onlinelibrary.wiley.com/journal/23304847,0.9
364,Economic Inquiry,14657295,"Business, Economics, Finance & Accounting",General & Introductory Economics,https://onlinelibrary.wiley.com/journal/14657295,1.8
365,Economic Notes,14680300,"Business, Economics, Finance & Accounting",Financial Economics,https://onlinelibrary.wiley.com/journal/14680300,1.5
366,Economic Papers; A journal of applied economics and policy,17593441,"Business, Economics, Finance & Accounting",General & Introductory Economics,https://onlinelibrary.wiley.com/journal/17593441,0.9
367,Economic Record,14754932,"Business, Economics, Finance & Accounting",General & Introductory Economics,https://onlinelibrary.wiley.com/journal/14754932,1.2
368,Economica,14680335,"Business, Economics, Finance & Accounting",General & Introductory Economics,https://onlinelibrary.wiley.com/journal/14680335,1.4
369,Economics & Politics,14680343,"Business, Economics, Finance & Accounting",Political Economics,https://onlinelibrary.wiley.com/journal/14680343,1
370,Economics of Transition and Institutional Change,25776983,"Business, Economics, Finance & Accounting",General & Introductory Economics,https://onlinelibrary.wiley.com/journal/25776983,0.9
371,Educational Measurement: Issues and Practice,17453992,Social & Behavioral Sciences,Educational Research & Statistics,https://onlinelibrary.wiley.com/journal/17453992,2
372,Educational Theory,17415446,Social & Behavioral Sciences,Theory of Education,https://onlinelibrary.wiley.com/journal/17415446,1
373,Electrical Engineering in Japan,15206416,Physical Sciences & Engineering,Power Technology & Power Engineering,https://onlinelibrary.wiley.com/journal/15206416,0.4
374,Electroanalysis,15214109,Chemistry,Analytical Chemistry,https://onlinelibrary.wiley.com/journal/15214109,3
375,Electronics and Communications in Japan,19429541,Physical Sciences & Engineering,Circuit Theory & Design,https://onlinelibrary.wiley.com/journal/19429541,0.3
376,ELECTROPHORESIS,15222683,Chemistry,Biochemistry (Chemical Biology),https://onlinelibrary.wiley.com/journal/15222683,2.9
377,Emergency Medicine Australasia,17426723,Medicine,Emergency Medicine & Trauma,https://onlinelibrary.wiley.com/journal/17426723,2.3
378,Energy Storage,25784862,Physical Sciences & Engineering,Energy Storage,https://onlinelibrary.wiley.com/journal/25784862,3.2
379,Energy Technology,21944296,Chemistry,General & Introductory Chemical Engineering,https://onlinelibrary.wiley.com/journal/21944296,3.8
380,Entomologia Experimentalis et Applicata,15707458,Life Sciences,Entomology,https://onlinelibrary.wiley.com/journal/15707458,1.9
381,Entomological Research,17485967,Life Sciences,Entomology,https://onlinelibrary.wiley.com/journal/17485967,1.3
382,Entomological Science,14798298,Life Sciences,Entomology,https://onlinelibrary.wiley.com/journal/14798298,0.9
383,Environmental and Molecular Mutagenesis,10982280,Life Sciences,Genetics,https://onlinelibrary.wiley.com/journal/10982280,2.8
384,Environmental Microbiology,14622920,Life Sciences,Microbial Ecology,https://onlinelibrary.wiley.com/journal/14622920,5.1
385,Environmental Policy and Governance,17569338,Social & Behavioral Sciences,General & Introductory Development Studies,https://onlinelibrary.wiley.com/journal/17569338,3
386,Environmental Progress & Sustainable Energy,19447450,Physical Sciences & Engineering,Environmental Engineering,https://onlinelibrary.wiley.com/journal/19447450,2.8
387,Environmental Quality Management,15206483,"Earth, Space & Environmental Sciences","Environmental Management, Policy & Planning",https://onlinelibrary.wiley.com/journal/15206483,0
388,Environmental Toxicology,15227278,Chemistry,Toxicology,https://onlinelibrary.wiley.com/journal/15227278,4.5
389,Environmetrics,1099095X,Mathematics & Statistics,Environmental Statistics & Environmetrics,https://onlinelibrary.wiley.com/journal/1099095X,1.7
390,Epilepsia,15281167,Medicine,Neurology,https://onlinelibrary.wiley.com/journal/15281167,5.6
391,Epileptic Disorders,19506945,Medicine,Neurology,https://onlinelibrary.wiley.com/journal/19506945,2.3
392,EPPO Bulletin,13652338,Life Sciences,Plant Science,https://onlinelibrary.wiley.com/journal/13652338,0
393,Equine Veterinary Education,20423292,Veterinary Medicine,Veterinary Medicine - Equine,https://onlinelibrary.wiley.com/journal/20423292,0.9
394,Equine Veterinary Journal,20423306,Veterinary Medicine,Veterinary Medicine - Equine,https://onlinelibrary.wiley.com/journal/20423306,2.2
395,Ethics & Human Research,25782363,Humanities,Bioethics & Medical Ethics,https://onlinelibrary.wiley.com/journal/25782363,0
396,Ethology,14390310,Life Sciences,Animal Behavior,https://onlinelibrary.wiley.com/journal/14390310,1.7
397,Ethos,15481352,Social & Behavioral Sciences,Social & Cultural Anthropology,https://anthrosource.onlinelibrary.wiley.com/journal/15481352,0.6
398,EuroChoices,1746692X,"Agriculture, Aquaculture & Food Science",Agricultural Economics & Resource Management,https://onlinelibrary.wiley.com/journal/1746692X,2.8
399,European Eating Disorders Review,10990968,Psychology,Clinical Psychology,https://onlinelibrary.wiley.com/journal/10990968,5.3
400,European Financial Management,1468036X,"Business, Economics, Finance & Accounting",Institutional & Corporate Finance,https://onlinelibrary.wiley.com/journal/1468036X,2.2
401,European Journal of Clinical Investigation,13652362,Medicine,General & Internal Medicine,https://onlinelibrary.wiley.com/journal/13652362,5.5
402,European Journal of Dental Education,16000579,"Nursing, Dentistry & Healthcare",Community Dentistry & Public Health,https://onlinelibrary.wiley.com/journal/16000579,2.4
403,European Journal of Education,14653435,Social & Behavioral Sciences,General & Introductory Education,https://onlinelibrary.wiley.com/journal/14653435,2.4
404,European Journal of Haematology,16000609,Medicine,Hematology,https://onlinelibrary.wiley.com/journal/16000609,3.1
405,European Journal of Immunology,15214141,Medicine,Immunology,https://onlinelibrary.wiley.com/journal/15214141,5.4
406,European Journal of Inorganic Chemistry,10990682,Chemistry,Inorganic Chemistry,https://onlinelibrary.wiley.com/journal/10990682c,2.3
407,European Journal of Lipid Science and Technology,14389312,"Agriculture, Aquaculture & Food Science",Oils & Fats,https://onlinelibrary.wiley.com/journal/14389312,2.7
408,European Journal of Neuroscience,14609568,Life Sciences,Neuroscience,https://onlinelibrary.wiley.com/journal/14609568,3.4
409,European Journal of Oral Sciences,16000722,"Nursing, Dentistry & Healthcare",Oral Sciences & Technology,https://onlinelibrary.wiley.com/journal/16000722,1.9
410,European Journal of Organic Chemistry,10990690,Chemistry,Organic Chemistry,https://onlinelibrary.wiley.com/journal/10990690,2.8
411,European Journal of Pain,15322149,Medicine,Pain Medicine,https://onlinelibrary.wiley.com/journal/15322149,3.6
412,European Journal of Philosophy,14680378,Humanities,Continental Philosophy,https://onlinelibrary.wiley.com/journal/14680378,0.9
413,European Journal of Social Psychology,10990992,Psychology,Social Psychology,https://onlinelibrary.wiley.com/journal/10990992,3.9
414,European Journal of Soil Science,13652389,"Earth, Space & Environmental Sciences",Soil Science & Geoarchaeology,https://onlinelibrary.wiley.com/journal/13652389,4.2
415,European Law Journal,14680386,Law & Criminology,General & Introductory Law,https://onlinelibrary.wiley.com/journal/14680386,1.9
416,European Management Review,17404762,"Business, Economics, Finance & Accounting",Management,https://onlinelibrary.wiley.com/journal/17404762,3.7
417,European Policy Analysis,23806567,Social & Behavioral Sciences,Political Science Special Topics,https://onlinelibrary.wiley.com/journal/23806567,5
418,Evolution & Development,1525142X,Life Sciences,Evolution,https://onlinelibrary.wiley.com/journal/1525142X,2.9
419,Evolutionary Anthropology,15206505,Life Sciences,Evolutionary Biology,https://onlinelibrary.wiley.com/journal/15206505,3.7
420,Experimental Dermatology,16000625,Medicine,Dermatology,https://onlinelibrary.wiley.com/journal/16000625,3.6
421,Expert Systems,14680394,Physical Sciences & Engineering,General & Introductory Electrical & Electronics Engineering,https://onlinelibrary.wiley.com/journal/14680394,3.3
422,Family & Consumer Sciences Research Journal,15523934,Social & Behavioral Sciences,Family Studies General,https://onlinelibrary.wiley.com/journal/15523934,0.7
423,Family Court Review,17441617,Law & Criminology,Civil Law,https://onlinelibrary.wiley.com/journal/17441617,0.8
424,Family Process,15455300,Social & Behavioral Sciences,Family Studies General,https://onlinelibrary.wiley.com/journal/15455300,3.9
425,Family Relations,17413729,Social & Behavioral Sciences,Family Studies General,https://onlinelibrary.wiley.com/journal/17413729,2.2
426,Fatigue & Fracture of Engineering Materials & Structures,14602695,Physical Sciences & Engineering,Failure Fracture,https://onlinelibrary.wiley.com/journal/14602695,3.7
427,FEBS Letters,18733468,Life Sciences,Biochemistry,https://febs.onlinelibrary.wiley.com/journal/18733468,3.5
428,Feddes Repertorium,1522239X,Life Sciences,Plant Science,https://onlinelibrary.wiley.com/journal/1522239Xb,0
429,Feminist Anthropology,26437961,General & Introductory Anthropology,General & Introductory Anthropology,https://onlinelibrary.wiley.com/journal/26437961,0
430,Financial Accountability & Management,14680408,"Business, Economics, Finance & Accounting",General Finance & Investments,https://onlinelibrary.wiley.com/journal/14680408,2.2
431,Financial Management,1755053X,"Business, Economics, Finance & Accounting",General Finance & Investments,https://onlinelibrary.wiley.com/journal/1755053X,2.8
432,"Financial Markets, Institutions & Instruments",14680416,"Business, Economics, Finance & Accounting",General Finance & Investments,https://onlinelibrary.wiley.com/journal/14680416,0
433,Fire and Materials,10991018,Physical Sciences & Engineering,General & Introductory Civil Engineering & Construction,https://onlinelibrary.wiley.com/journal/10991018,1.9
434,Fiscal Studies,14755890,"Business, Economics, Finance & Accounting",Public Economics,https://onlinelibrary.wiley.com/journal/14755890,7.3
435,Fish and Fisheries,14672979,"Agriculture, Aquaculture & Food Science","General Aquaculture, Fisheries & Fish Science",https://onlinelibrary.wiley.com/journal/14672979,6.7
436,Fisheries Management and Ecology,13652400,"Agriculture, Aquaculture & Food Science","General Aquaculture, Fisheries & Fish Science",https://onlinelibrary.wiley.com/journal/13652400,2
437,Fisheries Oceanography,13652419,"Agriculture, Aquaculture & Food Science","General Aquaculture, Fisheries & Fish Science",https://onlinelibrary.wiley.com/journal/13652419,2.6
438,Flavour and Fragrance Journal,10991026,Chemistry,"Flavor, Perfume & Cosmetic Science",https://onlinelibrary.wiley.com/journal/10991026,2.6
439,Foreign Language Annals,19449720,Humanities,Applied Linguistics,https://onlinelibrary.wiley.com/journal/19449720,2.7
440,Forest Pathology,14390329,Life Sciences,Plant Pathology,https://onlinelibrary.wiley.com/journal/14390329,1.4
441,Fortschritte der Physik,15213978,Physical Sciences & Engineering,General Physics,https://onlinelibrary.wiley.com/journal/15213978,3.9
442,Freshwater Biology,13652427,Life Sciences,Ecology & Organismal Biology,https://onlinelibrary.wiley.com/journal/13652427,2.7
443,Frontiers in Ecology and the Environment,15409309,Life Sciences,Ecology & Organismal Biology,https://esajournals.onlinelibrary.wiley.com/journal/15409309,10.3
444,Fuel Cells,16156854,Physical Sciences & Engineering,Batteries & Fuel Cells,https://onlinelibrary.wiley.com/journal/16156854,2.8
445,Fundamental & Clinical Pharmacology,14728206,Medicine,Pharmacology & Pharmaceutical Medicine,https://onlinelibrary.wiley.com/journal/14728206,2.9
446,Futures & Foresight Science,25735152,Decision Sciences,Decision Sciences,https://onlinelibrary.wiley.com/journal/25735152,0
447,GAMM - Mitteilungen,15222608,Mathematics & Statistics,General & Introductory Mathematics,https://onlinelibrary.wiley.com/journal/15222608,0
448,Gender & History,14680424,Humanities,Gender & History,https://onlinelibrary.wiley.com/journal/14680424,0.5
449,"Gender, Work & Organization",14680432,"Business, Economics, Finance & Accounting",General & Introductory Business & Management,https://onlinelibrary.wiley.com/journal/14680432,5.8
450,General Anthropology,19393466,Social & Behavioral Sciences,General & Introductory Anthropology,https://anthrosource.onlinelibrary.wiley.com/journal/19393466,0
451,Genes to Cells,13652443,Life Sciences,Cell & Molecular Biology,https://onlinelibrary.wiley.com/journal/13652443,2.1
452,"Genes, Chromosomes and Cancer",10982264,Medicine,Oncology & Radiotherapy,https://onlinelibrary.wiley.com/journal/10982264,3.7
453,genesis,1526968X,Life Sciences,Developmental Biology,https://onlinelibrary.wiley.com/journal/1526968X,1.5
454,Genetic Epidemiology,10982272,Life Sciences,Human Genetics,https://onlinelibrary.wiley.com/journal/10982272,2.1
455,Geoarchaeology,15206548,"Earth, Space & Environmental Sciences",Soil Science & Geoarchaeology,https://onlinelibrary.wiley.com/journal/15206548,1.7
456,Geobiology,14724669,"Earth, Space & Environmental Sciences","Paleontology, Paleobiology & Geobiology",https://onlinelibrary.wiley.com/journal/14724669,3.7
457,Geographical Analysis,15384632,Social & Behavioral Sciences,Geographical Methodology & Techniques,https://onlinelibrary.wiley.com/journal/15384632,3.6
458,Geographical Research,17455871,Social & Behavioral Sciences,General & Introductory Geography,https://onlinelibrary.wiley.com/journal/17455871,3.3
459,Geography Compass,17498198,Social & Behavioral Sciences,General & Introductory Geography,https://onlinelibrary.wiley.com/journal/17498198,3.1
460,Geological Journal,10991034,"Earth, Space & Environmental Sciences",Geology & Geophysics,https://onlinelibrary.wiley.com/journal/10991034,1.8
461,Geology Today,13652451,"Earth, Space & Environmental Sciences",General & Introductory Earth Sciences,https://onlinelibrary.wiley.com/journal/13652451,0
462,Geophysical Prospecting,13652478,"Earth, Space & Environmental Sciences",Geology & Geophysics,https://onlinelibrary.wiley.com/journal/13652478,2.6
463,Geostandards and Geoanalytical Research,1751908X,"Earth, Space & Environmental Sciences",Geochemistry & Mineralogy,https://onlinelibrary.wiley.com/journal/1751908X,3.8
464,Geriatrics & Gerontology International,14470594,Medicine,Geriatric Medicine,https://onlinelibrary.wiley.com/journal/14470594,3.3
465,German Life and Letters,14680483,Humanities,European Literature,https://onlinelibrary.wiley.com/journal/14680483,0.2
466,Gerodontology,17412358,"Nursing, Dentistry & Healthcare",Gerodontology,https://onlinelibrary.wiley.com/journal/17412358,2
467,Glia,10981136,Life Sciences,Neuroscience,https://onlinelibrary.wiley.com/journal/10981136,6.2
468,Global Biogeochemical Cycles,19449224,"Earth, Space & Environmental Sciences",Geology & Geophysics,https://agupubs.onlinelibrary.wiley.com/journal/19449224,5.2
469,Global Business and Organizational Excellence,19322062,"Business, Economics, Finance & Accounting",International Management,https://onlinelibrary.wiley.com/journal/19322062,0
470,Global Change Biology,13652486,Life Sciences,Conservation Science,https://onlinelibrary.wiley.com/journal/13652486,11.6
471,Global Ecology and Biogeography,14668238,Life Sciences,Ecology & Organismal Biology,https://onlinelibrary.wiley.com/journal/14668238,6.4
472,Global Networks,14710374,Social & Behavioral Sciences,General & Introductory Geography,https://onlinelibrary.wiley.com/journal/14710374,2.4
473,Global Policy,17585899,Social & Behavioral Sciences,General & Introductory Political Science,https://onlinelibrary.wiley.com/journal/17585899,1.9
474,Global Strategy Journal,20425805,"Business, Economics, Finance & Accounting",Strategic Management,https://onlinelibrary.wiley.com/journal/20425805,7.6
475,Governance,14680491,Social & Behavioral Sciences,Public Administration,https://onlinelibrary.wiley.com/journal/14680491,2.9
476,Grass and Forage Science,13652494,"Agriculture, Aquaculture & Food Science",General & Introductory Agriculture,https://onlinelibrary.wiley.com/journal/13652494,2.4
477,Grassland Science,1744697X,"Agriculture, Aquaculture & Food Science",Agriculture & Ecology,https://onlinelibrary.wiley.com/journal/1744697X,1.3
478,Greenhouse Gases: Science and Technology,21523878,Physical Sciences & Engineering,Carbon Capture & Storage,https://onlinelibrary.wiley.com/journal/21523878,2.2
479,Groundwater,17456584,"Earth, Space & Environmental Sciences",Groundwater & Hydrogeology,https://onlinelibrary.wiley.com/journal/17456584,2.6
480,Groundwater Monitoring & Remediation,17456592,"Earth, Space & Environmental Sciences",Groundwater & Hydrogeology,https://onlinelibrary.wiley.com/journal/17456592,1.9
481,Growth and Change,14682257,Social & Behavioral Sciences,Regional Studies,https://onlinelibrary.wiley.com/journal/14682257,3.2
482,Haemophilia,13652516,Medicine,Hematology,https://onlinelibrary.wiley.com/journal/13652516,3.9
483,Hastings Center Report,1552146X,Humanities,Bioethics & Medical Ethics,https://onlinelibrary.wiley.com/journal/1552146X,3.3
484,Head & Neck,10970347,Medicine,Surgery & Surgical Specialties,https://onlinelibrary.wiley.com/journal/10970347,2.9
485,Headache: The Journal of Head and Face Pain,15264610,Medicine,Neurology,https://headachejournal.onlinelibrary.wiley.com/,5
486,Health Economics,10991050,"Business, Economics, Finance & Accounting",Economics of Health & Social Care,https://onlinelibrary.wiley.com/journal/10991050,2.1
487,Health Information and Libraries Journal,14711842,"Nursing, Dentistry & Healthcare",Consumer Health General,https://onlinelibrary.wiley.com/journal/14711842,3.8
488,Health Promotion Journal of Australia,22011617,"Nursing, Dentistry & Healthcare",Public Health Behavior & Education,https://onlinelibrary.wiley.com/journal/22011617,1.9
489,Health Services Research,14756773,"Nursing, Dentistry & Healthcare",Health & Social Care,https://onlinelibrary.wiley.com/journal/14756773,3.4
490,Heat Transfer,26884542,Physical Sciences & Engineering,General & Introductory Mechanical Engineering,https://onlinelibrary.wiley.com/journal/26884542,3.6
491,Helicobacter,15235378,Medicine,Gastroenterology & Hepatology,https://onlinelibrary.wiley.com/journal/15235378,4.4
492,Helvetica Chimica Acta,15222675,Chemistry,General Chemistry,https://onlinelibrary.wiley.com/journal/15222675,1.8
493,Hematological Oncology,10991069,Medicine,Hematology,https://onlinelibrary.wiley.com/journal/10991069,3.3
494,Hemodialysis International,15424758,Medicine,Nephrology,https://onlinelibrary.wiley.com/journal/15424758,1.3
495,Hepatology Research,1872034X,Medicine,Hepatology,https://onlinelibrary.wiley.com/journal/1872034X,4.2
496,Higher Education Quarterly,14682273,Social & Behavioral Sciences,Higher Education General,https://onlinelibrary.wiley.com/journal/14682273,2.2
497,Hippocampus,10981063,Life Sciences,Neuroscience,https://onlinelibrary.wiley.com/journal/10981063,3.5
498,Histopathology,13652559,Medicine,Pathology,https://onlinelibrary.wiley.com/journal/13652559,6.4
499,History,1468229X,Humanities,General & Introductory History,https://onlinelibrary.wiley.com/journal/1468229X,0.5
500,History and Theory,14682303,Humanities,General & Introductory History,https://onlinelibrary.wiley.com/journal/14682303,1.1
501,History Compass,14780542,Humanities,General & Introductory History,https://onlinelibrary.wiley.com/journal/14780542,0.4
502,HIV Medicine,14681293,Life Sciences,Infectious Disease,https://onlinelibrary.wiley.com/journal/14681293,3
503,HLA: Immune Response Genetics,20592310,Life Sciences,Cell Therapies & Tissue Engineering,https://onlinelibrary.wiley.com/journal/20592310,8
504,Human Factors and Ergonomics in Manufacturing & Service Industries,15206564,Physical Sciences & Engineering,General & Introductory Mechanical Engineering,https://onlinelibrary.wiley.com/journal/15206564,2.4
505,Human Psychopharmacology: Clinical and Experimental,10991077,Medicine,Psychiatry,https://onlinelibrary.wiley.com/journal/10991077,1.7
506,Human Resource Development Quarterly,15321096,"Business, Economics, Finance & Accounting",Training & Human Resource Development / Coaching & Mentoring,https://onlinelibrary.wiley.com/journal/15321096,3.3
507,Human Resource Management,1099050X,"Business, Economics, Finance & Accounting",Human Resource Management,https://onlinelibrary.wiley.com/journal/1099050X,6.6
508,Human Resource Management Journal,17488583,"Business, Economics, Finance & Accounting",Human Resource Management,https://onlinelibrary.wiley.com/journal/17488583,5.5
509,Hydrological Processes,10991085,"Earth, Space & Environmental Sciences",Hydrological Sciences,https://onlinelibrary.wiley.com/journal/10991085,3.2
510,Ibis,1474919X,Life Sciences,Ornithology,https://onlinelibrary.wiley.com/journal/1474919X,2.1
511,IEEJ Transactions on Electrical and Electronic Engineering,19314981,Physical Sciences & Engineering,Electrical Engineering,https://onlinelibrary.wiley.com/journal/19314981,1
512,Immunological Reviews,1600065X,Medicine,Allergy & Clinical Immunology,https://onlinelibrary.wiley.com/journal/1600065X,8.7
513,Immunology,13652567,Medicine,Immunology,https://onlinelibrary.wiley.com/journal/13652567,6.4
514,Immunology & Cell Biology,14401711,Medicine,Immunology,https://onlinelibrary.wiley.com/journal/14401711,4
515,In Practice,20427689,Veterinary Medicine,General & Introductory Veterinary Medicine,https://onlinelibrary.wiley.com/journal/20427689,0.3
516,Industrial Relations,1468232X,"Business, Economics, Finance & Accounting",Industrial & Labor Relations,https://onlinelibrary.wiley.com/journal/1468232X,2.3
517,Industrial Relations Journal,14682338,"Business, Economics, Finance & Accounting",Industrial & Labor Relations,https://onlinelibrary.wiley.com/journal/14682338,1.4
518,Infancy,15327078,Psychology,Infancy,https://onlinelibrary.wiley.com/journal/15327078,2.6
519,Infant and Child Development,15227219,Psychology,Developmental Psychology,https://onlinelibrary.wiley.com/journal/15227219,2.2
520,Infant Mental Health Journal,10970355,Psychology,Infancy,https://onlinelibrary.wiley.com/journal/10970355,2.4
521,Information Systems Journal,13652575,Computer Science  & Information Technology,Information & Library Science,https://onlinelibrary.wiley.com/journal/13652575,6.4
522,Insect Conservation and Diversity,17524598,Life Sciences,Entomology,https://onlinelibrary.wiley.com/journal/17524598,3.5
523,Insect Molecular Biology,13652583,Life Sciences,Entomology,https://onlinelibrary.wiley.com/journal/13652583,2.6
524,Insect Science,17447917,Life Sciences,Entomology,https://onlinelibrary.wiley.com/journal/17447917,4
525,Integrative Zoology,17494877,Life Sciences,Animal Science & Zoology,https://onlinelibrary.wiley.com/journal/17494877,3.3
526,"Intelligent Systems in Accounting, Finance and Management",21600074,"Business, Economics, Finance & Accounting",Management Science / Operations Research,https://onlinelibrary.wiley.com/journal/21600074,2.9
527,Internal Medicine Journal,14455994,Medicine,General & Internal Medicine,https://onlinelibrary.wiley.com/journal/14455994,2.1
528,International Economic Review,14682354,"Business, Economics, Finance & Accounting",International Economics & Trade,https://onlinelibrary.wiley.com/journal/14682354,1.5
529,International Endodontic Journal,13652591,"Nursing, Dentistry & Healthcare",Endodontics,https://onlinelibrary.wiley.com/journal/13652591,5
530,International Finance,14682362,"Business, Economics, Finance & Accounting",International Finance,https://onlinelibrary.wiley.com/journal/14682362,1.2
531,International Forum of Allergy & Rhinology,20426984,Medicine,Allergy & Clinical Immunology,https://onlinelibrary.wiley.com/journal/20426984,6.4
532,International Insolvency Review,10991107,"Business, Economics, Finance & Accounting",General & Introductory Business & Management,https://onlinelibrary.wiley.com/journal/10991107,0.6
533,International Journal for Numerical and Analytical Methods in Geomechanics,10969853,Physical Sciences & Engineering,Computational / Numerical Methods,https://onlinelibrary.wiley.com/journal/10969853,4
534,International Journal for Numerical Methods in Biomedical Engineering,20407947,Physical Sciences & Engineering,Computational / Numerical Methods,https://onlinelibrary.wiley.com/journal/20407947,2.1
535,International Journal for Numerical Methods in Engineering,10970207,Physical Sciences & Engineering,Computational / Numerical Methods,https://onlinelibrary.wiley.com/journal/10970207,2.9
536,International Journal for Numerical Methods in Fluids,10970363,Physical Sciences & Engineering,Computational / Numerical Methods,https://onlinelibrary.wiley.com/journal/10970363,1.8
537,International Journal of Adaptive Control and Signal Processing,10991115,Physical Sciences & Engineering,Control Systems Technology,https://onlinelibrary.wiley.com/journal/10991115,3.1
538,International Journal of Applied Ceramic Technology,17447402,Physical Sciences & Engineering,Ceramics,https://onlinelibrary.wiley.com/journal/17447402,2.1
539,International Journal of Applied Glass Science,20411294,Physical Sciences & Engineering,Ceramics,https://onlinelibrary.wiley.com/journal/20411294,2.1
540,International Journal of Applied Linguistics,14734192,Humanities,Applied Linguistics,https://onlinelibrary.wiley.com/journal/14734192,1.6
541,International Journal of Applied Psychoanalytic Studies,15569187,Psychology,Psychoanalysis,https://onlinelibrary.wiley.com/journal/15569187,0.7
542,International Journal of Art & Design Education,14768070,Social & Behavioral Sciences,Art & Design Education,https://onlinelibrary.wiley.com/journal/14768070,1.1
543,International Journal of Auditing,10991123,"Business, Economics, Finance & Accounting",Auditing,https://onlinelibrary.wiley.com/journal/10991123,2
544,International Journal of Cancer,10970215,Medicine,Oncology & Radiotherapy,https://onlinelibrary.wiley.com/journal/10970215,6.4
545,International Journal of Chemical Kinetics,10974601,Chemistry,Chemical Kinetics,https://onlinelibrary.wiley.com/journal/10974601,1.5
546,International Journal of Circuit Theory and Applications,1097007X,Physical Sciences & Engineering,General & Introductory Electrical & Electronics Engineering,https://onlinelibrary.wiley.com/journal/1097007X,2.3
547,International Journal of Climatology,10970088,"Earth, Space & Environmental Sciences",Atmospheric Sciences,https://rmets.onlinelibrary.wiley.com/journal/10970088,3.9
548,International Journal of Communication Systems,10991131,Physical Sciences & Engineering,Communication Technology,https://onlinelibrary.wiley.com/journal/10991131,2.1
549,International Journal of Consumer Studies,14706431,"Business, Economics, Finance & Accounting",Marketing & Sales,https://onlinelibrary.wiley.com/journal/14706431,9.9
550,International Journal of Cosmetic Science,14682494,Medicine,Dermatology,https://onlinelibrary.wiley.com/journal/14682494,2.3
551,International Journal of Dairy Technology,14710307,"Agriculture, Aquaculture & Food Science",General & Introductory Food Science & Technology,https://onlinelibrary.wiley.com/journal/14710307,4.4
552,International Journal of Dental Hygiene,16015037,"Nursing, Dentistry & Healthcare",Dental Hygiene & Therapy,https://onlinelibrary.wiley.com/journal/16015037,2.4
553,International Journal of Dermatology,13654632,Medicine,Dermatology,https://onlinelibrary.wiley.com/journal/13654632,3.6
554,International Journal of Developmental Neuroscience,1873474X,Life Sciences,Neuroscience,https://onlinelibrary.wiley.com/journal/1873474X,1.8
555,International Journal of Eating Disorders,1098108X,Psychology,Clinical Psychology,https://onlinelibrary.wiley.com/journal/1098108X,5.5
556,International Journal of Economic Theory,17427363,"Business, Economics, Finance & Accounting",Economic Theory,https://onlinelibrary.wiley.com/journal/17427363,0.5
557,International Journal of Finance & Economics,10991158,"Business, Economics, Finance & Accounting",General & Introductory Economics,https://onlinelibrary.wiley.com/journal/10991158,2.9
558,International Journal of Geriatric Psychiatry,10991166,Medicine,Psychiatry,https://onlinelibrary.wiley.com/journal/10991166,4
559,International Journal of Gynecology & Obstetrics,18793479,Medicine,Obstetrics & Gynecology,https://obgyn.onlinelibrary.wiley.com/journal/18793479,3.8
560,International Journal of Imaging Systems and Technology,10981098,Medicine,Radiology & Imaging,https://onlinelibrary.wiley.com/journal/10981098,3.3
561,International Journal of Immunogenetics,1744313X,Medicine,Immunology,https://onlinelibrary.wiley.com/journal/1744313X,2.2
562,International Journal of Laboratory Hematology,1751553X,Medicine,Laboratory Hematology,https://onlinelibrary.wiley.com/journal/1751553X,3
563,International Journal of Language & Communication Disorders,14606984,Humanities,Speech Science,https://onlinelibrary.wiley.com/journal/14606984,2.4
564,International Journal of Management Reviews,14682370,"Business, Economics, Finance & Accounting",International Management,https://onlinelibrary.wiley.com/journal/14682370,8.1
565,International Journal of Mental Health Nursing,14470349,"Nursing, Dentistry & Healthcare",Mental Health Nursing,https://onlinelibrary.wiley.com/journal/14470349,5.6
566,International Journal of Network Management,10991190,Physical Sciences & Engineering,Communication Technology,https://onlinelibrary.wiley.com/journal/10991190,1.5
567,"International Journal of Numerical Modelling: Electronic Networks, Devices and Fields",10991204,Physical Sciences & Engineering,General & Introductory Electrical & Electronics Engineering,https://onlinelibrary.wiley.com/journal/10991204,1.6
568,International Journal of Nursing Practice,1440172X,"Nursing, Dentistry & Healthcare",Nursing General,https://onlinelibrary.wiley.com/journal/1440172X,1.9
569,International Journal of Older People Nursing,17483743,"Nursing, Dentistry & Healthcare",Nursing General,https://onlinelibrary.wiley.com/journal/17483743,2.2
570,International Journal of Osteoarchaeology,10991212,Social & Behavioral Sciences,Biological Anthropology,https://onlinelibrary.wiley.com/journal/10991212,1
571,International Journal of Paediatric Dentistry,1365263X,"Nursing, Dentistry & Healthcare",Pediatric Dentistry,https://onlinelibrary.wiley.com/journal/1365263X,3.8
572,International Journal of Psychology,1464066X,Psychology,Psychology General,https://onlinelibrary.wiley.com/journal/1464066X,3.2
573,International Journal of Quantum Chemistry,1097461X,Chemistry,Quantum Chemistry,https://onlinelibrary.wiley.com/journal/1097461X,2.2
574,International Journal of Rheumatic Diseases,1756185X,Medicine,Rheumatology,https://onlinelibrary.wiley.com/journal/1756185X,2.5
575,International Journal of Robust and Nonlinear Control,10991239,Physical Sciences & Engineering,Control Systems Technology,https://onlinelibrary.wiley.com/journal/10991239,3.9
576,International Journal of Satellite Communications and Networking,15420981,Physical Sciences & Engineering,Satellite Communications,https://onlinelibrary.wiley.com/journal/15420981,1.7
577,International Journal of Selection and Assessment,14682389,"Business, Economics, Finance & Accounting",Human Resource Management,https://onlinelibrary.wiley.com/journal/14682389,2.2
578,International Journal of Social Welfare,14682397,Social & Behavioral Sciences,Social Welfare,https://onlinelibrary.wiley.com/journal/14682397,1.9
579,International Journal of Systematic Theology,14682400,Humanities,Systematic Theology,https://onlinelibrary.wiley.com/journal/14682400,0.2
580,International Journal of Tourism Research,15221970,"Business, Economics, Finance & Accounting",General & Introductory Business & Management,https://onlinelibrary.wiley.com/journal/15221970,4.6
581,International Journal of Training and Development,14682419,"Business, Economics, Finance & Accounting",Training & Development,https://onlinelibrary.wiley.com/journal/14682419,1.8
582,International Journal of Urban and Regional Research,14682427,Social & Behavioral Sciences,General & Introductory Urban Studies,https://onlinelibrary.wiley.com/journal/14682427,3.3
583,International Journal of Urological Nursing,1749771X,"Nursing, Dentistry & Healthcare",Nursing General,https://onlinelibrary.wiley.com/journal/1749771X,0.5
584,International Journal of Urology,14422042,Medicine,Urology,https://onlinelibrary.wiley.com/journal/14422042,2.6
585,International Migration,14682435,Social & Behavioral Sciences,General & Introductory Development Studies,https://onlinelibrary.wiley.com/journal/14682435,1.9
586,International Nursing Review,14667657,"Nursing, Dentistry & Healthcare",Nursing General,https://onlinelibrary.wiley.com/journal/14667657,4.1
587,International Review of Finance,14682443,"Business, Economics, Finance & Accounting",General Finance & Investments,https://onlinelibrary.wiley.com/journal/14682443,1.7
588,International Review of Hydrobiology,15222632,Life Sciences,Freshwater Ecology,https://onlinelibrary.wiley.com/journal/15222632,1.9
589,International Review of Mission,17586631,Humanities,General & Introductory Religion & Theology,https://onlinelibrary.wiley.com/journal/17586631,0.1
590,International Social Science Journal,14682451,Social & Behavioral Sciences,General Sociology,https://onlinelibrary.wiley.com/journal/14682451,0
591,International Social Security Review,1468246X,Social & Behavioral Sciences,Social Work,https://onlinelibrary.wiley.com/journal/1468246X,1.2
592,International Statistical Review,17515823,Mathematics & Statistics,Applied Probability & Statistics,https://onlinelibrary.wiley.com/journal/17515823,2
593,International Transactions in Operational Research,14753995,"Business, Economics, Finance & Accounting",Management Science / Operations Research,https://onlinelibrary.wiley.com/journal/14753995,3.1
594,Internet Technology Letters,24761508,Physical Sciences & Engineering,Communication Technology,https://onlinelibrary.wiley.com/journal/24761508,1.5
595,IPPR Progressive Review,25732331,Social & Behavioral Sciences,General & Introductory Political Science,https://onlinelibrary.wiley.com/journal/25732331,0
596,Irrigation and Drainage,15310361,"Earth, Space & Environmental Sciences",Water Resource Management,https://onlinelibrary.wiley.com/journal/15310361,1.9
597,Island Arc,14401738,"Earth, Space & Environmental Sciences",Geology & Geophysics,https://onlinelibrary.wiley.com/journal/14401738,1.5
598,Israel Journal of Chemistry,18695868,Chemistry,General Chemistry,https://onlinelibrary.wiley.com/journal/18695868,3.2
599,IUBMB Life,15216551,Life Sciences,Cell & Molecular Biology,https://iubmb.onlinelibrary.wiley.com/journal/15216551,4.6
600,JACCP: Journal of the American College of Clinical Pharmacy,25749870,Medicine,Pharmacology & Pharmaceutical Medicine,https://onlinelibrary.wiley.com/journal/25749870,1.6
601,Japan Journal of Nursing Science,17427924,"Nursing, Dentistry & Healthcare",Nursing General,https://onlinelibrary.wiley.com/journal/17427924,1.7
602,Japanese Journal of Sociology,27691357,Social & Behavioral Sciences,General Sociology,https://onlinelibrary.wiley.com/journal/27691357,1.2
603,JCMS: Journal of Common Market Studies,14685965,Social & Behavioral Sciences,General & Introductory Political Science,https://onlinelibrary.wiley.com/journal/14685965,2.2
604,Journal der Deutschen Dermatologischen Gesellschaft,16100387,Medicine,Dermatology,https://onlinelibrary.wiley.com/journal/16100387,3.9
605,Journal For Eighteenth-Century Studies,17540208,Humanities,Modern History (1780-1900),https://onlinelibrary.wiley.com/journal/17540208,0.4
606,Journal for Specialists In Pediatric Nursing,17446155,"Nursing, Dentistry & Healthcare",Clinical Specialties,https://onlinelibrary.wiley.com/journal/17446155,1.3
607,Journal for the Anthropology of North America,24755389,Social & Behavioral Sciences,North American Anthropology,https://anthrosource.onlinelibrary.wiley.com/journal/24755389,0
608,Journal for the Scientific Study of Religion,14685906,Social & Behavioral Sciences,Sociology of Religion,https://onlinelibrary.wiley.com/journal/14685906,2.4
609,Journal for the Theory of Social Behaviour,14685914,Psychology,Social Psychology,https://onlinelibrary.wiley.com/journal/14685914,1.4
610,Journal of Accounting Research,1475679X,"Business, Economics, Finance & Accounting",Financial Accounting,https://onlinelibrary.wiley.com/journal/1475679X,4.4
611,Journal of Addictions & Offender Counseling,21611874,Psychology,Psychotherapy & Counseling,https://onlinelibrary.wiley.com/journal/21611874,1.6
612,Journal of Adolescence,10959254,Psychology,Adolescence,https://onlinelibrary.wiley.com/journal/10959254,3.8
613,Journal of Adolescent & Adult Literacy,19362706,Social & Behavioral Sciences,Literacy & Reading,https://ila.onlinelibrary.wiley.com/journal/19362706,0.9
614,Journal of Advanced Nursing,13652648,"Nursing, Dentistry & Healthcare",Nursing General,https://onlinelibrary.wiley.com/journal/13652648,3.8
615,Journal of Agrarian Change,14710366,Social & Behavioral Sciences,General & Introductory Development Studies,https://onlinelibrary.wiley.com/journal/14710366,2.5
616,Journal of Agricultural Economics,14779552,"Agriculture, Aquaculture & Food Science",Agricultural Economics & Resource Management,https://onlinelibrary.wiley.com/journal/14779552,3.4
617,Journal of Agronomy and Crop Science,1439037X,"Agriculture, Aquaculture & Food Science",General & Introductory Agriculture,https://onlinelibrary.wiley.com/journal/1439037X,3.5
618,Journal of Analytical Psychology,14685922,Psychology,Psychotherapy & Counseling,https://onlinelibrary.wiley.com/journal/14685922,0.4
619,Journal of Anatomy,14697580,Life Sciences,Anatomy & Physiology,https://onlinelibrary.wiley.com/journal/14697580,2.4
620,Journal of Animal Breeding and Genetics,14390388,Life Sciences,Animal Genetics,https://onlinelibrary.wiley.com/journal/14390388,2.6
621,Journal of Animal Ecology,13652656,Life Sciences,Animal Ecology,https://besjournals.onlinelibrary.wiley.com/journal/13652656,4.8
622,Journal of Animal Physiology and Animal Nutrition,14390396,"Agriculture, Aquaculture & Food Science",Feed,https://onlinelibrary.wiley.com/journal/14390396,2.7
623,Journal of Applied Behavior Analysis,19383703,Psychology,Health & Behavioral Clinical Psychology,https://onlinelibrary.wiley.com/journal/19383703,2.9
624,Journal of Applied Crystallography,16005767,"Earth, Space & Environmental Sciences",Crystallography,https://onlinelibrary.wiley.com/journal/S16005767,6.1
625,Journal of Applied Ecology,13652664,Life Sciences,Applied Ecology,https://besjournals.onlinelibrary.wiley.com/journal/13652664,5.7
626,Journal of Applied Econometrics,10991255,"Business, Economics, Finance & Accounting",Econometrics,https://onlinelibrary.wiley.com/journal/10991255,2.1
627,Journal of Applied Entomology,14390418,Life Sciences,Entomology,https://onlinelibrary.wiley.com/journal/14390418,1.9
628,Journal of Applied Philosophy,14685930,Humanities,Applied Ethics,https://onlinelibrary.wiley.com/journal/14685930,1.1
629,Journal of Applied Polymer Science,10974628,Physical Sciences & Engineering,Polymer Science & Technology General,https://onlinelibrary.wiley.com/journal/10974628,3
630,Journal of Applied Research in Intellectual Disabilities,14683148,"Nursing, Dentistry & Healthcare",Intellectual Disability,https://onlinelibrary.wiley.com/journal/14683148,2.4
631,Journal of Applied Social Psychology,15591816,Psychology,Applied Social Psychology,https://onlinelibrary.wiley.com/journal/15591816,2.5
632,Journal of Applied Toxicology,10991263,Chemistry,Toxicology,https://onlinelibrary.wiley.com/journal/10991263,3.3
633,Journal of Basic Microbiology,15214028,Life Sciences,Microbiology,https://onlinelibrary.wiley.com/journal/15214028,3.1
634,Journal of Behavioral Decision Making,10990771,"Business, Economics, Finance & Accounting",Decision Sciences,https://onlinelibrary.wiley.com/journal/10990771,2
635,Journal of Biochemical and Molecular Toxicology,10990461,Chemistry,Toxicology,https://onlinelibrary.wiley.com/journal/10990461,3.6
636,Journal of Biogeography,13652699,Life Sciences,Conservation Science,https://onlinelibrary.wiley.com/journal/13652699,3.9
637,Journal of Biomedical Materials Research Part A,15524965,Physical Sciences & Engineering,Polymer Science & Technology General,https://onlinelibrary.wiley.com/journal/15524965,4.9
638,Journal of Biomedical Materials Research Part B: Applied Biomaterials,15524981,Physical Sciences & Engineering,Polymer Science & Technology General,https://onlinelibrary.wiley.com/journal/15524981,3.4
639,Journal of Biophotonics,18640648,Physical Sciences & Engineering,Optics & Photonics,https://onlinelibrary.wiley.com/journal/18640648,2.8
640,Journal of Business Finance & Accounting,14685957,"Business, Economics, Finance & Accounting",Corporate Finance,https://onlinelibrary.wiley.com/journal/14685957,2.9
641,Journal of Business Logistics,21581592,"Business, Economics, Finance & Accounting",Management,https://onlinelibrary.wiley.com/journal/21581592,10.3
642,Journal of Cardiovascular Electrophysiology,15408167,Medicine,Cardiovascular Disease,https://onlinelibrary.wiley.com/journal/15408167,2.7
643,Journal of Cellular Biochemistry,10974644,Life Sciences,Cell Biology (Life Sciences),https://onlinelibrary.wiley.com/journal/10974644,4
644,Journal of Cellular Physiology,10974652,Life Sciences,Genomics & Proteomics,https://onlinelibrary.wiley.com/journal/10974652,5.6
645,Journal of Chemical Technology and Biotechnology,10974660,Chemistry,General & Introductory Chemical Engineering,https://onlinelibrary.wiley.com/journal/10974660,3.4
646,Journal of Chemometrics,1099128X,Chemistry,Lab Automation & Miniaturization,https://onlinelibrary.wiley.com/journal/1099128X,2.4
647,Journal of Child and Adolescent Psychiatric Nursing,17446171,"Nursing, Dentistry & Healthcare",Nursing General,https://onlinelibrary.wiley.com/journal/17446171,1.5
648,Journal of Child Psychology and Psychiatry,14697610,Psychology,Developmental Psychology,https://onlinelibrary.wiley.com/journal/14697610,7.6
649,Journal of Clinical Apheresis,10981101,Medicine,Hematology,https://onlinelibrary.wiley.com/journal/10981101,1.5
650,Journal of Clinical Nursing,13652702,"Nursing, Dentistry & Healthcare",Nursing General,https://onlinelibrary.wiley.com/journal/13652702,4.2
651,Journal of Clinical Periodontology,1600051X,"Nursing, Dentistry & Healthcare",Periodontology,https://onlinelibrary.wiley.com/journal/1600051X,6.7
652,Journal of Clinical Psychology,10974679,Psychology,Clinical Psychology,https://onlinelibrary.wiley.com/journal/10974679,3
653,Journal of Clinical Ultrasound,10970096,Medicine,Radiology & Imaging,https://onlinelibrary.wiley.com/journal/10970096,0.9
654,Journal of Combinatorial Designs,15206610,Mathematics & Statistics,General & Introductory Mathematics,https://onlinelibrary.wiley.com/journal/15206610,0.7
655,Journal of Community & Applied Social Psychology,10991298,Psychology,Applied Social Psychology,https://onlinelibrary.wiley.com/journal/10991298,2.7
656,Journal of Community Psychology,15206629,Psychology,Psychology General,https://onlinelibrary.wiley.com/journal/15206629,2.3
657,Journal of Computational Chemistry,1096987X,Chemistry,Computational Chemistry & Molecular Modeling,https://onlinelibrary.wiley.com/journal/1096987X,3
658,Journal of Computer Assisted Learning,13652729,Social & Behavioral Sciences,General & Introductory Education,https://onlinelibrary.wiley.com/journal/13652729,5
659,Journal of Consumer Affairs,17456606,"Business, Economics, Finance & Accounting",Introductory Marketing,https://onlinelibrary.wiley.com/journal/17456606,2.8
660,Journal of Consumer Behaviour,14791838,"Business, Economics, Finance & Accounting",Consumer Behavior,https://onlinelibrary.wiley.com/journal/14791838,4.3
661,Journal of Consumer Psychology,15327663,"Business, Economics, Finance & Accounting",Business & Management Special Topics,https://onlinelibrary.wiley.com/journal/15327663,4.8
662,Journal of Contingencies and Crisis Management,14685973,Social & Behavioral Sciences,General & Introductory Political Science,https://onlinelibrary.wiley.com/journal/14685973,3.1
663,Journal of Corporate Accounting & Finance,10970053,"Business, Economics, Finance & Accounting",Corporate Finance,https://onlinelibrary.wiley.com/journal/10970053,1.4
664,Journal of Counseling & Development,15566676,Psychology,Psychotherapy & Counseling,https://onlinelibrary.wiley.com/journal/15566676,2.3
665,Journal of Critical Infrastructure Policy,26933101,Social & Behavioral Sciences,Infrastructure,https://onlinelibrary.wiley.com/journal/26933101,0
666,Journal of Cutaneous Pathology,16000560,Medicine,Dermatology,https://onlinelibrary.wiley.com/journal/16000560,1.7
667,Journal of Dental Education,19307837,"Nursing, Dentistry & Healthcare",Dental Professional Practice,https://onlinelibrary.wiley.com/journal/19307837,2.3
668,Journal of Digestive Diseases,17512980,Medicine,Gastroenterology,https://onlinelibrary.wiley.com/journal/17512980,3.5
669,Journal of Ecology,13652745,Life Sciences,Plant Ecology,https://besjournals.onlinelibrary.wiley.com/journal/13652745,5.5
670,Journal of Economic Surveys,14676419,"Business, Economics, Finance & Accounting",General & Introductory Economics,https://onlinelibrary.wiley.com/journal/14676419,5.3
671,Journal of Economics & Management Strategy,15309134,"Business, Economics, Finance & Accounting",Financial Economics,https://onlinelibrary.wiley.com/journal/15309134,1.9
672,Journal of Educational Measurement,17453984,Social & Behavioral Sciences,Educational Research & Statistics,https://onlinelibrary.wiley.com/journal/17453984,1.3
673,Journal of Elder Policy,27677451,Social & Behavioral Sciences,Geriatric Medicine,https://onlinelibrary.wiley.com/journal/27677451,0
674,Journal of Empirical Legal Studies,17401461,Law & Criminology,General & Introductory Law,https://onlinelibrary.wiley.com/journal/17401461,1.7
675,Journal of Employment Counseling,21611920,Psychology,Psychotherapy & Counseling,https://onlinelibrary.wiley.com/journal/21611920,1.6
676,Journal of Engineering Education,21689830,Physical Sciences & Engineering,General & Introductory Electrical & Electronics Engineering,https://onlinelibrary.wiley.com/journal/21689830,3.4
677,Journal of Environmental Quality,15372537,"Earth, Space & Environmental Sciences",Environmental Change,https://onlinelibrary.wiley.com/journal/15372537,2.4
678,Journal of Esthetic and Restorative Dentistry,17088240,"Nursing, Dentistry & Healthcare",Esthetic Dentistry,https://onlinelibrary.wiley.com/journal/17088240,3.2
679,Journal of Eukaryotic Microbiology,15507408,Life Sciences,Microbiology,https://onlinelibrary.wiley.com/journal/15507408,2.2
680,Journal of Evaluation in Clinical Practice,13652753,"Nursing, Dentistry & Healthcare",Consumer Health General,https://onlinelibrary.wiley.com/journal/13652753,2.4
681,Journal of Evidence-Based Medicine,17565391,Medicine,Evidence-Based Health Care,https://onlinelibrary.wiley.com/journal/17565391,7.3
682,Journal of Experimental Zoology Part A: Ecological and Intergrative Physiology (former isbn 19325231),2471-5646,Life Sciences,Ecology & Organismal Biology,https://onlinelibrary.wiley.com/journal/24715646,1.9
683,Journal of Experimental Zoology Part B: Molecular and Developmental Evolution,15525015,Life Sciences,Ecology & Organismal Biology,https://onlinelibrary.wiley.com/journal/15525015,2.2
684,Journal of Family Theory & Review,17562589,Social & Behavioral Sciences,Family Studies General,https://onlinelibrary.wiley.com/journal/17562589,4.5
685,Journal of Family Therapy,14676427,Psychology,Family Therapy,https://onlinelibrary.wiley.com/journal/14676427,1.6
686,Journal of Field Robotics,15564967,Physical Sciences & Engineering,General & Introductory Electrical & Electronics Engineering,https://onlinelibrary.wiley.com/journal/15564967,8.3
687,Journal of Financial Research,14756803,"Business, Economics, Finance & Accounting",General Finance & Investments,https://onlinelibrary.wiley.com/journal/14756803,3.5
688,Journal of Fish Biology,10958649,"Agriculture, Aquaculture & Food Science","General Aquaculture, Fisheries & Fish Science",https://onlinelibrary.wiley.com/journal/10958649,2
689,Journal of Fish Diseases,13652761,"Agriculture, Aquaculture & Food Science","General Aquaculture, Fisheries & Fish Science",https://onlinelibrary.wiley.com/journal/13652761,2.5
690,Journal of Food Process Engineering,17454530,"Agriculture, Aquaculture & Food Science",General & Introductory Food Science & Technology,https://onlinelibrary.wiley.com/journal/17454530,3
691,Journal of Food Safety,17454565,"Agriculture, Aquaculture & Food Science",General & Introductory Food Science & Technology,https://onlinelibrary.wiley.com/journal/17454565,2.4
692,Journal of Food Science,17503841,"Agriculture, Aquaculture & Food Science",General & Introductory Food Science & Technology,https://onlinelibrary.wiley.com/journal/17503841,3.9
693,Journal of Forecasting,1099131X,"Business, Economics, Finance & Accounting",General & Introductory Economics,https://onlinelibrary.wiley.com/journal/1099131X,3.4
694,Journal of Forensic Sciences,15564029,Life Sciences,Forensic Science,https://onlinelibrary.wiley.com/journal/15564029,1.6
695,Journal of Gastroenterology and Hepatology,14401746,Medicine,Gastroenterology & Hepatology,https://onlinelibrary.wiley.com/journal/14401746,4.1
696,Journal of Genetic Counseling,15733599,Life Sciences,Human Genetics,https://onlinelibrary.wiley.com/journal/15733599,1.9
697,Journal of Geophysical Research: Atmospheres,21698996,"Earth, Space & Environmental Sciences",Atmospheric Sciences,https://agupubs.onlinelibrary.wiley.com/journal/21698996,4.4
698,Journal of Geophysical Research: Biogeosciences,21698961,"Earth, Space & Environmental Sciences","Paleontology, Paleobiology & Geobiology",https://agupubs.onlinelibrary.wiley.com/journal/21698961,3.7
699,Journal of Geophysical Research: Earth Surface,21699011,"Earth, Space & Environmental Sciences",Geomorphology,https://agupubs.onlinelibrary.wiley.com/journal/21699011,3.9
700,Journal of Geophysical Research: Oceans,21699291,"Earth, Space & Environmental Sciences",Oceanography & Paleoceanography,https://agupubs.onlinelibrary.wiley.com/journal/21699291,3.6
701,Journal of Geophysical Research: Planets,21699100,"Earth, Space & Environmental Sciences",Geology & Geophysics,https://agupubs.onlinelibrary.wiley.com/journal/21699100,4.8
702,Journal of Geophysical Research: Solid Earth,21699356,"Earth, Space & Environmental Sciences",Geology & Geophysics,https://agupubs.onlinelibrary.wiley.com/journal/21699356,3.9
703,Journal of Geophysical Research: Space Physics,21699402,"Earth, Space & Environmental Sciences",Atmospheric Physics & Chemistry,https://agupubs.onlinelibrary.wiley.com/journal/21699402,2.8
704,Journal of Graph Theory,10970118,Mathematics & Statistics,Graph Theory,https://onlinelibrary.wiley.com/journal/10970118,0.9
705,Journal of Healthcare Risk Management,20400861,"Nursing, Dentistry & Healthcare",Law & Ethics in Health & Social Care,https://onlinelibrary.wiley.com/journal/20400861,0
706,Journal of Hepato-Biliary-Pancreatic Sciences,18686982,Medicine,Surgery & Surgical Specialties,https://onlinelibrary.wiley.com/journal/18686982,3
707,Journal of Heterocyclic Chemistry,19435193,Chemistry,Organic Chemistry,https://onlinelibrary.wiley.com/journal/19435193,2.4
708,Journal of Hospital Medicine,15535606,Medicine,General & Internal Medicine,https://onlinelibrary.wiley.com/journal/15535606,3.4
709,Journal of Human Nutrition and Dietetics,1365277X,"Nursing, Dentistry & Healthcare",Nutrition,https://onlinelibrary.wiley.com/journal/1365277X,3.3
710,Journal of Inherited Metabolic Disease,15732665,Medicine,Metabolic Disease,https://onlinelibrary.wiley.com/journal/15732665,4.2
711,Journal of Integrative Plant Biology,17447909,Life Sciences,Plant Science,https://onlinelibrary.wiley.com/journal/17447909,11.4
712,Journal of Intellectual Disability Research,13652788,"Nursing, Dentistry & Healthcare",Intellectual Disability,https://onlinelibrary.wiley.com/journal/13652788,3.6
713,Journal of Internal Medicine,13652796,Medicine,General & Internal Medicine,https://onlinelibrary.wiley.com/journal/13652796,11.1
714,Journal of International Development,10991328,Social & Behavioral Sciences,General & Introductory Development Studies,https://onlinelibrary.wiley.com/journal/10991328,1.4
715,Journal of International Financial Management & Accounting,1467646X,"Business, Economics, Finance & Accounting",International Finance,https://onlinelibrary.wiley.com/journal/1467646X,5.1
716,Journal of Investigative Psychology and Offender Profiling,15444767,Psychology,Clinical Psychology,https://onlinelibrary.wiley.com/journal/15444767,1
717,Journal of Labelled Compounds and Radiopharmaceuticals,10991344,Chemistry,Methods - Synthesis & Techniques,https://onlinelibrary.wiley.com/journal/10991344,1.8
718,Journal of Law and Society,14676478,Law & Criminology,General & Introductory Law,https://onlinelibrary.wiley.com/journal/14676478,1.3
719,Journal of Leadership Studies,1935262X,"Business, Economics, Finance & Accounting",Organization & Management Theory,https://onlinelibrary.wiley.com/journal/1935262X,1.5
720,Journal of Legal Studies Education,17441722,Law & Criminology,Commercial Law,https://onlinelibrary.wiley.com/journal/17441722,0.4
721,Journal of Linguistic Anthropology,15481395,Humanities,Linguistic Anthropology,https://anthrosource.onlinelibrary.wiley.com/journal/15481395,0.8
722,Journal of Magnetic Resonance Imaging,15222586,Medicine,Radiology & Imaging,https://onlinelibrary.wiley.com/journal/15222586,4.4
723,Journal of Management Studies,14676486,"Business, Economics, Finance & Accounting",Management,https://onlinelibrary.wiley.com/journal/14676486,10.5
724,Journal of Marital and Family Therapy,17520606,Psychology,Family Therapy,https://onlinelibrary.wiley.com/journal/17520606,2.2
725,Journal of Marriage and Family,17413737,Social & Behavioral Sciences,Family Studies General,https://onlinelibrary.wiley.com/journal/17413737,6
726,Journal of Mass Spectrometry,10969888,Chemistry,Mass Spectrometry,https://onlinelibrary.wiley.com/journal/10969888c,2.3
727,Journal of Medical Imaging and Radiation Oncology,17549485,Medicine,Radiology & Imaging,https://onlinelibrary.wiley.com/journal/17549485,1.6
728,Journal of Medical Primatology,16000684,Medicine,Dermatology,https://onlinelibrary.wiley.com/journal/16000684,0.7
729,Journal of Medical Virology,10969071,Life Sciences,Infectious Disease & Microbiology,https://onlinelibrary.wiley.com/journal/10969071,12.7
730,Journal of Metamorphic Geology,15251314,"Earth, Space & Environmental Sciences",Geochemistry & Mineralogy,https://onlinelibrary.wiley.com/journal/15251314,3.4
731,Journal of Microscopy,13652818,Chemistry,Microscopy,https://onlinelibrary.wiley.com/journal/13652818,2
732,Journal of Midwifery & Women's Health,15422011,"Nursing, Dentistry & Healthcare",Nursing General,https://onlinelibrary.wiley.com/journal/15422011,2.7
733,Journal of Molecular Recognition,10991352,Chemistry,Biochemistry (Chemical Biology),https://onlinelibrary.wiley.com/journal/10991352,2.7
734,"Journal of Money, Credit and Banking",15384616,"Business, Economics, Finance & Accounting",Macroeconomics,https://onlinelibrary.wiley.com/journal/15384616,1.5
735,Journal of Morphology,10974687,Life Sciences,General & Introductory Life Sciences,https://onlinelibrary.wiley.com/journal/10974687,1.5
736,Journal of Multi-Criteria Decision Analysis,10991360,"Business, Economics, Finance & Accounting",Decision Sciences,https://onlinelibrary.wiley.com/journal/10991360,2
737,Journal of Multicultural Counseling and Development,21611912,Psychology,Psychotherapy & Counseling,https://onlinelibrary.wiley.com/journal/21611912,1
738,Journal of Neurochemistry,14714159,Life Sciences,Neuroscience,https://onlinelibrary.wiley.com/journal/14714159,4.7
739,Journal of Neuroendocrinology,13652826,Life Sciences,Neuroendocrinology,https://onlinelibrary.wiley.com/journal/13652826,3.2
740,Journal of Neuroimaging,15526569,Medicine,Neurology,https://onlinelibrary.wiley.com/journal/15526569,2.4
741,Journal of Neuropsychology,17486653,Psychology,Clinical Neuropsychology,https://onlinelibrary.wiley.com/journal/17486653,2.2
742,Journal of Neuroscience Research,10974547,Life Sciences,Neuroscience,https://onlinelibrary.wiley.com/journal/10974547,4.2
743,Journal of Nursing Scholarship,15475069,"Nursing, Dentistry & Healthcare",Nursing General,https://sigmapubs.onlinelibrary.wiley.com/journal/15475069,3.4
744,Journal of Obstetrics and Gynaecology Research,14470756,Medicine,Obstetrics & Gynecology,https://obgyn.onlinelibrary.wiley.com/journal/14470756,1.6
745,Journal of Occupational and Organizational Psychology,20448325,Psychology,Organizational & Industrial Psychology,https://onlinelibrary.wiley.com/journal/20448325,6.2
746,Journal of Operations Management,18731317,"Business, Economics, Finance & Accounting",Management,https://onlinelibrary.wiley.com/journal/18731317,7.8
747,Journal of Oral Pathology & Medicine,16000714,"Nursing, Dentistry & Healthcare",Oral Pathology,https://onlinelibrary.wiley.com/journal/16000714,3.3
748,Journal of Oral Rehabilitation,13652842,"Nursing, Dentistry & Healthcare",Restorative Dentistry,https://onlinelibrary.wiley.com/journal/13652842,2.9
749,Journal of Organizational Behavior,10991379,"Business, Economics, Finance & Accounting",Organizational Behavior,https://onlinelibrary.wiley.com/journal/10991379,6.8
750,Journal of Orthopaedic Research ®,1554527X,Medicine,Orthopedics,https://onlinelibrary.wiley.com/journal/1554527X,2.8
751,Journal of Paediatrics and Child Health,14401754,Medicine,Pediatrics,https://onlinelibrary.wiley.com/journal/14401754,1.7
752,Journal of Parenteral and Enteral Nutrition,19412444,"Nursing, Dentistry & Healthcare",Nutrition & Dietetics General,https://onlinelibrary.wiley.com/journal/19412444,3.4
753,Journal of Pediatric Gastroenterology and Nutrition,15364801,Medicine,Pediatrics,https://onlinelibrary.wiley.com/journal/15364801,0
754,Journal of Peptide Science,10991387,Chemistry,"Biomolecules (DNA, RNA, Peptides, etc.)",https://onlinelibrary.wiley.com/journal/10991387,2.1
755,Journal of Periodontal Research,16000765,"Nursing, Dentistry & Healthcare",Periodontology,https://onlinelibrary.wiley.com/journal/16000765,3.5
756,Journal of Periodontology,19433670,"Nursing, Dentistry & Healthcare",General Dentistry,https://onlinelibrary.wiley.com/journal/19433670,4.3
757,Journal of Personality,14676494,Psychology,Personality & Individual Differences,https://onlinelibrary.wiley.com/journal/14676494,5
758,Journal of Petroleum Geology,17475457,"Earth, Space & Environmental Sciences",Economic & Applied Geology,https://onlinelibrary.wiley.com/journal/17475457,1.8
759,Journal of Pharmacy Practice and Research,20552335,Medicine,Pharmacy,https://onlinelibrary.wiley.com/journal/20552335,2.1
760,Journal of Philanthropy and Marketing,26911361,"Business, Economics, Finance & Accounting",Non-Profit Organizations / Marketing & Communications,https://onlinelibrary.wiley.com/journal/26911361,1.3
761,Journal of Phycology,15298817,Life Sciences,Phycology,https://onlinelibrary.wiley.com/journal/15298817,2.9
762,Journal of Physical Organic Chemistry,10991395,Chemistry,Physical Organic Chemistry,https://onlinelibrary.wiley.com/journal/10991395,1.8
763,Journal of Phytopathology,14390434,Life Sciences,Plant Pathology,https://onlinelibrary.wiley.com/journal/14390434,1.5
764,Journal of Pineal Research,1600079X,Life Sciences,Neuroscience,https://onlinelibrary.wiley.com/journal/1600079X,10.3
765,Journal of Plant Nutrition and Soil Science,15222624,"Agriculture, Aquaculture & Food Science",Soil,https://onlinelibrary.wiley.com/journal/15222624,2.5
766,Journal of Plant Registrations,19403496,Life Sciences,Plant Genetics,https://onlinelibrary.wiley.com/journal/19403496,0.8
767,Journal of Policy Analysis and Management,15206688,Social & Behavioral Sciences,Public Administration,https://onlinelibrary.wiley.com/journal/15206688,3.8
768,Journal of Policy and Practice In Intellectual Disabilities,17411130,"Nursing, Dentistry & Healthcare",Intellectual Disability,https://onlinelibrary.wiley.com/journal/17411130,1.7
769,Journal of Polymer Science,26424169,Physical Sciences & Engineering,Polymer Synthesis,https://onlinelibrary.wiley.com/journal/26424169,3.4
770,Journal of Product Innovation Management,15405885,"Business, Economics, Finance & Accounting",Creativity & Innovation Management,https://onlinelibrary.wiley.com/journal/15405885,10.5
771,Journal of Prosthodontics,1532849X,"Nursing, Dentistry & Healthcare",Prosthodontics,https://onlinelibrary.wiley.com/journal/1532849X,4
772,Journal of Psychiatric and Mental Health Nursing,13652850,"Nursing, Dentistry & Healthcare",Nursing General,https://onlinelibrary.wiley.com/journal/13652850,2.7
773,Journal of Public Affairs,14791854,"Business, Economics, Finance & Accounting",General & Introductory Business & Management,https://onlinelibrary.wiley.com/journal/14791854,2.6
774,Journal of Public Economic Theory,14679779,"Business, Economics, Finance & Accounting",Public Economics,https://onlinelibrary.wiley.com/journal/14679779,1.1
775,Journal of Public Health Dentistry,17527325,"Nursing, Dentistry & Healthcare",Community Dentistry & Public Health,https://onlinelibrary.wiley.com/journal/17527325,2.3
776,Journal of Quaternary Science,10991417,"Earth, Space & Environmental Sciences",Quaternary Science & Glaciology,https://onlinelibrary.wiley.com/journal/10991417,2.3
777,Journal of Raman Spectroscopy,10974555,Chemistry,Spectroscopy,https://onlinelibrary.wiley.com/journal/10974555,2.5
778,Journal Of Regional Science,14679787,Social & Behavioral Sciences,Regional Studies,https://onlinelibrary.wiley.com/journal/14679787,3
779,Journal of Religious Ethics,14679795,Humanities,Religious Ethics,https://onlinelibrary.wiley.com/journal/14679795,0.4
780,Journal of Religious History,14679809,Humanities,History of Religion,https://onlinelibrary.wiley.com/journal/14679809,0.3
781,Journal of Renal Care,17556686,"Nursing, Dentistry & Healthcare",Nursing General,https://onlinelibrary.wiley.com/journal/17556686,1.9
782,Journal of Research in Reading,14679817,Social & Behavioral Sciences,Literacy & Reading,https://onlinelibrary.wiley.com/journal/14679817,2.7
783,Journal of Research in Science Teaching,10982736,Social & Behavioral Sciences,Science,https://onlinelibrary.wiley.com/journal/10982736,4.6
784,Journal of Research in Special Educational Needs,14713802,Social & Behavioral Sciences,Special Educational Needs,https://onlinelibrary.wiley.com/journal/14713802,1.5
785,Journal of Research On Adolescence,15327795,Psychology,Developmental Psychology,https://onlinelibrary.wiley.com/journal/15327795,3.6
786,Journal of Risk and Insurance,15396975,"Business, Economics, Finance & Accounting",Insurance & Risk Management,https://onlinelibrary.wiley.com/journal/15396975,1.9
787,Journal of School Health,17461561,"Nursing, Dentistry & Healthcare",Child & Family Health & Social Care,https://onlinelibrary.wiley.com/journal/17461561,2.2
788,Journal of Sensory Studies,1745459X,"Agriculture, Aquaculture & Food Science",General & Introductory Food Science & Technology,https://onlinelibrary.wiley.com/journal/1745459X,2
789,Journal of Separation Science,16159314,Chemistry,Chromatography / Separation Techniques,https://onlinelibrary.wiley.com/journal/16159314,3.1
790,Journal of Sleep Research,13652869,Medicine,Neurology,https://onlinelibrary.wiley.com/journal/13652869,4.4
791,Journal of Small Animal Practice,17485827,Veterinary Medicine,Veterinary Medicine / Small Animal General,https://onlinelibrary.wiley.com/journal/17485827,1.6
792,Journal of Social Issues,15404560,Psychology,Social Psychology,https://spssi.onlinelibrary.wiley.com/journal/15404560,3.9
793,Journal of Social Philosophy,14679833,Humanities,Social Philosophy,https://onlinelibrary.wiley.com/journal/14679833,0.8
794,Journal of Sociolinguistics,14679841,Humanities,Linguistic Anthropology,https://onlinelibrary.wiley.com/journal/14679841,1.9
795,Journal of Software: Evolution and Process,20477481,Computer Science  & Information Technology,Programming & Software Development,https://onlinelibrary.wiley.com/journal/20477481,2
796,Journal of Supply Chain Management,1745493X,"Business, Economics, Finance & Accounting",Production Operations Management,https://onlinelibrary.wiley.com/journal/1745493X,10.6
797,Journal of Surfactants and Detergents,15589293,Chemistry,Petrochemistry / Fuel,https://onlinelibrary.wiley.com/journal/15589293,1.6
798,Journal of Surgical Oncology,10969098,Medicine,Oncology & Radiotherapy,https://onlinelibrary.wiley.com/journal/10969098,2.5
799,Journal of Systematics and Evolution,17596831,Life Sciences,Evolution,https://onlinelibrary.wiley.com/journal/17596831,3.7
800,Journal of Texture Studies,17454603,"Agriculture, Aquaculture & Food Science",General & Introductory Food Science & Technology,https://onlinelibrary.wiley.com/journal/17454603,3.2
801,Journal of the American Ceramic Society,15512916,Physical Sciences & Engineering,Ceramics,https://onlinelibrary.wiley.com/journal/15512916,3.9
802,Journal of the American Geriatrics Society,15325415,Medicine,Geriatric Medicine,https://onlinelibrary.wiley.com/journal/15325415,6.3
803,Journal of The American Oil Chemists' Society,15589331,Chemistry,Industrial Chemistry,https://onlinelibrary.wiley.com/journal/15589331,2
804,Journal of the American Water Resources Association,17521688,"Earth, Space & Environmental Sciences",Environmental Science,https://onlinelibrary.wiley.com/journal/17521688,2.4
805,Journal of the Association for Information Science and Technology,23301643,Computer Science  & Information Technology,General & Introductory Computer Science,https://onlinelibrary.wiley.com/journal/23301643,3.5
806,Journal of the Chinese Chemical Society,21926549,Chemistry,General Chemistry,https://onlinelibrary.wiley.com/journal/21926549,1.8
807,Journal of the European Academy of Dermatology and Venereology,14683083,Medicine,Dermatology,https://onlinelibrary.wiley.com/journal/14683083,9.2
808,Journal of the Experimental Analysis of Behavior,19383711,Psychology,Psychology General,https://onlinelibrary.wiley.com/journal/19383711,2.7
809,Journal of the History of the Behavioral Sciences,15206696,Humanities,General & Introductory History,https://onlinelibrary.wiley.com/journal/15206696,0.6
810,Journal of the London Mathematical Society,14697750,Mathematics & Statistics,General & Introductory Mathematics,https://londmathsoc.onlinelibrary.wiley.com/journal/14697750,1.2
811,Journal of the Peripheral Nervous System,15298027,Medicine,Neurology,https://onlinelibrary.wiley.com/journal/15298027,3.8
812,Journal of the Royal Anthropological Institute,14679655,Social & Behavioral Sciences,General & Introductory Anthropology,https://onlinelibrary.wiley.com/journal/14679655,1.2
813,Journal of the Royal Society of New Zealand,1175-8899,Life Sciences,Life Sciences,https://rsnz.onlinelibrary.wiley.com/journal/11758899,
814,Journal of the Science of Food and Agriculture,10970010,"Agriculture, Aquaculture & Food Science",General & Introductory Food Science & Technology,https://onlinelibrary.wiley.com/journal/10970010,4.1
815,Journal of the Society for Information Display,19383657,Physical Sciences & Engineering,Electrical Engineering - Displays,https://onlinelibrary.wiley.com/journal/19383657,2.3
816,Journal of Time Series Analysis,14679892,Mathematics & Statistics,Time Series,https://onlinelibrary.wiley.com/journal/14679892,0.9
817,Journal of Topology,17538424,Mathematics & Statistics,General & Introductory Mathematics,https://londmathsoc.onlinelibrary.wiley.com/journal/17538424,1.1
818,Journal of Traumatic Stress,15736598,Psychology,Clinical Psychology,https://onlinelibrary.wiley.com/journal/15736598,3.3
819,Journal of Ultrasound in Medicine,15509613,Medicine,Radiology & Imaging,https://onlinelibrary.wiley.com/journal/15509613,2.3
820,Journal of Vegetation Science,16541103,Life Sciences,Ecology & Organismal Biology,https://onlinelibrary.wiley.com/journal/16541103,2.8
821,Journal of Veterinary Emergency and Critical Care,14764431,Veterinary Medicine,General & Introductory Veterinary Medicine,https://onlinelibrary.wiley.com/journal/14764431,1.3
822,Journal of Veterinary Pharmacology and Therapeutics,13652885,Veterinary Medicine,General & Introductory Veterinary Medicine,https://onlinelibrary.wiley.com/journal/13652885,1.3
823,Journal of Vinyl & Additive Technology,15480585,Physical Sciences & Engineering,General & Introductory Materials Science,https://onlinelibrary.wiley.com/journal/15480585,2.7
824,Journal of Viral Hepatitis,13652893,Medicine,Gastroenterology & Hepatology,https://onlinelibrary.wiley.com/journal/13652893,2.5
825,Journal of Zoology,14697998,Life Sciences,Animal Science & Zoology,https://zslpublications.onlinelibrary.wiley.com/journal/14697998,2
826,Juvenile and Family Court Journal,17556988,Law & Criminology,Civil Law,https://onlinelibrary.wiley.com/journal/17556988,0.4
827,"Knee Surgery, Sports Traumatology, Arthroscopy",14337347,Medicine,Sports Medicine,https://onlinelibrary.wiley.com/journal/14337347,0
828,Knowledge and Process Management,10991441,"Business, Economics, Finance & Accounting",Organizational Development,https://onlinelibrary.wiley.com/journal/10991441,3.7
829,Kyklos,14676435,"Business, Economics, Finance & Accounting",General & Introductory Economics,https://onlinelibrary.wiley.com/journal/14676435,1.9
830,LABOUR,14679914,"Business, Economics, Finance & Accounting",General & Introductory Economics,https://onlinelibrary.wiley.com/journal/14679914,0.6
831,"Lakes & Reservoirs: Science, Policy and Management for Sustainable Use",14401770,"Earth, Space & Environmental Sciences","Environmental Management, Policy & Planning",https://onlinelibrary.wiley.com/journal/14401770,0
832,Land Degradation & Development,1099145X,"Earth, Space & Environmental Sciences",Environmental Geoscience,https://onlinelibrary.wiley.com/journal/1099145X,4.7
833,Language and Linguistics Compass,1749818X,Humanities,General & Introductory Linguistics,https://onlinelibrary.wiley.com/journal/1749818X,2.5
834,Language Learning,14679922,Humanities,Applied Linguistics,https://onlinelibrary.wiley.com/journal/14679922,4.4
835,Laser & Photonics Reviews,18638899,Physical Sciences & Engineering,General Physics,https://onlinelibrary.wiley.com/journal/18638899,11
836,Lasers in Surgery and Medicine,10969101,Medicine,General Surgery,https://onlinelibrary.wiley.com/journal/10969101,2.4
837,Latin American Policy,20417373,Social & Behavioral Sciences,Latin American Politics,https://onlinelibrary.wiley.com/journal/20417373,0.5
838,Law & Policy,14679930,Law & Criminology,General & Introductory Law,https://onlinelibrary.wiley.com/journal/14679930,1.3
839,Leader to Leader,15315355,"Business, Economics, Finance & Accounting",Non-Profit Organizations / Management Leadership,https://onlinelibrary.wiley.com/journal/15315355,0
840,Legal and Criminological Psychology,20448333,Psychology,Forensic Psychology,https://onlinelibrary.wiley.com/journal/20448333,2.3
841,Legislative Studies Quarterly,19399162,Social & Behavioral Sciences,General & Introductory Political Science,https://onlinelibrary.wiley.com/journal/19399162,1.5
842,Limnology and Oceanography,19395590,"Earth, Space & Environmental Sciences",Environmental Science,https://aslopubs.onlinelibrary.wiley.com/journal/19395590,4.5
843,Limnology and Oceanography Bulletin,15396088,"Earth, Space & Environmental Sciences",Environmental Science,https://aslopubs.onlinelibrary.wiley.com/journal/15396088,0
844,Limnology and Oceanography: Methods,15415856,"Earth, Space & Environmental Sciences",Environmental Science,https://aslopubs.onlinelibrary.wiley.com/journal/15415856,2.7
845,Lipids,15589307,"Agriculture, Aquaculture & Food Science",Oils & Fats,https://onlinelibrary.wiley.com/journal/15589307,1.9
846,Literacy,17414369,Social & Behavioral Sciences,Literacy & Reading,https://onlinelibrary.wiley.com/journal/17414369,1.3
847,Literature Compass,17414113,Humanities,General Literature,https://onlinelibrary.wiley.com/journal/17414113,0.3
848,Liver International,14783231,Medicine,Hepatology,https://onlinelibrary.wiley.com/journal/14783231,6.7
849,Lubrication Science,15576833,Physical Sciences & Engineering,General & Introductory Mechanical Engineering,https://onlinelibrary.wiley.com/journal/15576833,1.9
850,Luminescence,15227243,Chemistry,Analytical Chemistry,https://onlinelibrary.wiley.com/journal/15227243,2.9
851,LUTS: Lower Urinary Tract Symptoms,17575672,Medicine,Urology,https://onlinelibrary.wiley.com/journal/17575672,1.3
852,Macromolecular Bioscience,16165195,Physical Sciences & Engineering,Polymer Science & Technology General,https://onlinelibrary.wiley.com/journal/16165195,4.6
853,Macromolecular Chemistry and Physics,15213935,Physical Sciences & Engineering,Polymer Science & Technology General,https://onlinelibrary.wiley.com/journal/15213935,2.5
854,Macromolecular Rapid Communications,15213927,Physical Sciences & Engineering,Polymer Science & Technology General,https://onlinelibrary.wiley.com/journal/15213927,4.6
855,Macromolecular Reaction Engineering,18628338,Physical Sciences & Engineering,Polymer Science & Technology General,https://onlinelibrary.wiley.com/journal/18628338,1.5
856,Macromolecular Symposia,15213900,Physical Sciences & Engineering,Polymer Science & Technology General,https://onlinelibrary.wiley.com/journal/15213900,0
857,Macromolecular Theory and Simulations,15213919,Physical Sciences & Engineering,Polymer Science & Technology General,https://onlinelibrary.wiley.com/journal/15213919,1.4
858,Magnetic Resonance in Chemistry,1097458X,Chemistry,NMR Spectroscopy / MRI / Imaging,https://onlinelibrary.wiley.com/journal/1097458X,2
859,Magnetic Resonance in Medicine,15222594,Medicine,Radiology & Imaging,https://onlinelibrary.wiley.com/journal/15222594,3.3
860,Mammal Review,13652907,Life Sciences,Animal Science & Zoology,https://onlinelibrary.wiley.com/journal/13652907,4.9
861,Managerial and Decision Economics,10991468,"Business, Economics, Finance & Accounting",General & Introductory Economics,https://onlinelibrary.wiley.com/journal/10991468,2.2
862,Marine Ecology,14390485,Life Sciences,Ecology & Organismal Biology,https://onlinelibrary.wiley.com/journal/14390485,1.1
863,Marine Mammal Science,17487692,Life Sciences,Animal Science Methods,https://onlinelibrary.wiley.com/journal/17487692,2.3
864,Mass Spectrometry Reviews,10982787,Chemistry,Mass Spectrometry,https://onlinelibrary.wiley.com/journal/10982787,6.7
865,Materials and Corrosion,15214176,Physical Sciences & Engineering,Corrosion,https://onlinelibrary.wiley.com/journal/15214176,1.8
866,Materialwissenschaft und Werkstofftechnik,15214052,Physical Sciences & Engineering,General & Introductory Materials Science,https://onlinelibrary.wiley.com/journal/15214052,1.1
867,Mathematical Finance,14679965,Mathematics & Statistics,Business & Finance,https://onlinelibrary.wiley.com/journal/14679965,1.6
868,Mathematical Logic Quarterly,15213870,Mathematics & Statistics,Logic & Foundations,https://onlinelibrary.wiley.com/journal/15213870,0.3
869,Mathematical Methods in the Applied Sciences,10991476,Mathematics & Statistics,Mathematical Modeling,https://onlinelibrary.wiley.com/journal/10991476,2.9
870,Mathematika,20417942,Social & Behavioral Sciences,Mathematics,https://onlinelibrary.wiley.com/journal/20417942,0.8
871,Mathematische Nachrichten,15222616,Mathematics & Statistics,General & Introductory Mathematics,https://onlinelibrary.wiley.com/journal/15222616,1
872,Medical and Veterinary Entomology,13652915,Life Sciences,Entomology,https://onlinelibrary.wiley.com/journal/13652915,1.9
873,Medical Anthropology Quarterly,15481387,Social & Behavioral Sciences,Medical Anthropology,https://anthrosource.onlinelibrary.wiley.com/journal/15481387,2.2
874,Medical Education,13652923,Medicine,Medical Professional Development,https://onlinelibrary.wiley.com/journal/13652923,7.1
875,Medical Journal of Australia,13265377,Medicine,General & Internal Medicine,https://onlinelibrary.wiley.com/journal/13265377,11.4
876,Medical Physics,24734209,Physical Sciences & Engineering,Medical & Health Physics,https://aapm.onlinelibrary.wiley.com/journal/24734209,3.8
877,Medicinal Research Reviews,10981128,Chemistry,Pharmaceutical & Medicinal Chemistry,https://onlinelibrary.wiley.com/journal/10981128,13.3
878,Metaphilosophy,14679973,Humanities,Metaphysics,https://onlinelibrary.wiley.com/journal/14679973,0.5
879,Meteoritics & Planetary Science,19455100,"Earth, Space & Environmental Sciences",Geochemistry & Mineralogy,https://onlinelibrary.wiley.com/journal/19455100,2.2
880,Metroeconomica,1467999X,"Business, Economics, Finance & Accounting",Economic Theory,https://onlinelibrary.wiley.com/journal/1467999X,1.3
881,Microbiology and Immunology,13480421,Life Sciences,Microbiology & Virology,https://onlinelibrary.wiley.com/journal/13480421,2.6
882,Microcirculation,15498719,Medicine,Cardiovascular Disease,https://onlinelibrary.wiley.com/journal/15498719,2.4
883,Microscopy Research and Technique,10970029,Life Sciences,Microscopy,https://onlinelibrary.wiley.com/journal/10970029,2.5
884,Microsurgery,10982752,Medicine,General Surgery,https://onlinelibrary.wiley.com/journal/10982752,2.1
885,Microwave and Optical Technology Letters,10982760,Physical Sciences & Engineering,Communication Technology,https://onlinelibrary.wiley.com/journal/10982760,1.5
886,Middle East Policy,14754967,Social & Behavioral Sciences,Middle Eastern Politics,https://onlinelibrary.wiley.com/journal/14754967,0.5
887,Milton Quarterly,1094348X,Humanities,English Literature,https://onlinelibrary.wiley.com/journal/1094348X,0.1
888,Mind & Language,14680017,Humanities,Philosophy of Mind,https://onlinelibrary.wiley.com/journal/14680017,2
889,"Mind, Brain, and Education",1751228X,Psychology,Educational & School Psychology,https://onlinelibrary.wiley.com/journal/1751228X,1.8
890,Modern Theology,14680025,Humanities,Contemporary Theology,https://onlinelibrary.wiley.com/journal/14680025,0.4
891,Molecular Carcinogenesis,10982744,Medicine,Oncology & Radiotherapy,https://onlinelibrary.wiley.com/journal/10982744,4.6
892,Molecular Ecology,1365294X,Life Sciences,Evolution,https://onlinelibrary.wiley.com/journal/1365294X,4.9
893,Molecular Ecology Resources,17550998,Life Sciences,Evolution,https://onlinelibrary.wiley.com/journal/17550998,7.7
894,Molecular Informatics,18681751,Chemistry,Computational Chemistry & Molecular Modeling,https://onlinelibrary.wiley.com/journal/18681751,3.6
895,Molecular Microbiology,13652958,Life Sciences,Molecular Microbiology,https://onlinelibrary.wiley.com/journal/13652958,3.6
896,Molecular Nutrition & Food Research,16134133,"Agriculture, Aquaculture & Food Science",General & Introductory Food Science & Technology,https://onlinelibrary.wiley.com/journal/16134133,5.2
897,Molecular Oral Microbiology,20411014,"Nursing, Dentistry & Healthcare",Oral Biology,https://onlinelibrary.wiley.com/journal/1399302X,3.7
898,Molecular Reproduction and Development,10982795,Life Sciences,Developmental Biology,https://onlinelibrary.wiley.com/journal/10982795,2.5
899,Movement Disorders,15318257,Medicine,Neurology,https://onlinelibrary.wiley.com/journal/15318257,8.6
900,Movement Disorders Clinical Practice,23301619,Medicine,Neurology,https://onlinelibrary.wiley.com/journal/23301619,4
901,Muscle & Nerve,10974598,Medicine,Neurology,https://onlinelibrary.wiley.com/journal/10974598,3.4
902,Musculoskeletal Care,15570681,"Nursing, Dentistry & Healthcare",Consumer Health General,https://onlinelibrary.wiley.com/journal/15570681,1.3
903,Museum Anthropology,15481379,Social & Behavioral Sciences,Anthropology of Art & Media,https://anthrosource.onlinelibrary.wiley.com/journal/15481379,0.4
904,Music Analysis,14682249,Art & Applied Arts,Music,https://onlinelibrary.wiley.com/journal/14682249,0.4
905,Mycoses,14390507,Medicine,Dermatology,https://onlinelibrary.wiley.com/journal/14390507,4.9
906,Nations and Nationalism,14698129,Social & Behavioral Sciences,General & Introductory Political Science,https://onlinelibrary.wiley.com/journal/14698129,2.2
907,Natural Resources Forum,14778947,Social & Behavioral Sciences,General & Introductory Development Studies,https://onlinelibrary.wiley.com/journal/14778947,3.3
908,Natural Sciences Education,21688281,Social & Behavioral Sciences,Education Special Topics,https://onlinelibrary.wiley.com/journal/21688281,0
909,Naval Research Logistics,15206750,Mathematics & Statistics,Applied Probability & Statistics,https://onlinelibrary.wiley.com/journal/15206750,2.3
910,Near Surface Geophysics,18730604,"Earth, Space & Environmental Sciences",Geophysics,https://onlinelibrary.wiley.com/journal/18730604,1.6
911,Nephrology,14401797,Medicine,Nephrology,https://onlinelibrary.wiley.com/journal/14401797,2.5
912,Networks,10970037,Mathematics & Statistics,Applied Mathematics,https://onlinelibrary.wiley.com/journal/10970037,2.1
913,Neurogastroenterology & Motility,13652982,Medicine,Gastroenterology & Hepatology,https://onlinelibrary.wiley.com/journal/13652982,3.5
914,Neurology and Clinical Neuroscience,20494173,Medicine,Neurology,https://onlinelibrary.wiley.com/journal/20494173,0.4
915,Neuropathology,14401789,Medicine,Pathology,https://onlinelibrary.wiley.com/journal/14401789,2.3
916,Neuropathology and Applied Neurobiology,13652990,Medicine,Pathology,https://onlinelibrary.wiley.com/journal/13652990,5
917,Neurourology and Urodynamics,15206777,Medicine,Urology,https://onlinelibrary.wiley.com/journal/15206777,2
918,New Directions for Adult and Continuing Education,15360717,Social & Behavioral Sciences,Adult & Continuing Education,https://onlinelibrary.wiley.com/journal/15360717,0
919,New Directions for Community Colleges,15360733,Social & Behavioral Sciences,Community Colleges,https://onlinelibrary.wiley.com/journal/15360733,0
920,New Directions for Evaluation,1534875X,Mathematics & Statistics,Survey Research Methods & Sampling,https://onlinelibrary.wiley.com/journal/1534875X,0
921,New Directions for Higher Education,15360741,Social & Behavioral Sciences,Higher Education General,https://onlinelibrary.wiley.com/journal/15360741,0
922,New Directions for Student Leadership,23733357,Social & Behavioral Sciences,Student Affairs & Development (Higher Education),https://onlinelibrary.wiley.com/journal/23733357,0
923,New Directions for Student Services,15360695,Social & Behavioral Sciences,Student Services & Counseling (Higher Education),https://onlinelibrary.wiley.com/journal/15360695,0
924,New Directions for Teaching and Learning,15360768,Social & Behavioral Sciences,Teaching & Learning (Higher Education),https://onlinelibrary.wiley.com/journal/15360768,0
925,New Phytologist,14698137,Life Sciences,Plant Science,https://nph.onlinelibrary.wiley.com/journal/14698137,9.4
926,"New Technology, Work and Employment",1468005X,"Business, Economics, Finance & Accounting",Business Technology,https://onlinelibrary.wiley.com/journal/1468005X,5.8
927,New Zealand Geographer,17457939,Social & Behavioral Sciences,General & Introductory Geography,https://onlinelibrary.wiley.com/journal/17457939a,1.2
928,New Zealand Journal of Agricultural Research,1175-8775,"Agriculture, Aquaculture & Food Science","Agriculture, Aquaculture & Food Science",https://rsnz.onlinelibrary.wiley.com/journal/11758775,
929,New Zealand Journal of Botany,1175-8643,Life Sciences,Life Sciences,https://rsnz.onlinelibrary.wiley.com/journal/11758643,
930,New Zealand Journal of Crop and Horticultural Science,1175-8783,"Agriculture, Aquaculture & Food Science","Agriculture, Aquaculture & Food Science",https://rsnz.onlinelibrary.wiley.com/journal/11758783,
931,New Zealand Journal of Geology and Geophysics,1175-8791,"Earth, Space & Environmental Sciences",Geology & Geophysics,https://rsnz.onlinelibrary.wiley.com/journal/11758791,
932,New Zealand Journal of Marine and Freshwater Research,1175-8805,Life Sciences,Life Sciences,https://rsnz.onlinelibrary.wiley.com/journal/11758805,
933,New Zealand Journal of Zoology,1175-8821,Life Sciences,Animal Science & Zoology,https://rsnz.onlinelibrary.wiley.com/journal/11758821,
934,NMR in Biomedicine,10991492,Chemistry,NMR Spectroscopy / MRI / Imaging,https://onlinelibrary.wiley.com/journal/10991492,2.9
935,Nonprofit Management & Leadership,15427854,"Business, Economics, Finance & Accounting",Management / Leadership,https://onlinelibrary.wiley.com/journal/15427854,2.8
936,Nordic Journal of Botany,17561051,Life Sciences,Plant Science,https://onlinelibrary.wiley.com/journal/17561051,0.9
937,Noûs,14680068,Humanities,General Philosophy,https://onlinelibrary.wiley.com/journal/14680068,2.1
938,Numerical Linear Algebra With Applications,10991506,Mathematics & Statistics,Linear Algebra,https://onlinelibrary.wiley.com/journal/10991506,4.3
939,Numerical Methods for Partial Differential Equations,10982426,Mathematics & Statistics,Differential Equations,https://onlinelibrary.wiley.com/journal/10982426,3.9
940,Nursing & Health Sciences,14422018,"Nursing, Dentistry & Healthcare",Nursing General,https://onlinelibrary.wiley.com/journal/14422018,2.7
941,Nursing In Critical Care,14785153,"Nursing, Dentistry & Healthcare",Nursing General,https://onlinelibrary.wiley.com/journal/14785153,3
942,Nursing Inquiry,14401800,"Nursing, Dentistry & Healthcare",Nursing General,https://onlinelibrary.wiley.com/journal/14401800,2.3
943,Nursing Philosophy,1466769X,"Nursing, Dentistry & Healthcare",Nursing General,https://onlinelibrary.wiley.com/journal/1466769X,2.2
944,Nutrition & Dietetics,17470080,"Nursing, Dentistry & Healthcare",Nutrition & Dietetics General,https://onlinelibrary.wiley.com/journal/17470080,3.1
945,Nutrition Bulletin,14673010,"Nursing, Dentistry & Healthcare",Nutrition,https://onlinelibrary.wiley.com/journal/14673010,3.3
946,Nutrition in Clinical Practice,19412452,"Nursing, Dentistry & Healthcare",Nutrition & Dietetics General,https://onlinelibrary.wiley.com/journal/19412452,3.1
947,Obesity,1930739X,Medicine,Obesity,https://onlinelibrary.wiley.com/journal/1930739X,6.9
948,Obesity Reviews,1467789X,Medicine,Obesity,https://onlinelibrary.wiley.com/journal/1467789X,8.9
949,Oceania,18344461,Social & Behavioral Sciences,General & Introductory Anthropology,https://onlinelibrary.wiley.com/journal/18344461,1
950,Oikos,16000706,Life Sciences,Ecology & Organismal Biology,https://onlinelibrary.wiley.com/journal/16000706,3.4
951,OPEC Energy Review,17530237,"Business, Economics, Finance & Accounting",Oil & Energy Economics,https://onlinelibrary.wiley.com/journal/17530237,2.2
952,Optimal Control Applications and Methods,10991514,Physical Sciences & Engineering,Control Systems Technology,https://onlinelibrary.wiley.com/journal/10991514,1.8
953,Optometry and Vision Science,1538-9235,Medicine,Medicine,https://onlinelibrary.wiley.com/journal/15389235,
954,Oral Diseases,16010825,"Nursing, Dentistry & Healthcare",Oral Sciences & Technology,https://onlinelibrary.wiley.com/journal/16010825,3.8
955,Oral Science International,18814204,"Nursing, Dentistry & Healthcare",Oral Sciences & Technology,https://onlinelibrary.wiley.com/journal/18814204,0.5
956,Oral Surgery,1752248X,"Nursing, Dentistry & Healthcare",Oral & Maxillofacial Surgery,https://onlinelibrary.wiley.com/journal/1752248X,0
957,Orbis Litterarum,16000730,Humanities,General Literature,https://onlinelibrary.wiley.com/journal/16000730,0.2
958,Orthodontics & Craniofacial Research,16016343,"Nursing, Dentistry & Healthcare",Orthodontics,https://onlinelibrary.wiley.com/journal/16016343,3.1
959,Otolaryngology-Head and Neck Surgery,10976817,Medicine,"Otolaryngology (Ear, Nose & Throat)",https://onlinelibrary.wiley.com/journal/10976817,3.4
960,Oxford Bulletin of Economics and Statistics,14680084,"Business, Economics, Finance & Accounting",General & Introductory Economics,https://onlinelibrary.wiley.com/journal/14680084,2.5
961,Oxford Journal of Archaeology,14680092,Social & Behavioral Sciences,General & Introductory Archaeology,https://onlinelibrary.wiley.com/journal/14680092,0.7
962,Pacific Economic Review,14680106,"Business, Economics, Finance & Accounting",General & Introductory Economics,https://onlinelibrary.wiley.com/journal/14680106,1.5
963,Pacific Focus,19765118,Social & Behavioral Sciences,General & Introductory Political Science,https://onlinelibrary.wiley.com/journal/19765118,0.6
964,Pacific Philosophical Quarterly,14680114,Humanities,General Philosophy,https://onlinelibrary.wiley.com/journal/14680114,0.9
965,Pacing and Clinical Electrophysiology,15408159,Medicine,Cardiovascular Disease,https://onlinelibrary.wiley.com/journal/15408159,1.8
966,Packaging Technology and Science,10991522,Physical Sciences & Engineering,Industrial Engineering / Manufacturing,https://onlinelibrary.wiley.com/journal/10991522,2.6
967,Paediatric and Perinatal Epidemiology,13653016,"Nursing, Dentistry & Healthcare",Consumer Health General,https://onlinelibrary.wiley.com/journal/13653016,2.8
968,Pain Practice,15332500,Medicine,Pain Medicine,https://onlinelibrary.wiley.com/journal/15332500,2.6
969,Palaeontology,14754983,"Earth, Space & Environmental Sciences","Paleontology, Paleobiology & Geobiology",https://onlinelibrary.wiley.com/journal/14754983,2.6
970,Paleoceanography and Paleoclimatology,25724525,"Earth, Space & Environmental Sciences",Oceanography & Paleoceanography,https://agupubs.onlinelibrary.wiley.com/journal/19449186,3.5
971,Papers in Palaeontology,20562802,"Earth, Space & Environmental Sciences","Paleontology, Paleobiology & Geobiology",https://onlinelibrary.wiley.com/journal/20562802,2.3
972,Parasite Immunology,13653024,Medicine,Immunology,https://onlinelibrary.wiley.com/journal/13653024,2.2
973,Parliamentary History,17500206,Humanities,Modern British History,https://onlinelibrary.wiley.com/journal/17500206,0.2
974,Particle & Particle Systems Characterization,15214117,Physical Sciences & Engineering,General & Introductory Materials Science,https://onlinelibrary.wiley.com/journal/15214117,2.7
975,Pathology International,14401827,Medicine,Pathology,https://onlinelibrary.wiley.com/journal/14401827,2.2
976,Peace & Change,14680130,Social & Behavioral Sciences,War & Peace Studies,https://onlinelibrary.wiley.com/journal/14680130,0
977,Pediatric Allergy and Immunology,13993038,Medicine,Allergy & Clinical Immunology,https://onlinelibrary.wiley.com/journal/13993038,4.4
978,Pediatric Anesthesia,14609592,Medicine,Anesthesia & Pain Management,https://onlinelibrary.wiley.com/journal/14609592,1.7
979,Pediatric Blood & Cancer,15455017,Medicine,Oncology & Radiotherapy,https://onlinelibrary.wiley.com/journal/15455017,3.2
980,Pediatric Dermatology,15251470,Medicine,Dermatology,https://onlinelibrary.wiley.com/journal/15251470,1.5
981,Pediatric Obesity,20476310,Medicine,Obesity,https://onlinelibrary.wiley.com/journal/20476310,3.8
982,Pediatric Pulmonology,10990496,Medicine,Respiratory Medicine,https://onlinelibrary.wiley.com/journal/10990496,3.1
983,Pediatric Transplantation,13993046,Medicine,Transplantation,https://onlinelibrary.wiley.com/journal/13993046,1.3
984,Pediatrics International,1442200X,Medicine,Pediatrics,https://onlinelibrary.wiley.com/journal/1442200X,1.4
985,Peptide Science,24758817,Chemistry,"Biomolecules (DNA, RNA, Peptides, etc.)",https://onlinelibrary.wiley.com/journal/24758817,2.4
986,Periodontology 2000,16000757,"Nursing, Dentistry & Healthcare",Periodontology,https://onlinelibrary.wiley.com/journal/16000757,18.6
987,Permafrost and Periglacial Processes,10991530,"Earth, Space & Environmental Sciences",Geomorphology,https://onlinelibrary.wiley.com/journal/10991530,5
988,Personal Relationships,14756811,Psychology,Social Psychology,https://onlinelibrary.wiley.com/journal/14756811,1.6
989,Personality and Mental Health,1932863X,Psychology,Clinical Psychology,https://onlinelibrary.wiley.com/journal/1932863X,2.7
990,Personnel Psychology,17446570,Psychology,Organizational & Industrial Psychology,https://onlinelibrary.wiley.com/journal/17446570,5.5
991,Perspectives On Sexual and Reproductive Health,19312393,Social & Behavioral Sciences,Population & Demography,https://onlinelibrary.wiley.com/journal/19312393,5.8
992,Pest Management Science,15264998,"Agriculture, Aquaculture & Food Science","Pests, Diseases & Weeds",https://onlinelibrary.wiley.com/journal/15264998,4.1
993,Pharmaceutical Statistics,15391612,Mathematics & Statistics,Clinical Trials,https://onlinelibrary.wiley.com/journal/15391612,1.5
994,Pharmacoepidemiology and Drug Safety,10991557,Medicine,Pharmacology & Pharmaceutical Medicine,https://onlinelibrary.wiley.com/journal/10991557,2.6
995,Pharmacotherapy: The Journal of Human Pharmacology and Drug Therapy,18759114,Medicine,Pharmacology & Pharmaceutical Medicine,https://onlinelibrary.wiley.com/journal/18759114,4
996,Philosophical Investigations,14679205,Humanities,General Philosophy,https://onlinelibrary.wiley.com/journal/14679205,0.3
997,Philosophical Issues,17582237,Humanities,General Philosophy,https://onlinelibrary.wiley.com/journal/17582237,0.7
998,Philosophical Perspectives,15208583,Humanities,General Philosophy,https://onlinelibrary.wiley.com/journal/15208583,1.6
999,Philosophy & Public Affairs,10884963,Humanities,Social Philosophy,https://onlinelibrary.wiley.com/journal/10884963,2.2
1000,Philosophy and Phenomenological Research,19331592,Humanities,Phenomenology,https://onlinelibrary.wiley.com/journal/19331592,1.5
1001,Philosophy Compass,17479991,Humanities,General Philosophy,https://onlinelibrary.wiley.com/journal/17479991,1.8
1002,Photochemistry and Photobiology,17511097,Life Sciences,Cell & Molecular Biology,https://onlinelibrary.wiley.com/journal/17511097,3.3
1003,"Photodermatology, Photoimmunology & Photomedicine",16000781,Medicine,Dermatology,https://onlinelibrary.wiley.com/journal/16000781,2.6
1004,Phycological Research,14401835,Life Sciences,Phycology,https://onlinelibrary.wiley.com/journal/14401835,1.5
1005,physica status solidi (a) applications and materials science,18626319,Physical Sciences & Engineering,Solid State Physics,https://onlinelibrary.wiley.com/journal/18626319,2
1006,physica status solidi (b) basic solid state physics,15213951,Physical Sciences & Engineering,Solid State Physics,https://onlinelibrary.wiley.com/journal/15213951,1.6
1007,physica status solidi (RRL) rapid research letters,18626270,Physical Sciences & Engineering,Solid State Physics,https://onlinelibrary.wiley.com/journal/18626270,2.8
1008,Physik in unserer Zeit,15213943,Physical Sciences & Engineering,General Physics,https://onlinelibrary.wiley.com/journal/15213943,0
1009,Physiologia Plantarum,13993054,Life Sciences,Plant Science,https://onlinelibrary.wiley.com/journal/13993054,6.4
1010,Physiological Entomology,13653032,Life Sciences,Entomology,https://onlinelibrary.wiley.com/journal/13653032,1.5
1011,Physiotherapy Research International,14712865,"Nursing, Dentistry & Healthcare",Physiotherapy,https://onlinelibrary.wiley.com/journal/14712865,1.7
1012,Phytochemical Analysis,10991565,Chemistry,Analytical Chemistry,https://onlinelibrary.wiley.com/journal/10991565,3.3
1013,Phytotherapy Research,10991573,Medicine,Pharmacology & Pharmaceutical Medicine,https://onlinelibrary.wiley.com/journal/10991573,7.2
1014,Pigment Cell & Melanoma Research,1755148X,Life Sciences,Cell Biology,https://onlinelibrary.wiley.com/journal/1755148X,4.3
1015,Plant Biology,14388677,Life Sciences,Plant Science,https://onlinelibrary.wiley.com/journal/14388677,3.9
1016,Plant Breeding,14390523,Life Sciences,Plant Development,https://onlinelibrary.wiley.com/journal/14390523,2
1017,Plant Pathology,13653059,Life Sciences,Plant Science,https://onlinelibrary.wiley.com/journal/13653059,2.7
1018,Plant Species Biology,14421984,Life Sciences,Plant Science,https://onlinelibrary.wiley.com/journal/14421984,1.4
1019,"Plant, Cell & Environment",13653040,Life Sciences,Plant Science,https://onlinelibrary.wiley.com/journal/13653040,7.3
1020,Plasma Processes and Polymers,16128869,Physical Sciences & Engineering,Polymer Science & Technology General,https://onlinelibrary.wiley.com/journal/16128869,3.5
1021,PM&R,19341563,Medicine,Physical Rehabilitation,https://onlinelibrary.wiley.com/journal/19341563,2.1
1022,PoLAR: Political and Legal Anthropology Review,15552934,Social & Behavioral Sciences,Economic & Political Anthropology,https://anthrosource.onlinelibrary.wiley.com/journal/15552934,1.1
1023,Policy & Internet,19442866,Social & Behavioral Sciences,Public Policy & Administration,https://onlinelibrary.wiley.com/journal/19442866,4.9
1024,Policy Studies Journal,15410072,Social & Behavioral Sciences,Public Policy & Administration,https://onlinelibrary.wiley.com/journal/15410072,3.8
1025,Political Psychology,14679221,Psychology,Psychology General,https://onlinelibrary.wiley.com/journal/14679221,4.6
1026,Politics & Policy,17471346,Social & Behavioral Sciences,Public Policy & Administration,https://onlinelibrary.wiley.com/journal/17471346,1.3
1027,Polymer Composites,15480569,Physical Sciences & Engineering,Composites,https://onlinelibrary.wiley.com/journal/15480569,5.2
1028,Polymer Engineering & Science,15482634,Physical Sciences & Engineering,Polymer Science & Technology General,https://onlinelibrary.wiley.com/journal/15482634,3.2
1029,Polymer International,10970126,Physical Sciences & Engineering,Polymer Science & Technology General,https://onlinelibrary.wiley.com/journal/10970126,3.2
1030,Polymers for Advanced Technologies,10991581,Physical Sciences & Engineering,Polymer processing,https://onlinelibrary.wiley.com/journal/10991581,3.4
1031,Popular Culture Review,2831865X,Humanities,Popular Culture,https://onlinelibrary.wiley.com/journal/2831865X,0
1032,Population and Development Review,17284457,Social & Behavioral Sciences,Population & Demography,https://onlinelibrary.wiley.com/journal/17284457,2.5
1033,Population Ecology,1438390X,Life Sciences,Ecology & Organismal Biology,https://onlinelibrary.wiley.com/journal/1438390X,1.7
1034,"Population, Space and Place",15448452,Social & Behavioral Sciences,General & Introductory Geography,https://onlinelibrary.wiley.com/journal/15448452,2.4
1035,Poverty & Public Policy,19442858,Social & Behavioral Sciences,Public Policy & Administration,https://onlinelibrary.wiley.com/journal/19442858,1.2
1036,Prenatal Diagnosis,10970223,Medicine,Obstetrics & Gynecology,https://obgyn.onlinelibrary.wiley.com/journal/10970223,3
1037,Presidential Studies Quarterly,17415705,Social & Behavioral Sciences,American Politics,https://onlinelibrary.wiley.com/journal/17415705,0.8
1038,Proceedings in Applied Mathematics & Mechanics,16177061,Mathematics & Statistics,General & Introductory Mathematics,https://onlinelibrary.wiley.com/journal/16177061,0
1039,Proceedings of the London Mathematical Society,1460244X,Mathematics & Statistics,General & Introductory Mathematics,https://londmathsoc.onlinelibrary.wiley.com/journal/1460244X,1.8
1040,Process Safety Progress,15475913,Chemistry,Process Safety,https://onlinelibrary.wiley.com/journal/15475913,1
1041,Progress in Photovoltaics: Research and Applications,1099159X,Physical Sciences & Engineering,Solar Energy & Photovoltaics,https://onlinelibrary.wiley.com/journal/1099159X,6.7
1042,"Propellants, Explosives, Pyrotechnics",15214087,Chemistry,General Chemistry,https://onlinelibrary.wiley.com/journal/15214087,1.8
1043,Protein Science,1469896X,Life Sciences,Protein Science,https://onlinelibrary.wiley.com/journal/1469896X,8
1044,"Proteins: Structure, Function, and Bioinformatics",10970134,Life Sciences,Protein Science,https://onlinelibrary.wiley.com/journal/10970134,2.9
1045,Proteomics,16159861,Life Sciences,Cell & Molecular Biology,https://onlinelibrary.wiley.com/journal/16159861,3.4
1046,PROTEOMICS - Clinical Applications,18628354,Life Sciences,Cell & Molecular Biology,https://onlinelibrary.wiley.com/journal/18628354,2
1047,Psychiatry and Clinical Neurosciences,14401819,Medicine,Psychiatry,https://onlinelibrary.wiley.com/journal/14401819,11.9
1048,Psycho-Oncology,10991611,Medicine,Psycho-Oncology,https://onlinelibrary.wiley.com/journal/10991611,3.6
1049,Psychogeriatrics,14798301,Medicine,Geriatric Medicine,https://onlinelibrary.wiley.com/journal/14798301,2
1050,Psychology & Marketing,15206793,"Business, Economics, Finance & Accounting",Introductory Marketing,https://onlinelibrary.wiley.com/journal/15206793,6.7
1051,"Psychology and Psychotherapy: Theory, Research and Practice",20448341,Psychology,Psychotherapy & Counseling,https://onlinelibrary.wiley.com/journal/20448341,3.4
1052,Psychology in the Schools,15206807,Psychology,Educational & School Psychology,https://onlinelibrary.wiley.com/journal/15206807,2
1053,Psychophysiology,14698986,Psychology,Brain & Behavior: Physiological Psychology,https://onlinelibrary.wiley.com/journal/14698986,3.7
1054,Public Administration,14679299,Social & Behavioral Sciences,General & Introductory Political Science,https://onlinelibrary.wiley.com/journal/14679299,3.5
1055,Public Administration and Development,1099162X,Social & Behavioral Sciences,General & Introductory Development Studies,https://onlinelibrary.wiley.com/journal/1099162X,2.5
1056,Public Administration Review,15406210,Social & Behavioral Sciences,Public Administration,https://onlinelibrary.wiley.com/journal/15406210,8.3
1057,Public Budgeting & Finance,15405850,"Business, Economics, Finance & Accounting",General Finance & Investments,https://onlinelibrary.wiley.com/journal/15405850,0.7
1058,Public Health Nursing,15251446,"Nursing, Dentistry & Healthcare",Public Health Nursing & Health Visiting,https://onlinelibrary.wiley.com/journal/15251446,2.1
1059,Quality and Reliability Engineering International,10991638,Mathematics & Statistics,Engineering Statistics,https://onlinelibrary.wiley.com/journal/10991638,2.3
1060,Quarterly Journal of the Royal Meteorological Society,1477870X,"Earth, Space & Environmental Sciences",Atmospheric Sciences,https://rmets.onlinelibrary.wiley.com/journal/1477870X,8.9
1061,R&D Management,14679310,"Business, Economics, Finance & Accounting",General & Introductory Business & Management,https://onlinelibrary.wiley.com/journal/14679310,6.3
1062,Radio Science,1944799X,Physical Sciences & Engineering,Electromagnetic Theory,https://agupubs.onlinelibrary.wiley.com/journal/1944799X,1.6
1063,Random Structures & Algorithms,10982418,Mathematics & Statistics,Discrete Mathematics,https://onlinelibrary.wiley.com/journal/10982418,1
1064,Rapid Communications in Mass Spectrometry,10970231,Chemistry,Mass Spectrometry,https://onlinelibrary.wiley.com/journal/10970231,2
1065,Ratio,14679329,Humanities,Analytic Philosophy,https://onlinelibrary.wiley.com/journal/14679329,0.5
1066,Ratio Juris,14679337,Law & Criminology,General & Introductory Law,https://onlinelibrary.wiley.com/journal/14679337,0.8
1067,Reading Research Quarterly,19362722,Social & Behavioral Sciences,Literacy & Reading,https://ila.onlinelibrary.wiley.com/journal/19362722,4.2
1068,Real Estate Economics,15406229,"Business, Economics, Finance & Accounting",Property & Real Estate,https://onlinelibrary.wiley.com/journal/15406229,2.2
1069,Regulation & Governance,17485991,Social & Behavioral Sciences,General & Introductory Political Science,https://onlinelibrary.wiley.com/journal/17485991,3
1070,Religion Compass,17498171,Humanities,General & Introductory Religion & Theology,https://onlinelibrary.wiley.com/journal/17498171,0.5
1071,Religious Studies Review,17480922,Humanities,Religious Studies,https://onlinelibrary.wiley.com/journal/17480922,0
1072,Remediation,15206831,"Earth, Space & Environmental Sciences","Environmental Management, Policy & Planning",https://onlinelibrary.wiley.com/journal/15206831,1.9
1073,Renaissance Studies,14774658,Humanities,Renaissance History,https://onlinelibrary.wiley.com/journal/14774658,0.2
1074,Reproduction in Domestic Animals,14390531,Veterinary Medicine,General & Introductory Veterinary Medicine,https://onlinelibrary.wiley.com/journal/14390531,1.7
1075,Research in Nursing & Health,1098240X,"Nursing, Dentistry & Healthcare",Nursing General,https://onlinelibrary.wiley.com/journal/1098240X,2
1076,Resource Geology,17513928,"Earth, Space & Environmental Sciences",Economic & Applied Geology,https://onlinelibrary.wiley.com/journal/17513928,1.4
1077,Respirology,14401843,Medicine,Respiratory Medicine,https://onlinelibrary.wiley.com/journal/14401843,6.9
1078,Restoration Ecology,1526100X,Life Sciences,Population & Community Ecology,https://onlinelibrary.wiley.com/journal/1526100X,3.2
1079,Review of Development Economics,14679361,"Business, Economics, Finance & Accounting",Economic Development,https://onlinelibrary.wiley.com/journal/14679361,1.6
1080,Review of Education,20496613,Social & Behavioral Sciences,General & Introductory Education,https://onlinelibrary.wiley.com/journal/20496613,2.4
1081,"Review of European, Comparative & International Environmental Law",20500394,Law & Criminology,General & Introductory Law,https://onlinelibrary.wiley.com/journal/20500394,2.3
1082,Review of Financial Economics,18735924,"Business, Economics, Finance & Accounting",Financial Economics,https://onlinelibrary.wiley.com/journal/18735924,1.2
1083,Review of Income and Wealth,14754991,"Business, Economics, Finance & Accounting",General & Introductory Economics,https://onlinelibrary.wiley.com/journal/14754991,2
1084,Review of International Economics,14679396,"Business, Economics, Finance & Accounting",International Finance,https://onlinelibrary.wiley.com/journal/14679396,1
1085,Review of Policy Research,15411338,Social & Behavioral Sciences,Public Policy & Administration,https://onlinelibrary.wiley.com/journal/15411338,2.1
1086,Reviews in Aquaculture,17535131,"Agriculture, Aquaculture & Food Science","General Aquaculture, Fisheries & Fish Science",https://onlinelibrary.wiley.com/journal/17535131,10.4
1087,Reviews in Medical Virology,10991654,Life Sciences,Infectious Disease,https://onlinelibrary.wiley.com/journal/10991654,11.1
1088,Reviews in Religion & Theology,14679418,Humanities,General & Introductory Religion & Theology,https://onlinelibrary.wiley.com/journal/14679418,0
1089,Reviews of Geophysics,19449208,"Earth, Space & Environmental Sciences",Environmental Physics,https://agupubs.onlinelibrary.wiley.com/journal/19449208,25.2
1090,Risk Analysis,15396924,Mathematics & Statistics,Mathematical Modeling,https://onlinelibrary.wiley.com/journal/15396924,3.8
1091,Risk Management and Insurance Review,15406296,"Business, Economics, Finance & Accounting",Insurance & Risk Management,https://onlinelibrary.wiley.com/journal/15406296,1.2
1092,"Risk, Hazards & Crisis in Public Policy",19444079,Social & Behavioral Sciences,Public Policy & Administration,https://onlinelibrary.wiley.com/journal/19444079,3.5
1093,River Research and Applications,15351467,"Earth, Space & Environmental Sciences",Hydrological Sciences,https://onlinelibrary.wiley.com/journal/15351467,2.2
1094,Rural Sociology,15490831,Social & Behavioral Sciences,General Sociology,https://onlinelibrary.wiley.com/journal/15490831,2.3
1095,Scandinavian Journal of Caring Sciences,14716712,"Nursing, Dentistry & Healthcare",Nursing General,https://onlinelibrary.wiley.com/journal/14716712,1.9
1096,Scandinavian Journal of Immunology,13653083,Medicine,Immunology,https://onlinelibrary.wiley.com/journal/13653083,3.7
1097,Scandinavian Journal of Medicine & Science in Sports,16000838,Medicine,Sports Medicine,https://onlinelibrary.wiley.com/journal/16000838,4.1
1098,Scandinavian Journal of Psychology,14679450,Psychology,Psychology General,https://onlinelibrary.wiley.com/journal/14679450,2.1
1099,Scandinavian Journal of Statistics,14679469,Mathematics & Statistics,Applied Probability & Statistics,https://onlinelibrary.wiley.com/journal/14679469,1
1100,Scandinavian Political Studies,14679477,Social & Behavioral Sciences,General & Introductory Political Science,https://onlinelibrary.wiley.com/journal/14679477,1.3
1101,School Science and Mathematics,19498594,Social & Behavioral Sciences,Science,https://onlinelibrary.wiley.com/journal/19498594,1.1
1102,Science Education,1098237X,Social & Behavioral Sciences,Science,https://onlinelibrary.wiley.com/journal/1098237X,4.3
1103,Scottish Journal of Political Economy,14679485,"Business, Economics, Finance & Accounting",General & Introductory Economics,https://onlinelibrary.wiley.com/journal/14679485,1.1
1104,"Sculpture, Monuments and Open Space",29933439,Art & Applied Arts,Sculpture,https://onlinelibrary.wiley.com/journal/29933439,0
1105,Security and Privacy,24756725,Physical Sciences & Engineering,Communication Technology,https://onlinelibrary.wiley.com/journal/24756725,1.9
1106,Sedimentology,13653091,"Earth, Space & Environmental Sciences",Sedimentology & Stratigraphy,https://onlinelibrary.wiley.com/journal/13653091,3.5
1107,Seminars in Dialysis,1525139X,Medicine,Nephrology,https://onlinelibrary.wiley.com/journal/1525139X,1.6
1108,Separation Science Plus,25731815,Chemistry,Chromatography / Separation Techniques,https://onlinelibrary.wiley.com/journal/25731815,1.1
1109,"Sexuality, Gender & Policy",26395355,Humanities,Gender & Politics,https://onlinelibrary.wiley.com/journal/26395355,0
1110,Singapore Journal of Tropical Geography,14679493,Social & Behavioral Sciences,General & Introductory Geography,https://onlinelibrary.wiley.com/journal/14679493,2.2
1111,Small,16136829,Physical Sciences & Engineering,Nanotechnology General,https://onlinelibrary.wiley.com/journal/16136829,13.3
1112,Small Methods,23669608,Physical Sciences & Engineering,General & Introductory Materials Science,https://onlinelibrary.wiley.com/journal/23669608,12.4
1113,Social and Personality Psychology Compass,17519004,Psychology,Social Psychology,https://onlinelibrary.wiley.com/journal/17519004,4.6
1114,Social Development,14679507,Psychology,Developmental Psychology,https://onlinelibrary.wiley.com/journal/14679507,2
1115,Social Issues and Policy Review,17512409,Psychology,Social Psychology,https://spssi.onlinelibrary.wiley.com/journal/17512409,9.4
1116,Social Policy & Administration,14679515,Social & Behavioral Sciences,General & Introductory Social Policy & Welfare,https://onlinelibrary.wiley.com/journal/14679515,3.2
1117,Social Science Quarterly,15406237,Social & Behavioral Sciences,General & Introductory Political Science,https://onlinelibrary.wiley.com/journal/15406237,1.9
1118,Sociologia Ruralis,14679523,Social & Behavioral Sciences,General Sociology,https://onlinelibrary.wiley.com/journal/14679523,4.1
1119,Sociological Forum,15737861,Social & Behavioral Sciences,General Sociology,https://onlinelibrary.wiley.com/journal/15737861,1.8
1120,Sociological Inquiry,1475682X,Social & Behavioral Sciences,General Sociology,https://onlinelibrary.wiley.com/journal/1475682X,1.9
1121,Sociology Compass,17519020,Social & Behavioral Sciences,General Sociology,https://onlinelibrary.wiley.com/journal/17519020,2.7
1122,Sociology Lens (former Journal of Historical Sociology ),2832480X,Social & Behavioral Sciences,Political Sociology,https://onlinelibrary.wiley.com/journal/2832580x/journal-metrics,#N/A
1123,Sociology of Health & Illness,14679566,Social & Behavioral Sciences,Sociology of Health & Illness,https://onlinelibrary.wiley.com/journal/14679566,2.9
1124,"Software Testing, Verification & Reliability",10991689,Computer Science  & Information Technology,Programming & Software Development,https://onlinelibrary.wiley.com/journal/10991689,1.5
1125,Software: Practice and Experience,1097024X,Computer Science  & Information Technology,Programming & Software Development,https://onlinelibrary.wiley.com/journal/1097024X,3.5
1126,Soil Science Society of America Journal,14350661,"Agriculture, Aquaculture & Food Science",Soil,https://onlinelibrary.wiley.com/journal/14350661,2.9
1127,Soil Use and Management,14752743,"Earth, Space & Environmental Sciences",Soil Science & Geoarchaeology,https://onlinelibrary.wiley.com/journal/14752743,3.8
1128,Solar RRL,2367198X,Physical Sciences & Engineering,General & Introductory Materials Science,https://onlinelibrary.wiley.com/journal/2367198X,7.9
1129,Sonography,20546750,Medicine,Radiology & Imaging,https://onlinelibrary.wiley.com/journal/20546750,0.4
1130,South African Journal of Economics,18136982,"Business, Economics, Finance & Accounting",General & Introductory Economics,https://onlinelibrary.wiley.com/journal/18136982,1.3
1131,Southern Economic Journal,23258012,"Business, Economics, Finance & Accounting",General & Introductory Economics,https://onlinelibrary.wiley.com/journal/23258012,1.9
1132,Special Care in Dentistry,17544505,"Nursing, Dentistry & Healthcare",Dentistry Special Topics,https://onlinelibrary.wiley.com/journal/17544505,1.4
1133,Starch - Stärke,1521379X,"Agriculture, Aquaculture & Food Science",Food Chemistry,https://onlinelibrary.wiley.com/journal/1521379X,2.3
1134,Stat,20491573,Mathematics & Statistics,General & Introductory Statistics,https://onlinelibrary.wiley.com/journal/20491573,0.8
1135,Statistica Neerlandica,14679574,Mathematics & Statistics,Probability & Mathematical Statistics,https://onlinelibrary.wiley.com/journal/14679574,1.5
1136,Statistical Analysis and Data Mining,19321872,Mathematics & Statistics,Data Analysis,https://onlinelibrary.wiley.com/journal/19321872,1.3
1137,Statistics in Medicine,10970258,Mathematics & Statistics,Experimental Design,https://onlinelibrary.wiley.com/journal/10970258,2
1138,Steel Construction: Design and Research,18670539,Physical Sciences & Engineering,General & Introductory Civil Engineering & Construction,https://onlinelibrary.wiley.com/journal/18670539,1.6
1139,Steel Research International,1869344X,Physical Sciences & Engineering,General & Introductory Materials Science,https://onlinelibrary.wiley.com/journal/1869344X,2.2
1140,Strain,14751305,Physical Sciences & Engineering,Materials Characterization,https://onlinelibrary.wiley.com/journal/14751305,2.1
1141,Strategic Change,10991697,"Business, Economics, Finance & Accounting",Institutional & Corporate Finance,https://onlinelibrary.wiley.com/journal/10991697,2.8
1142,Strategic Entrepreneurship Journal,1932443X,"Business, Economics, Finance & Accounting",Small Business & Entrepreneurship,https://onlinelibrary.wiley.com/journal/1932443X,6.3
1143,Strategic Management Journal,10970266,"Business, Economics, Finance & Accounting",Strategic Management,https://onlinelibrary.wiley.com/journal/10970266,8.3
1144,Stress and Health,15322998,Psychology,Psychology General,https://onlinelibrary.wiley.com/journal/15322998,4.1
1145,Structural Concrete,17517648,Physical Sciences & Engineering,General & Introductory Civil Engineering & Construction,https://onlinelibrary.wiley.com/journal/17517648,3.2
1146,Studia Linguistica,14679582,Humanities,General & Introductory Linguistics,https://onlinelibrary.wiley.com/journal/14679582,0.6
1147,Studies in Applied Mathematics,14679590,Mathematics & Statistics,Applied Mathematics,https://onlinelibrary.wiley.com/journal/14679590,2.7
1148,Studies In Ethnicity and Nationalism,17549469,Social & Behavioral Sciences,General & Introductory Political Science,https://onlinelibrary.wiley.com/journal/17549469,0.6
1149,Studies in Family Planning,17284465,Social & Behavioral Sciences,Population & Demography,https://onlinelibrary.wiley.com/journal/17284465,2.1
1150,Suicide and Life-Threatening Behavior,1943278X,"Nursing, Dentistry & Healthcare",Mental Health,https://onlinelibrary.wiley.com/journal/1943278X,3.2
1151,Support for Learning,14679604,Social & Behavioral Sciences,Special Educational Needs,https://onlinelibrary.wiley.com/journal/14679604,0.8
1152,Surface and Interface Analysis,10969918,Physical Sciences & Engineering,"Thin Films, Surfaces & Interfaces",https://onlinelibrary.wiley.com/journal/10969918,1.7
1153,Surgical Practice,17441633,Medicine,Surgery & Surgical Specialties,https://onlinelibrary.wiley.com/journal/17441633,0.8
1154,Sustainable Development,10991719,Social & Behavioral Sciences,General & Introductory Development Studies,https://onlinelibrary.wiley.com/journal/10991719,12.5
1155,Swiss Political Science Review,16626370,Social & Behavioral Sciences,General & Introductory Political Science,https://onlinelibrary.wiley.com/journal/16626370,2.1
1156,Symbolic Interaction,15338665,Social & Behavioral Sciences,General Sociology,https://onlinelibrary.wiley.com/journal/15338665,1.6
1157,Synapse,10982396,Life Sciences,Neuroscience,https://onlinelibrary.wiley.com/journal/10982396,2.3
1158,Syntax,14679612,Humanities,Syntax,https://onlinelibrary.wiley.com/journal/14679612,0.8
1159,System Dynamics Review,10991727,"Business, Economics, Finance & Accounting",Management,https://onlinelibrary.wiley.com/journal/10991727,4.8
1160,Systematic Entomology,13653113,Life Sciences,Entomology,https://onlinelibrary.wiley.com/journal/13653113,4.8
1161,Systems Engineering,15206858,Physical Sciences & Engineering,Systems Engineering & Management,https://onlinelibrary.wiley.com/journal/15206858,2
1162,Systems Research and Behavioral Science,10991743,"Business, Economics, Finance & Accounting",Management,https://onlinelibrary.wiley.com/journal/10991743a,2.7
1163,TAXON,19968175,Life Sciences,Plant Science,https://onlinelibrary.wiley.com/journal/19968175,3.4
1164,Teaching Statistics,14679639,Mathematics & Statistics,General & Introductory Statistics,https://onlinelibrary.wiley.com/journal/14679639,0.8
1165,Teaching Theology & Religion,14679647,Humanities,General & Introductory Religion & Theology,https://onlinelibrary.wiley.com/journal/14679647,0.3
1166,Tectonics,19449194,"Earth, Space & Environmental Sciences",Structural Geology & Tectonics,https://agupubs.onlinelibrary.wiley.com/journal/19449194,4.2
1167,Terra Nova,13653121,"Earth, Space & Environmental Sciences",Geology & Geophysics,https://onlinelibrary.wiley.com/journal/13653121,2.4
1168,TESOL Journal,19493533,Humanities,Educational Linguistics,https://onlinelibrary.wiley.com/journal/19493533,1.4
1169,TESOL Quarterly,15457249,Humanities,Educational Linguistics,https://onlinelibrary.wiley.com/journal/15457249,3.2
1170,The American Journal of Economics and Sociology,15367150,"Business, Economics, Finance & Accounting",Economic History,https://onlinelibrary.wiley.com/journal/15367150,0.8
1171,The American Journal on Addictions,15210391,"Nursing, Dentistry & Healthcare",Addiction,https://onlinelibrary.wiley.com/journal/15210391,3.7
1172,The Anatomical Record,19328494,Life Sciences,Anatomy & Physiology,https://onlinelibrary.wiley.com/journal/19328494,2
1173,The Australian Economic Review,14678462,"Business, Economics, Finance & Accounting",General & Introductory Economics,https://onlinelibrary.wiley.com/journal/14678462,1
1174,The Australian Journal of Agricultural and Resource Economics,14678489,"Agriculture, Aquaculture & Food Science",Agricultural Economics & Resource Management,https://onlinelibrary.wiley.com/journal/14678489,3.2
1175,The Australian Journal of Anthropology,17576547,Social & Behavioral Sciences,General & Introductory Anthropology,https://onlinelibrary.wiley.com/journal/17576547,0.8
1176,The British Journal of Sociology,14684446,Social & Behavioral Sciences,General Sociology,https://onlinelibrary.wiley.com/journal/14684446,2.1
1177,The Canadian Journal of Chemical Engineering,1939019X,Chemistry,General & Introductory Chemical Engineering,https://onlinelibrary.wiley.com/journal/1939019X,2.1
1178,The Canadian Journal of Statistics/La revue canadienne de statistique,1708945X,Mathematics & Statistics,General & Introductory Statistics,https://onlinelibrary.wiley.com/journal/1708945X,0.6
1179,The Career Development Quarterly,21610045,Psychology,Psychotherapy & Counseling,https://onlinelibrary.wiley.com/journal/21610045,2.1
1180,The Chemical Record,15280691,Chemistry,General Chemistry,https://onlinelibrary.wiley.com/journal/15280691,6.6
1181,The Clinical Teacher,1743498X,Medicine,Medical Professional Development,https://onlinelibrary.wiley.com/journal/1743498X,1.8
1182,The Curriculum Journal,14693704,Social & Behavioral Sciences,General & Introductory Education,https://onlinelibrary.wiley.com/journal/14693704,1.6
1183,The Developing Economies,17461049,"Business, Economics, Finance & Accounting",Economic Development,https://onlinelibrary.wiley.com/journal/17461049,2.2
1184,The Economic History Review,14680289,"Business, Economics, Finance & Accounting",Economic History,https://onlinelibrary.wiley.com/journal/14680289,2.2
1185,The Ecumenical Review,17586623,Humanities,General & Introductory Religion & Theology,https://onlinelibrary.wiley.com/journal/17586623,0.2
1186,The Electronic Journal of Information Systems in Developing Countries,16814835,Computer Science  & Information Technology,Information & Library Science,https://onlinelibrary.wiley.com/journal/16814835,1.3
1187,The FASEB Journal,15306860,Life Sciences,General Biology,https://onlinelibrary.wiley.com/journal/15306860,4.8
1188,The FEBS Journal,17424658,Life Sciences,Biochemistry,https://febs.onlinelibrary.wiley.com/journal/17424658,5.4
1189,The Financial Review,15406288,"Business, Economics, Finance & Accounting",General Finance & Investments,https://onlinelibrary.wiley.com/journal/15406288,3.2
1190,The Geographical Journal,14754959,Social & Behavioral Sciences,General & Introductory Geography,https://onlinelibrary.wiley.com/journal/14754959,3
1191,The German Quarterly,17561183,Humanities,Cultural Studies General,https://onlinelibrary.wiley.com/journal/17561183,0.3
1192,The Heythrop Journal,14682265,Humanities,General & Introductory Religion & Theology,https://onlinelibrary.wiley.com/journal/14682265,0.1
1193,The Howard Journal of Crime and Justice,20591101,Law & Criminology,General & Introductory Law,https://onlinelibrary.wiley.com/journal/20591101,0
1194,The International Journal of Health Planning and Management,10991751,"Nursing, Dentistry & Healthcare",Public Health Services & Policy,https://onlinelibrary.wiley.com/journal/10991751,2.7
1195,The International Journal of Medical Robotics and Computer Assisted Surgery,1478596X,Medicine,Surgery & Surgical Specialties,https://onlinelibrary.wiley.com/journal/1478596X,2.5
1196,The Journal of American Culture,1542734X,Humanities,American Studies,https://onlinelibrary.wiley.com/journal/1542734X,0
1197,The Journal of Clinical Pharmacology,15524604,Medicine,Clinical Pharmacology & Therapeutics,https://accp1.onlinelibrary.wiley.com/journal/15524604,2.9
1198,The Journal of Comparative Neurology,10969861,Life Sciences,Neurosystems,https://onlinelibrary.wiley.com/journal/10969861,2.5
1199,The Journal of Creative Behavior,21626057,Psychology,Cognitive Psychology,https://onlinelibrary.wiley.com/journal/21626057,3.9
1200,The Journal of Dermatology,13468138,Medicine,Dermatology,https://onlinelibrary.wiley.com/journal/13468138,3.1
1201,The Journal of Finance,15406261,"Business, Economics, Finance & Accounting",General Finance & Investments,https://onlinelibrary.wiley.com/journal/15406261,8
1202,The Journal of Futures Markets,10969934,"Business, Economics, Finance & Accounting",General Finance & Investments,https://onlinelibrary.wiley.com/journal/10969934,1.9
1203,The Journal of Gene Medicine,15212254,Life Sciences,DNA & RNA Therapies,https://onlinelibrary.wiley.com/journal/15212254,3.5
1204,The Journal of Humanistic Counseling,21611939,Psychology,Psychotherapy & Counseling,https://onlinelibrary.wiley.com/journal/21611939,0.9
1205,The Journal of Industrial Economics,14676451,"Business, Economics, Finance & Accounting",General & Introductory Economics,https://onlinelibrary.wiley.com/journal/14676451,1.3
1206,The Journal of Latin American and Caribbean Anthropology,19354940,Social & Behavioral Sciences,Latin- & Meso-American Anthropology,https://anthrosource.onlinelibrary.wiley.com/journal/19354940,1.3
1207,The Journal of Pathology,10969896,Medicine,Pathology,https://onlinelibrary.wiley.com/journal/10969896,7.3
1208,The Journal of Physiology,14697793,Life Sciences,Anatomy & Physiology,https://physoc.onlinelibrary.wiley.com/journal/14697793,5.5
1209,The Journal of Popular Culture,15405931,Humanities,Popular Culture,https://onlinelibrary.wiley.com/journal/15405931,0.2
1210,The Journal of Rural Health,17480361,"Nursing, Dentistry & Healthcare",Consumer Health General,https://onlinelibrary.wiley.com/journal/17480361,4.9
1211,The Journal of Wildlife Management,19372817,Life Sciences,Conservation Science,https://onlinelibrary.wiley.com/journal/19372817,2.3
1212,The Journal of World Intellectual Property,17471796,Law & Criminology,General & Introductory Law,https://onlinelibrary.wiley.com/journal/17471796,0.5
1213,The Laryngoscope,15314995,Medicine,"Otolaryngology (Ear, Nose & Throat)",https://onlinelibrary.wiley.com/journal/15314995,2.6
1214,The Manchester School,14679957,"Business, Economics, Finance & Accounting",General & Introductory Economics,https://onlinelibrary.wiley.com/journal/14679957,1.1
1215,The Milbank Quarterly,14680009,"Nursing, Dentistry & Healthcare",Health & Social Care,https://onlinelibrary.wiley.com/journal/14680009,6.6
1216,The Modern Language Journal,15404781,Humanities,Applied Linguistics,https://onlinelibrary.wiley.com/journal/15404781,4.9
1217,The Modern Law Review,14682230,Law & Criminology,General & Introductory Law,https://onlinelibrary.wiley.com/journal/14682230,0.9
1218,The Muslim World,14781913,Humanities,Islam,https://onlinelibrary.wiley.com/journal/14781913,0.2
1219,The Obstetrician & Gynaecologist,17444667,Medicine,Obstetrics,https://obgyn.onlinelibrary.wiley.com/journal/17444667,1.4
1220,The Philosophical Forum,14679191,Humanities,General Philosophy,https://onlinelibrary.wiley.com/journal/14679191,0.3
1221,The Photogrammetric Record,14779730,"Earth, Space & Environmental Sciences",GIS & Remote Sensing,https://onlinelibrary.wiley.com/journal/14779730,2.4
1222,The Plant Journal,1365313X,Life Sciences,Plant Science,https://onlinelibrary.wiley.com/journal/1365313X,7.2
1223,The Political Quarterly,1467923X,Social & Behavioral Sciences,General & Introductory Political Science,https://onlinelibrary.wiley.com/journal/1467923X,2
1224,The Prostate,10970045,Medicine,Urology,https://onlinelibrary.wiley.com/journal/10970045,2.8
1225,The RAND Journal of Economics,17562171,"Business, Economics, Finance & Accounting",General & Introductory Economics,https://onlinelibrary.wiley.com/journal/17562171,2.3
1226,The Reading Teacher,19362714,Social & Behavioral Sciences,Literacy & Reading,https://ila.onlinelibrary.wiley.com/journal/19362714,1.3
1227,The Russian Review,14679434,Humanities,Cultural Studies General,https://onlinelibrary.wiley.com/journal/14679434,0.2
1228,The Scandinavian Journal of Economics,14679442,"Business, Economics, Finance & Accounting",General & Introductory Economics,https://onlinelibrary.wiley.com/journal/14679442,1.1
1229,The Southern Journal of Philosophy,20416962,Humanities,General Philosophy,https://onlinelibrary.wiley.com/journal/20416962,0.5
1230,The Structural Design of Tall and Special Buildings,15417808,Physical Sciences & Engineering,Structural & Building Engineering,https://onlinelibrary.wiley.com/journal/15417808,2.4
1231,The World Economy,14679701,"Business, Economics, Finance & Accounting",General & Introductory Economics,https://onlinelibrary.wiley.com/journal/14679701,2.5
1232,Theoria,17552567,Humanities,General Philosophy,https://onlinelibrary.wiley.com/journal/17552567,0.5
1233,Therapeutic Apheresis and Dialysis,17449987,Medicine,Nephrology,https://onlinelibrary.wiley.com/journal/17449987,1.9
1234,Thunderbird International Business Review,15206874,"Business, Economics, Finance & Accounting",International Management,https://onlinelibrary.wiley.com/journal/15206874,2.2
1235,Tijdschrift voor Economische en Sociale Geografie,14679663,Social & Behavioral Sciences,General & Introductory Geography,https://onlinelibrary.wiley.com/journal/14679663,4.8
1236,Topics in Cognitive Science,17568765,Psychology,Cognitive Science,https://onlinelibrary.wiley.com/journal/17568765,3
1237,Traditional & Kampo Medicine,20534515,Medicine,Pharmacology & Pharmaceutical Medicine,https://onlinelibrary.wiley.com/journal/20534515,0.9
1238,Traffic,16000854,Life Sciences,Cell & Molecular Biology,https://onlinelibrary.wiley.com/journal/16000854,4.5
1239,Transactions in GIS,14679671,"Earth, Space & Environmental Sciences",GIS & Remote Sensing,https://onlinelibrary.wiley.com/journal/14679671,2.4
1240,Transactions of the Institute of British Geographers,14755661,Social & Behavioral Sciences,General & Introductory Geography,https://onlinelibrary.wiley.com/journal/14755661,3.3
1241,Transactions of the Philological Society,1467968X,Humanities,General & Introductory Linguistics,https://onlinelibrary.wiley.com/journal/1467968X,0.3
1242,Transactions on Emerging Telecommunications Technologies,21613915,Physical Sciences & Engineering,Communication Technology,https://onlinelibrary.wiley.com/journal/21613915,3.6
1243,Transfusion,15372995,Medicine,Hematology,https://onlinelibrary.wiley.com/journal/15372995,2.9
1244,Transfusion Medicine,13653148,Medicine,Blood Transfusion,https://onlinelibrary.wiley.com/journal/13653148,1.5
1245,Transplant Infectious Disease,13993062,Medicine,Transplantation,https://onlinelibrary.wiley.com/journal/13993062,2.6
1246,Transportation Journal,2157328X,"Business, Economics, Finance & Accounting",Transportation,https://onlinelibrary.wiley.com/journal/2157328X,0
1247,Tropical Medicine & International Health,13653156,Life Sciences,Infectious Disease,https://onlinelibrary.wiley.com/journal/13653156,3.3
1248,Ultrasound in Obstetrics & Gynecology,14690705,Medicine,Obstetrics & Gynecology,https://obgyn.onlinelibrary.wiley.com/journal/14690705,7.1
1249,Veterinary and Comparative Oncology,14765829,Veterinary Medicine,General & Introductory Veterinary Medicine,https://onlinelibrary.wiley.com/journal/14765829,2.1
1250,Veterinary Clinical Pathology,1939165X,Veterinary Medicine,General & Introductory Veterinary Medicine,https://onlinelibrary.wiley.com/journal/1939165X,1.2
1251,Veterinary Dermatology,13653164,Veterinary Medicine,Veterinary Dermatology,https://onlinelibrary.wiley.com/journal/13653164,1.4
1252,Veterinary Ophthalmology,14635224,Veterinary Medicine,General & Introductory Veterinary Medicine,https://onlinelibrary.wiley.com/journal/14635224,1.6
1253,Veterinary Radiology & Ultrasound,17408261,Veterinary Medicine,Veterinary Imaging,https://onlinelibrary.wiley.com/journal/17408261,1.7
1254,Veterinary Record,20427670,Veterinary Medicine,General & Introductory Veterinary Medicine,https://onlinelibrary.wiley.com/journal/20427670,2.2
1255,Veterinary Record Case Reports,20526121,Veterinary Medicine,General & Introductory Veterinary Medicine,https://onlinelibrary.wiley.com/journal/20526121,0.3
1256,Veterinary Surgery,1532950X,Veterinary Medicine,General & Introductory Veterinary Medicine,https://onlinelibrary.wiley.com/journal/1532950X,1.8
1257,Vietnam Journal of Chemistry,25728288,Chemistry,General Chemistry,https://onlinelibrary.wiley.com/journal/25728288,0.9
1258,Visual Anthropology Review,15487458,Social & Behavioral Sciences,Anthropology of Art & Media,https://anthrosource.onlinelibrary.wiley.com/journal/15487458,0.8
1259,Vox Sanguinis,14230410,Medicine,Blood Transfusion,https://onlinelibrary.wiley.com/journal/14230410,2.7
1260,Water and Environment Journal,17476593,"Earth, Space & Environmental Sciences",Water Resource Management,https://onlinelibrary.wiley.com/journal/17476593,2
1261,Water Environment Research,15547531,Physical Sciences & Engineering,Water Resources,https://onlinelibrary.wiley.com/journal/15547531,3.1
1262,Weather,14778696,"Earth, Space & Environmental Sciences",Atmospheric Sciences,https://rmets.onlinelibrary.wiley.com/journal/14778696,1.9
1263,Weed Biology and Management,14456664,"Agriculture, Aquaculture & Food Science","Pests, Diseases & Weeds",https://onlinelibrary.wiley.com/journal/14456664,1.4
1264,Weed Research,13653180,"Agriculture, Aquaculture & Food Science","Pests, Diseases & Weeds",https://onlinelibrary.wiley.com/journal/13653180,1.7
1265,Wildlife Monographs,19385455,Life Sciences,Conservation Science,https://onlinelibrary.wiley.com/journal/19385455,4.4
1266,WIREs Climate Change,17577799,"Earth, Space & Environmental Sciences",Atmospheric Sciences,https://onlinelibrary.wiley.com/journal/17577799,9.2
1267,WIREs Cognitive Science,19395086,Psychology,Cognitive Science,https://onlinelibrary.wiley.com/journal/19395086,3.9
1268,WIREs Computational Molecular Science,17590884,Chemistry,Computational Chemistry & Molecular Modeling,https://onlinelibrary.wiley.com/journal/17590884,11.4
1269,WIREs Computational Statistics,19390068,Mathematics & Statistics,Computational & Graphical Statistics,https://onlinelibrary.wiley.com/journal/19390068,3.2
1270,WIREs Data Mining and Knowledge Discovery,19424795,Computer Science  & Information Technology,Data Mining & Knowledge Discovery,https://onlinelibrary.wiley.com/journal/19424795,7.8
1271,WIREs Energy and Environment,2041840X,Physical Sciences & Engineering,Energy & Environmental Impact,https://onlinelibrary.wiley.com/journal/2041840X,6.1
1272,WIREs Forensic Science,25739468,Life Sciences,Forensic Science,https://onlinelibrary.wiley.com/journal/25739468,1.3
1273,WIREs Mechanisms of Disease,26929368,Medicine,Physiology,https://onlinelibrary.wiley.com/journal/26929368,3.1
1274,WIREs Nanomedicine and Nanobiotechnology,19390041,Physical Sciences & Engineering,Nanobiotechnology,https://onlinelibrary.wiley.com/journal/19390041,8.6
1275,WIREs RNA,17577012,Life Sciences,Biochemistry,https://onlinelibrary.wiley.com/journal/17577012,7.3
1276,WIREs Water,20491948,"Earth, Space & Environmental Sciences",General & Introductory Earth Sciences,https://onlinelibrary.wiley.com/journal/20491948,8.2
1277,World Affairs,19401582,Social & Behavioral Sciences,Current Affairs,https://onlinelibrary.wiley.com/journal/19401582,0
1278,World Englishes,1467971X,Humanities,Modern & World English,https://onlinelibrary.wiley.com/journal/1467971X,1.6
1279,World Food Policy,23728639,Social & Behavioral Sciences,Public Policy & Administration,https://onlinelibrary.wiley.com/journal/23728639,0
1280,World Journal of Surgery,14322323,Medicine,Surgery & Surgical Specialties,https://onlinelibrary.wiley.com/journal/14322323,0
1281,World Medical & Health Policy,19484682,Social & Behavioral Sciences,Public Policy & Administration,https://onlinelibrary.wiley.com/journal/19484682,4.1
1282,World Water Policy,2639541X,Social & Behavioral Sciences,Public Policy & Administration,https://onlinelibrary.wiley.com/journal/2639541X,0
1283,Worldviews on Evidence-Based Nursing,17416787,"Nursing, Dentistry & Healthcare",Evidence-based Practice,https://sigmapubs.onlinelibrary.wiley.com/journal/17416787,4.3
1284,Wound Repair and Regeneration,1524475X,Medicine,Dermatology,https://onlinelibrary.wiley.com/journal/1524475X,2.9
1285,X-Ray Spectrometry,10974539,Chemistry,Spectroscopy,https://onlinelibrary.wiley.com/journal/10974539,1.2
1286,Xenotransplantation,13993089,Medicine,Transplantation,https://onlinelibrary.wiley.com/journal/13993089,3.9
1287,Yeast,10970061,Life Sciences,Microbiology & Virology,https://onlinelibrary.wiley.com/journal/10970061,2.6
1288,ZAMM - Journal of Applied Mathematics and Mechanics,15214001,Mathematics & Statistics,General & Introductory Mathematics,https://onlinelibrary.wiley.com/journal/15214001,2.3
1289,Zeitschrift für anorganische und allgemeine Chemie,15213749,Chemistry,Inorganic Chemistry,https://onlinelibrary.wiley.com/journal/15213749,1.4
1290,Zoo Biology,10982361,Life Sciences,Animal Science & Zoology,https://onlinelibrary.wiley.com/journal/10982361,1.3
1291,Zoologica Scripta,14636409,Life Sciences,Evolution,https://onlinelibrary.wiley.com/journal/14636409,2.5
1292,Zoonoses and Public Health,18632378,Life Sciences,Microbiology & Virology,https://onlinelibrary.wiley.com/journal/18632378,2.4